id,status,grade,candidate_count,reason
train-000000,unprocessed,,0,not_selected_or_gate_blocked
train-000001,unprocessed,,0,not_selected_or_gate_blocked
train-000002,unprocessed,,0,not_selected_or_gate_blocked
train-000003,unprocessed,,0,not_selected_or_gate_blocked
train-000004,unprocessed,,0,not_selected_or_gate_blocked
train-000005,unprocessed,,0,not_selected_or_gate_blocked
train-000007,unprocessed,,0,not_selected_or_gate_blocked
train-000009,unprocessed,,0,not_selected_or_gate_blocked
train-000010,unprocessed,,0,not_selected_or_gate_blocked
train-000011,unprocessed,,0,not_selected_or_gate_blocked
train-000012,unprocessed,,0,not_selected_or_gate_blocked
train-000016,unprocessed,,0,not_selected_or_gate_blocked
train-000019,unprocessed,,0,not_selected_or_gate_blocked
train-000020,unprocessed,,0,not_selected_or_gate_blocked
train-000021,unprocessed,,0,not_selected_or_gate_blocked
train-000022,unprocessed,,0,not_selected_or_gate_blocked
train-000023,unprocessed,,0,not_selected_or_gate_blocked
train-000024,unprocessed,,0,not_selected_or_gate_blocked
train-000025,unprocessed,,0,not_selected_or_gate_blocked
train-000026,unprocessed,,0,not_selected_or_gate_blocked
train-000027,unprocessed,,0,not_selected_or_gate_blocked
train-000029,unprocessed,,0,not_selected_or_gate_blocked
train-000030,unprocessed,,0,not_selected_or_gate_blocked
train-000031,unprocessed,,0,not_selected_or_gate_blocked
train-000032,unprocessed,,0,not_selected_or_gate_blocked
train-000033,unprocessed,,0,not_selected_or_gate_blocked
train-000037,unprocessed,,0,not_selected_or_gate_blocked
train-000039,unprocessed,,0,not_selected_or_gate_blocked
train-000040,unprocessed,,0,not_selected_or_gate_blocked
train-000042,unprocessed,,0,not_selected_or_gate_blocked
train-000043,unprocessed,,0,not_selected_or_gate_blocked
train-000044,unprocessed,,0,not_selected_or_gate_blocked
train-000045,unprocessed,,0,not_selected_or_gate_blocked
train-000049,unprocessed,,0,not_selected_or_gate_blocked
train-000050,unprocessed,,0,not_selected_or_gate_blocked
train-000051,unprocessed,,0,not_selected_or_gate_blocked
train-000052,unprocessed,,0,not_selected_or_gate_blocked
train-000053,unprocessed,,0,not_selected_or_gate_blocked
train-000054,unprocessed,,0,not_selected_or_gate_blocked
train-000055,unprocessed,,0,not_selected_or_gate_blocked
train-000058,unprocessed,,0,not_selected_or_gate_blocked
train-000059,unprocessed,,0,not_selected_or_gate_blocked
train-000060,unprocessed,,0,not_selected_or_gate_blocked
train-000061,unprocessed,,0,not_selected_or_gate_blocked
train-000065,unprocessed,,0,not_selected_or_gate_blocked
train-000067,unprocessed,,0,not_selected_or_gate_blocked
train-000068,unprocessed,,0,not_selected_or_gate_blocked
train-000070,unprocessed,,0,not_selected_or_gate_blocked
train-000071,unprocessed,,0,not_selected_or_gate_blocked
train-000072,unprocessed,,0,not_selected_or_gate_blocked
train-000073,unprocessed,,0,not_selected_or_gate_blocked
train-000075,unprocessed,,0,not_selected_or_gate_blocked
train-000076,unprocessed,,0,not_selected_or_gate_blocked
train-000079,unprocessed,,0,not_selected_or_gate_blocked
train-000080,unprocessed,,0,not_selected_or_gate_blocked
train-000082,unprocessed,,0,not_selected_or_gate_blocked
train-000084,unprocessed,,0,not_selected_or_gate_blocked
train-000086,unprocessed,,0,not_selected_or_gate_blocked
train-000087,unprocessed,,0,not_selected_or_gate_blocked
train-000089,unprocessed,,0,not_selected_or_gate_blocked
train-000091,unprocessed,,0,not_selected_or_gate_blocked
train-000092,unprocessed,,0,not_selected_or_gate_blocked
train-000093,unprocessed,,0,not_selected_or_gate_blocked
train-000094,unprocessed,,0,not_selected_or_gate_blocked
train-000095,unprocessed,,0,not_selected_or_gate_blocked
train-000096,unprocessed,,0,not_selected_or_gate_blocked
train-000097,unprocessed,,0,not_selected_or_gate_blocked
train-000098,unprocessed,,0,not_selected_or_gate_blocked
train-000100,unprocessed,,0,not_selected_or_gate_blocked
train-000101,unprocessed,,0,not_selected_or_gate_blocked
train-000102,unprocessed,,0,not_selected_or_gate_blocked
train-000105,unprocessed,,0,not_selected_or_gate_blocked
train-000106,unprocessed,,0,not_selected_or_gate_blocked
train-000107,unprocessed,,0,not_selected_or_gate_blocked
train-000109,unprocessed,,0,not_selected_or_gate_blocked
train-000110,unprocessed,,0,not_selected_or_gate_blocked
train-000111,unprocessed,,0,not_selected_or_gate_blocked
train-000112,unprocessed,,0,not_selected_or_gate_blocked
train-000114,unprocessed,,0,not_selected_or_gate_blocked
train-000115,unprocessed,,0,not_selected_or_gate_blocked
train-000116,unprocessed,,0,not_selected_or_gate_blocked
train-000117,unprocessed,,0,not_selected_or_gate_blocked
train-000118,unprocessed,,0,not_selected_or_gate_blocked
train-000119,unprocessed,,0,not_selected_or_gate_blocked
train-000120,unprocessed,,0,not_selected_or_gate_blocked
train-000121,unprocessed,,0,not_selected_or_gate_blocked
train-000122,unprocessed,,0,not_selected_or_gate_blocked
train-000123,unprocessed,,0,not_selected_or_gate_blocked
train-000124,unprocessed,,0,not_selected_or_gate_blocked
train-000125,unprocessed,,0,not_selected_or_gate_blocked
train-000126,unprocessed,,0,not_selected_or_gate_blocked
train-000127,unprocessed,,0,not_selected_or_gate_blocked
train-000128,unprocessed,,0,not_selected_or_gate_blocked
train-000129,unprocessed,,0,not_selected_or_gate_blocked
train-000131,unprocessed,,0,not_selected_or_gate_blocked
train-000132,unprocessed,,0,not_selected_or_gate_blocked
train-000133,unprocessed,,0,not_selected_or_gate_blocked
train-000134,unprocessed,,0,not_selected_or_gate_blocked
train-000135,unprocessed,,0,not_selected_or_gate_blocked
train-000136,unprocessed,,0,not_selected_or_gate_blocked
train-000138,unprocessed,,0,not_selected_or_gate_blocked
train-000139,unprocessed,,0,not_selected_or_gate_blocked
train-000140,unprocessed,,0,not_selected_or_gate_blocked
train-000141,unprocessed,,0,not_selected_or_gate_blocked
train-000142,unprocessed,,0,not_selected_or_gate_blocked
train-000145,unprocessed,,0,not_selected_or_gate_blocked
train-000146,unprocessed,,0,not_selected_or_gate_blocked
train-000147,unprocessed,,0,not_selected_or_gate_blocked
train-000148,unprocessed,,0,not_selected_or_gate_blocked
train-000152,unprocessed,,0,not_selected_or_gate_blocked
train-000154,unprocessed,,0,not_selected_or_gate_blocked
train-000156,unprocessed,,0,not_selected_or_gate_blocked
train-000157,unprocessed,,0,not_selected_or_gate_blocked
train-000159,unprocessed,,0,not_selected_or_gate_blocked
train-000161,unprocessed,,0,not_selected_or_gate_blocked
train-000162,unprocessed,,0,not_selected_or_gate_blocked
train-000165,unprocessed,,0,not_selected_or_gate_blocked
train-000166,unprocessed,,0,not_selected_or_gate_blocked
train-000167,unprocessed,,0,not_selected_or_gate_blocked
train-000168,unprocessed,,0,not_selected_or_gate_blocked
train-000169,unprocessed,,0,not_selected_or_gate_blocked
train-000170,unprocessed,,0,not_selected_or_gate_blocked
train-000171,unprocessed,,0,not_selected_or_gate_blocked
train-000174,unprocessed,,0,not_selected_or_gate_blocked
train-000175,unprocessed,,0,not_selected_or_gate_blocked
train-000179,unprocessed,,0,not_selected_or_gate_blocked
train-000180,unprocessed,,0,not_selected_or_gate_blocked
train-000181,unprocessed,,0,not_selected_or_gate_blocked
train-000182,unprocessed,,0,not_selected_or_gate_blocked
train-000183,unprocessed,,0,not_selected_or_gate_blocked
train-000184,unprocessed,,0,not_selected_or_gate_blocked
train-000185,unprocessed,,0,not_selected_or_gate_blocked
train-000186,unprocessed,,0,not_selected_or_gate_blocked
train-000187,unprocessed,,0,not_selected_or_gate_blocked
train-000190,unprocessed,,0,not_selected_or_gate_blocked
train-000191,unprocessed,,0,not_selected_or_gate_blocked
train-000192,unprocessed,,0,not_selected_or_gate_blocked
train-000194,unprocessed,,0,not_selected_or_gate_blocked
train-000195,unprocessed,,0,not_selected_or_gate_blocked
train-000197,unprocessed,,0,not_selected_or_gate_blocked
train-000198,unprocessed,,0,not_selected_or_gate_blocked
train-000199,unprocessed,,0,not_selected_or_gate_blocked
train-000200,unprocessed,,0,not_selected_or_gate_blocked
train-000201,unprocessed,,0,not_selected_or_gate_blocked
train-000203,unprocessed,,0,not_selected_or_gate_blocked
train-000204,unprocessed,,0,not_selected_or_gate_blocked
train-000205,unprocessed,,0,not_selected_or_gate_blocked
train-000206,unprocessed,,0,not_selected_or_gate_blocked
train-000207,unprocessed,,0,not_selected_or_gate_blocked
train-000208,unprocessed,,0,not_selected_or_gate_blocked
train-000209,unprocessed,,0,not_selected_or_gate_blocked
train-000215,unprocessed,,0,not_selected_or_gate_blocked
train-000216,unprocessed,,0,not_selected_or_gate_blocked
train-000217,unprocessed,,0,not_selected_or_gate_blocked
train-000218,unprocessed,,0,not_selected_or_gate_blocked
train-000219,unprocessed,,0,not_selected_or_gate_blocked
train-000220,unprocessed,,0,not_selected_or_gate_blocked
train-000223,unprocessed,,0,not_selected_or_gate_blocked
train-000226,unprocessed,,0,not_selected_or_gate_blocked
train-000227,unprocessed,,0,not_selected_or_gate_blocked
train-000228,unprocessed,,0,not_selected_or_gate_blocked
train-000229,unprocessed,,0,not_selected_or_gate_blocked
train-000230,unprocessed,,0,not_selected_or_gate_blocked
train-000232,unprocessed,,0,not_selected_or_gate_blocked
train-000233,unprocessed,,0,not_selected_or_gate_blocked
train-000235,unprocessed,,0,not_selected_or_gate_blocked
train-000236,unprocessed,,0,not_selected_or_gate_blocked
train-000238,unprocessed,,0,not_selected_or_gate_blocked
train-000240,unprocessed,,0,not_selected_or_gate_blocked
train-000241,unprocessed,,0,not_selected_or_gate_blocked
train-000243,unprocessed,,0,not_selected_or_gate_blocked
train-000244,unprocessed,,0,not_selected_or_gate_blocked
train-000245,unprocessed,,0,not_selected_or_gate_blocked
train-000247,unprocessed,,0,not_selected_or_gate_blocked
train-000248,unprocessed,,0,not_selected_or_gate_blocked
train-000249,unprocessed,,0,not_selected_or_gate_blocked
train-000250,unprocessed,,0,not_selected_or_gate_blocked
train-000251,unprocessed,,0,not_selected_or_gate_blocked
train-000252,unprocessed,,0,not_selected_or_gate_blocked
train-000253,unprocessed,,0,not_selected_or_gate_blocked
train-000254,unprocessed,,0,not_selected_or_gate_blocked
train-000255,unprocessed,,0,not_selected_or_gate_blocked
train-000258,unprocessed,,0,not_selected_or_gate_blocked
train-000259,unprocessed,,0,not_selected_or_gate_blocked
train-000260,unprocessed,,0,not_selected_or_gate_blocked
train-000261,unprocessed,,0,not_selected_or_gate_blocked
train-000262,unprocessed,,0,not_selected_or_gate_blocked
train-000265,unprocessed,,0,not_selected_or_gate_blocked
train-000266,unprocessed,,0,not_selected_or_gate_blocked
train-000267,unprocessed,,0,not_selected_or_gate_blocked
train-000268,unprocessed,,0,not_selected_or_gate_blocked
train-000269,unprocessed,,0,not_selected_or_gate_blocked
train-000271,unprocessed,,0,not_selected_or_gate_blocked
train-000272,unprocessed,,0,not_selected_or_gate_blocked
train-000273,unprocessed,,0,not_selected_or_gate_blocked
train-000274,unprocessed,,0,not_selected_or_gate_blocked
train-000275,unprocessed,,0,not_selected_or_gate_blocked
train-000277,unprocessed,,0,not_selected_or_gate_blocked
train-000278,unprocessed,,0,not_selected_or_gate_blocked
train-000279,unprocessed,,0,not_selected_or_gate_blocked
train-000281,unprocessed,,0,not_selected_or_gate_blocked
train-000283,unprocessed,,0,not_selected_or_gate_blocked
train-000284,unprocessed,,0,not_selected_or_gate_blocked
train-000286,unprocessed,,0,not_selected_or_gate_blocked
train-000287,unprocessed,,0,not_selected_or_gate_blocked
train-000288,unprocessed,,0,not_selected_or_gate_blocked
train-000293,unprocessed,,0,not_selected_or_gate_blocked
train-000296,unprocessed,,0,not_selected_or_gate_blocked
train-000297,unprocessed,,0,not_selected_or_gate_blocked
train-000298,unprocessed,,0,not_selected_or_gate_blocked
train-000299,unprocessed,,0,not_selected_or_gate_blocked
train-000300,unprocessed,,0,not_selected_or_gate_blocked
train-000301,unprocessed,,0,not_selected_or_gate_blocked
train-000302,unprocessed,,0,not_selected_or_gate_blocked
train-000303,unprocessed,,0,not_selected_or_gate_blocked
train-000305,unprocessed,,0,not_selected_or_gate_blocked
train-000307,unprocessed,,0,not_selected_or_gate_blocked
train-000308,unprocessed,,0,not_selected_or_gate_blocked
train-000309,unprocessed,,0,not_selected_or_gate_blocked
train-000310,unprocessed,,0,not_selected_or_gate_blocked
train-000311,unprocessed,,0,not_selected_or_gate_blocked
train-000312,unprocessed,,0,not_selected_or_gate_blocked
train-000313,unprocessed,,0,not_selected_or_gate_blocked
train-000314,unprocessed,,0,not_selected_or_gate_blocked
train-000316,unprocessed,,0,not_selected_or_gate_blocked
train-000317,unprocessed,,0,not_selected_or_gate_blocked
train-000318,unprocessed,,0,not_selected_or_gate_blocked
train-000319,unprocessed,,0,not_selected_or_gate_blocked
train-000320,unprocessed,,0,not_selected_or_gate_blocked
train-000323,unprocessed,,0,not_selected_or_gate_blocked
train-000324,unprocessed,,0,not_selected_or_gate_blocked
train-000325,unprocessed,,0,not_selected_or_gate_blocked
train-000327,unprocessed,,0,not_selected_or_gate_blocked
train-000328,unprocessed,,0,not_selected_or_gate_blocked
train-000330,unprocessed,,0,not_selected_or_gate_blocked
train-000331,unprocessed,,0,not_selected_or_gate_blocked
train-000332,unprocessed,,0,not_selected_or_gate_blocked
train-000333,unprocessed,,0,not_selected_or_gate_blocked
train-000334,unprocessed,,0,not_selected_or_gate_blocked
train-000335,unprocessed,,0,not_selected_or_gate_blocked
train-000336,unprocessed,,0,not_selected_or_gate_blocked
train-000337,unprocessed,,0,not_selected_or_gate_blocked
train-000338,unprocessed,,0,not_selected_or_gate_blocked
train-000340,unprocessed,,0,not_selected_or_gate_blocked
train-000342,unprocessed,,0,not_selected_or_gate_blocked
train-000343,unprocessed,,0,not_selected_or_gate_blocked
train-000345,unprocessed,,0,not_selected_or_gate_blocked
train-000346,unprocessed,,0,not_selected_or_gate_blocked
train-000348,unprocessed,,0,not_selected_or_gate_blocked
train-000349,unprocessed,,0,not_selected_or_gate_blocked
train-000350,unprocessed,,0,not_selected_or_gate_blocked
train-000351,unprocessed,,0,not_selected_or_gate_blocked
train-000352,unprocessed,,0,not_selected_or_gate_blocked
train-000353,unprocessed,,0,not_selected_or_gate_blocked
train-000354,unprocessed,,0,not_selected_or_gate_blocked
train-000356,unprocessed,,0,not_selected_or_gate_blocked
train-000360,unprocessed,,0,not_selected_or_gate_blocked
train-000361,unprocessed,,0,not_selected_or_gate_blocked
train-000362,unprocessed,,0,not_selected_or_gate_blocked
train-000364,unprocessed,,0,not_selected_or_gate_blocked
train-000365,unprocessed,,0,not_selected_or_gate_blocked
train-000366,unprocessed,,0,not_selected_or_gate_blocked
train-000367,unprocessed,,0,not_selected_or_gate_blocked
train-000368,unprocessed,,0,not_selected_or_gate_blocked
train-000369,unprocessed,,0,not_selected_or_gate_blocked
train-000370,unprocessed,,0,not_selected_or_gate_blocked
train-000371,unprocessed,,0,not_selected_or_gate_blocked
train-000373,unprocessed,,0,not_selected_or_gate_blocked
train-000375,unprocessed,,0,not_selected_or_gate_blocked
train-000378,unprocessed,,0,not_selected_or_gate_blocked
train-000382,unprocessed,,0,not_selected_or_gate_blocked
train-000385,unprocessed,,0,not_selected_or_gate_blocked
train-000386,unprocessed,,0,not_selected_or_gate_blocked
train-000387,unprocessed,,0,not_selected_or_gate_blocked
train-000388,unprocessed,,0,not_selected_or_gate_blocked
train-000390,unprocessed,,0,not_selected_or_gate_blocked
train-000391,unprocessed,,0,not_selected_or_gate_blocked
train-000392,unprocessed,,0,not_selected_or_gate_blocked
train-000393,unprocessed,,0,not_selected_or_gate_blocked
train-000394,unprocessed,,0,not_selected_or_gate_blocked
train-000395,unprocessed,,0,not_selected_or_gate_blocked
train-000397,unprocessed,,0,not_selected_or_gate_blocked
train-000398,unprocessed,,0,not_selected_or_gate_blocked
train-000400,unprocessed,,0,not_selected_or_gate_blocked
train-000403,unprocessed,,0,not_selected_or_gate_blocked
train-000404,unprocessed,,0,not_selected_or_gate_blocked
train-000405,unprocessed,,0,not_selected_or_gate_blocked
train-000406,unprocessed,,0,not_selected_or_gate_blocked
train-000407,unprocessed,,0,not_selected_or_gate_blocked
train-000412,unprocessed,,0,not_selected_or_gate_blocked
train-000413,unprocessed,,0,not_selected_or_gate_blocked
train-000414,unprocessed,,0,not_selected_or_gate_blocked
train-000415,unprocessed,,0,not_selected_or_gate_blocked
train-000416,unprocessed,,0,not_selected_or_gate_blocked
train-000417,unprocessed,,0,not_selected_or_gate_blocked
train-000418,unprocessed,,0,not_selected_or_gate_blocked
train-000419,unprocessed,,0,not_selected_or_gate_blocked
train-000420,unprocessed,,0,not_selected_or_gate_blocked
train-000421,unprocessed,,0,not_selected_or_gate_blocked
train-000422,unprocessed,,0,not_selected_or_gate_blocked
train-000423,unprocessed,,0,not_selected_or_gate_blocked
train-000424,unprocessed,,0,not_selected_or_gate_blocked
train-000425,unprocessed,,0,not_selected_or_gate_blocked
train-000427,unprocessed,,0,not_selected_or_gate_blocked
train-000428,unprocessed,,0,not_selected_or_gate_blocked
train-000429,unprocessed,,0,not_selected_or_gate_blocked
train-000430,unprocessed,,0,not_selected_or_gate_blocked
train-000431,unprocessed,,0,not_selected_or_gate_blocked
train-000433,unprocessed,,0,not_selected_or_gate_blocked
train-000434,unprocessed,,0,not_selected_or_gate_blocked
train-000435,unprocessed,,0,not_selected_or_gate_blocked
train-000436,unprocessed,,0,not_selected_or_gate_blocked
train-000437,unprocessed,,0,not_selected_or_gate_blocked
train-000438,unprocessed,,0,not_selected_or_gate_blocked
train-000439,unprocessed,,0,not_selected_or_gate_blocked
train-000441,unprocessed,,0,not_selected_or_gate_blocked
train-000443,unprocessed,,0,not_selected_or_gate_blocked
train-000444,unprocessed,,0,not_selected_or_gate_blocked
train-000445,unprocessed,,0,not_selected_or_gate_blocked
train-000446,unprocessed,,0,not_selected_or_gate_blocked
train-000447,unprocessed,,0,not_selected_or_gate_blocked
train-000448,unprocessed,,0,not_selected_or_gate_blocked
train-000450,unprocessed,,0,not_selected_or_gate_blocked
train-000454,unprocessed,,0,not_selected_or_gate_blocked
train-000456,unprocessed,,0,not_selected_or_gate_blocked
train-000457,unprocessed,,0,not_selected_or_gate_blocked
train-000458,unprocessed,,0,not_selected_or_gate_blocked
train-000459,unprocessed,,0,not_selected_or_gate_blocked
train-000460,unprocessed,,0,not_selected_or_gate_blocked
train-000462,unprocessed,,0,not_selected_or_gate_blocked
train-000466,unprocessed,,0,not_selected_or_gate_blocked
train-000467,unprocessed,,0,not_selected_or_gate_blocked
train-000469,unprocessed,,0,not_selected_or_gate_blocked
train-000470,unprocessed,,0,not_selected_or_gate_blocked
train-000471,unprocessed,,0,not_selected_or_gate_blocked
train-000472,unprocessed,,0,not_selected_or_gate_blocked
train-000473,unprocessed,,0,not_selected_or_gate_blocked
train-000474,unprocessed,,0,not_selected_or_gate_blocked
train-000476,unprocessed,,0,not_selected_or_gate_blocked
train-000478,unprocessed,,0,not_selected_or_gate_blocked
train-000479,unprocessed,,0,not_selected_or_gate_blocked
train-000480,unprocessed,,0,not_selected_or_gate_blocked
train-000484,unprocessed,,0,not_selected_or_gate_blocked
train-000486,unprocessed,,0,not_selected_or_gate_blocked
train-000487,unprocessed,,0,not_selected_or_gate_blocked
train-000488,unprocessed,,0,not_selected_or_gate_blocked
train-000490,unprocessed,,0,not_selected_or_gate_blocked
train-000491,unprocessed,,0,not_selected_or_gate_blocked
train-000493,unprocessed,,0,not_selected_or_gate_blocked
train-000494,unprocessed,,0,not_selected_or_gate_blocked
train-000495,unprocessed,,0,not_selected_or_gate_blocked
train-000497,unprocessed,,0,not_selected_or_gate_blocked
train-000498,unprocessed,,0,not_selected_or_gate_blocked
train-000500,unprocessed,,0,not_selected_or_gate_blocked
train-000502,unprocessed,,0,not_selected_or_gate_blocked
train-000503,unprocessed,,0,not_selected_or_gate_blocked
train-000504,unprocessed,,0,not_selected_or_gate_blocked
train-000505,unprocessed,,0,not_selected_or_gate_blocked
train-000507,unprocessed,,0,not_selected_or_gate_blocked
train-000510,unprocessed,,0,not_selected_or_gate_blocked
train-000511,unprocessed,,0,not_selected_or_gate_blocked
train-000512,unprocessed,,0,not_selected_or_gate_blocked
train-000513,unprocessed,,0,not_selected_or_gate_blocked
train-000514,unprocessed,,0,not_selected_or_gate_blocked
train-000517,unprocessed,,0,not_selected_or_gate_blocked
train-000519,unprocessed,,0,not_selected_or_gate_blocked
train-000520,unprocessed,,0,not_selected_or_gate_blocked
train-000521,unprocessed,,0,not_selected_or_gate_blocked
train-000523,unprocessed,,0,not_selected_or_gate_blocked
train-000524,unprocessed,,0,not_selected_or_gate_blocked
train-000525,unprocessed,,0,not_selected_or_gate_blocked
train-000526,unprocessed,,0,not_selected_or_gate_blocked
train-000527,unprocessed,,0,not_selected_or_gate_blocked
train-000528,unprocessed,,0,not_selected_or_gate_blocked
train-000529,unprocessed,,0,not_selected_or_gate_blocked
train-000530,unprocessed,,0,not_selected_or_gate_blocked
train-000531,unprocessed,,0,not_selected_or_gate_blocked
train-000532,unprocessed,,0,not_selected_or_gate_blocked
train-000533,unprocessed,,0,not_selected_or_gate_blocked
train-000534,unprocessed,,0,not_selected_or_gate_blocked
train-000536,unprocessed,,0,not_selected_or_gate_blocked
train-000537,unprocessed,,0,not_selected_or_gate_blocked
train-000541,unprocessed,,0,not_selected_or_gate_blocked
train-000542,unprocessed,,0,not_selected_or_gate_blocked
train-000545,unprocessed,,0,not_selected_or_gate_blocked
train-000546,unprocessed,,0,not_selected_or_gate_blocked
train-000547,unprocessed,,0,not_selected_or_gate_blocked
train-000548,unprocessed,,0,not_selected_or_gate_blocked
train-000550,unprocessed,,0,not_selected_or_gate_blocked
train-000552,unprocessed,,0,not_selected_or_gate_blocked
train-000553,unprocessed,,0,not_selected_or_gate_blocked
train-000554,unprocessed,,0,not_selected_or_gate_blocked
train-000555,unprocessed,,0,not_selected_or_gate_blocked
train-000557,unprocessed,,0,not_selected_or_gate_blocked
train-000558,unprocessed,,0,not_selected_or_gate_blocked
train-000560,unprocessed,,0,not_selected_or_gate_blocked
train-000561,unprocessed,,0,not_selected_or_gate_blocked
train-000562,unprocessed,,0,not_selected_or_gate_blocked
train-000563,unprocessed,,0,not_selected_or_gate_blocked
train-000564,unprocessed,,0,not_selected_or_gate_blocked
train-000565,unprocessed,,0,not_selected_or_gate_blocked
train-000566,unprocessed,,0,not_selected_or_gate_blocked
train-000567,unprocessed,,0,not_selected_or_gate_blocked
train-000569,unprocessed,,0,not_selected_or_gate_blocked
train-000570,unprocessed,,0,not_selected_or_gate_blocked
train-000571,unprocessed,,0,not_selected_or_gate_blocked
train-000572,unprocessed,,0,not_selected_or_gate_blocked
train-000573,unprocessed,,0,not_selected_or_gate_blocked
train-000574,unprocessed,,0,not_selected_or_gate_blocked
train-000575,unprocessed,,0,not_selected_or_gate_blocked
train-000576,unprocessed,,0,not_selected_or_gate_blocked
train-000578,unprocessed,,0,not_selected_or_gate_blocked
train-000579,unprocessed,,0,not_selected_or_gate_blocked
train-000580,unprocessed,,0,not_selected_or_gate_blocked
train-000582,unprocessed,,0,not_selected_or_gate_blocked
train-000584,unprocessed,,0,not_selected_or_gate_blocked
train-000585,unprocessed,,0,not_selected_or_gate_blocked
train-000586,unprocessed,,0,not_selected_or_gate_blocked
train-000587,unprocessed,,0,not_selected_or_gate_blocked
train-000589,unprocessed,,0,not_selected_or_gate_blocked
train-000590,unprocessed,,0,not_selected_or_gate_blocked
train-000591,unprocessed,,0,not_selected_or_gate_blocked
train-000592,unprocessed,,0,not_selected_or_gate_blocked
train-000594,unprocessed,,0,not_selected_or_gate_blocked
train-000595,unprocessed,,0,not_selected_or_gate_blocked
train-000596,unprocessed,,0,not_selected_or_gate_blocked
train-000597,unprocessed,,0,not_selected_or_gate_blocked
train-000598,unprocessed,,0,not_selected_or_gate_blocked
train-000600,unprocessed,,0,not_selected_or_gate_blocked
train-000601,unprocessed,,0,not_selected_or_gate_blocked
train-000602,unprocessed,,0,not_selected_or_gate_blocked
train-000603,unprocessed,,0,not_selected_or_gate_blocked
train-000604,unprocessed,,0,not_selected_or_gate_blocked
train-000605,unprocessed,,0,not_selected_or_gate_blocked
train-000606,unprocessed,,0,not_selected_or_gate_blocked
train-000607,unprocessed,,0,not_selected_or_gate_blocked
train-000608,unprocessed,,0,not_selected_or_gate_blocked
train-000612,unprocessed,,0,not_selected_or_gate_blocked
train-000613,unprocessed,,0,not_selected_or_gate_blocked
train-000614,unprocessed,,0,not_selected_or_gate_blocked
train-000615,unprocessed,,0,not_selected_or_gate_blocked
train-000616,unprocessed,,0,not_selected_or_gate_blocked
train-000617,unprocessed,,0,not_selected_or_gate_blocked
train-000618,unprocessed,,0,not_selected_or_gate_blocked
train-000619,unprocessed,,0,not_selected_or_gate_blocked
train-000620,unprocessed,,0,not_selected_or_gate_blocked
train-000623,unprocessed,,0,not_selected_or_gate_blocked
train-000627,unprocessed,,0,not_selected_or_gate_blocked
train-000628,unprocessed,,0,not_selected_or_gate_blocked
train-000629,unprocessed,,0,not_selected_or_gate_blocked
train-000631,unprocessed,,0,not_selected_or_gate_blocked
train-000632,unprocessed,,0,not_selected_or_gate_blocked
train-000633,unprocessed,,0,not_selected_or_gate_blocked
train-000634,unprocessed,,0,not_selected_or_gate_blocked
train-000635,unprocessed,,0,not_selected_or_gate_blocked
train-000636,unprocessed,,0,not_selected_or_gate_blocked
train-000637,unprocessed,,0,not_selected_or_gate_blocked
train-000639,unprocessed,,0,not_selected_or_gate_blocked
train-000640,unprocessed,,0,not_selected_or_gate_blocked
train-000641,unprocessed,,0,not_selected_or_gate_blocked
train-000642,unprocessed,,0,not_selected_or_gate_blocked
train-000643,unprocessed,,0,not_selected_or_gate_blocked
train-000644,unprocessed,,0,not_selected_or_gate_blocked
train-000647,unprocessed,,0,not_selected_or_gate_blocked
train-000648,unprocessed,,0,not_selected_or_gate_blocked
train-000649,unprocessed,,0,not_selected_or_gate_blocked
train-000650,unprocessed,,0,not_selected_or_gate_blocked
train-000652,unprocessed,,0,not_selected_or_gate_blocked
train-000654,unprocessed,,0,not_selected_or_gate_blocked
train-000655,unprocessed,,0,not_selected_or_gate_blocked
train-000656,unprocessed,,0,not_selected_or_gate_blocked
train-000657,unprocessed,,0,not_selected_or_gate_blocked
train-000660,unprocessed,,0,not_selected_or_gate_blocked
train-000661,unprocessed,,0,not_selected_or_gate_blocked
train-000662,unprocessed,,0,not_selected_or_gate_blocked
train-000663,unprocessed,,0,not_selected_or_gate_blocked
train-000664,unprocessed,,0,not_selected_or_gate_blocked
train-000667,unprocessed,,0,not_selected_or_gate_blocked
train-000669,unprocessed,,0,not_selected_or_gate_blocked
train-000670,unprocessed,,0,not_selected_or_gate_blocked
train-000671,unprocessed,,0,not_selected_or_gate_blocked
train-000673,unprocessed,,0,not_selected_or_gate_blocked
train-000674,unprocessed,,0,not_selected_or_gate_blocked
train-000675,unprocessed,,0,not_selected_or_gate_blocked
train-000676,unprocessed,,0,not_selected_or_gate_blocked
train-000678,unprocessed,,0,not_selected_or_gate_blocked
train-000679,unprocessed,,0,not_selected_or_gate_blocked
train-000680,unprocessed,,0,not_selected_or_gate_blocked
train-000682,unprocessed,,0,not_selected_or_gate_blocked
train-000683,unprocessed,,0,not_selected_or_gate_blocked
train-000685,unprocessed,,0,not_selected_or_gate_blocked
train-000686,unprocessed,,0,not_selected_or_gate_blocked
train-000687,unprocessed,,0,not_selected_or_gate_blocked
train-000688,unprocessed,,0,not_selected_or_gate_blocked
train-000689,unprocessed,,0,not_selected_or_gate_blocked
train-000690,unprocessed,,0,not_selected_or_gate_blocked
train-000691,unprocessed,,0,not_selected_or_gate_blocked
train-000694,unprocessed,,0,not_selected_or_gate_blocked
train-000695,unprocessed,,0,not_selected_or_gate_blocked
train-000696,unprocessed,,0,not_selected_or_gate_blocked
train-000699,unprocessed,,0,not_selected_or_gate_blocked
train-000700,unprocessed,,0,not_selected_or_gate_blocked
train-000701,unprocessed,,0,not_selected_or_gate_blocked
train-000702,unprocessed,,0,not_selected_or_gate_blocked
train-000705,unprocessed,,0,not_selected_or_gate_blocked
train-000706,unprocessed,,0,not_selected_or_gate_blocked
train-000707,unprocessed,,0,not_selected_or_gate_blocked
train-000709,unprocessed,,0,not_selected_or_gate_blocked
train-000710,unprocessed,,0,not_selected_or_gate_blocked
train-000711,unprocessed,,0,not_selected_or_gate_blocked
train-000712,unprocessed,,0,not_selected_or_gate_blocked
train-000713,unprocessed,,0,not_selected_or_gate_blocked
train-000714,unprocessed,,0,not_selected_or_gate_blocked
train-000715,unprocessed,,0,not_selected_or_gate_blocked
train-000717,unprocessed,,0,not_selected_or_gate_blocked
train-000718,unprocessed,,0,not_selected_or_gate_blocked
train-000719,unprocessed,,0,not_selected_or_gate_blocked
train-000722,unprocessed,,0,not_selected_or_gate_blocked
train-000724,unprocessed,,0,not_selected_or_gate_blocked
train-000725,unprocessed,,0,not_selected_or_gate_blocked
train-000726,unprocessed,,0,not_selected_or_gate_blocked
train-000728,unprocessed,,0,not_selected_or_gate_blocked
train-000729,unprocessed,,0,not_selected_or_gate_blocked
train-000731,unprocessed,,0,not_selected_or_gate_blocked
train-000733,unprocessed,,0,not_selected_or_gate_blocked
train-000734,unprocessed,,0,not_selected_or_gate_blocked
train-000735,unprocessed,,0,not_selected_or_gate_blocked
train-000736,unprocessed,,0,not_selected_or_gate_blocked
train-000739,unprocessed,,0,not_selected_or_gate_blocked
train-000742,unprocessed,,0,not_selected_or_gate_blocked
train-000743,unprocessed,,0,not_selected_or_gate_blocked
train-000744,unprocessed,,0,not_selected_or_gate_blocked
train-000745,unprocessed,,0,not_selected_or_gate_blocked
train-000746,unprocessed,,0,not_selected_or_gate_blocked
train-000749,unprocessed,,0,not_selected_or_gate_blocked
train-000750,unprocessed,,0,not_selected_or_gate_blocked
train-000752,unprocessed,,0,not_selected_or_gate_blocked
train-000753,unprocessed,,0,not_selected_or_gate_blocked
train-000754,unprocessed,,0,not_selected_or_gate_blocked
train-000757,unprocessed,,0,not_selected_or_gate_blocked
train-000759,unprocessed,,0,not_selected_or_gate_blocked
train-000761,unprocessed,,0,not_selected_or_gate_blocked
train-000762,unprocessed,,0,not_selected_or_gate_blocked
train-000764,unprocessed,,0,not_selected_or_gate_blocked
train-000766,unprocessed,,0,not_selected_or_gate_blocked
train-000767,unprocessed,,0,not_selected_or_gate_blocked
train-000768,unprocessed,,0,not_selected_or_gate_blocked
train-000769,unprocessed,,0,not_selected_or_gate_blocked
train-000770,unprocessed,,0,not_selected_or_gate_blocked
train-000771,unprocessed,,0,not_selected_or_gate_blocked
train-000772,unprocessed,,0,not_selected_or_gate_blocked
train-000773,unprocessed,,0,not_selected_or_gate_blocked
train-000776,unprocessed,,0,not_selected_or_gate_blocked
train-000779,unprocessed,,0,not_selected_or_gate_blocked
train-000783,unprocessed,,0,not_selected_or_gate_blocked
train-000784,unprocessed,,0,not_selected_or_gate_blocked
train-000787,unprocessed,,0,not_selected_or_gate_blocked
train-000788,unprocessed,,0,not_selected_or_gate_blocked
train-000789,unprocessed,,0,not_selected_or_gate_blocked
train-000790,unprocessed,,0,not_selected_or_gate_blocked
train-000791,unprocessed,,0,not_selected_or_gate_blocked
train-000792,unprocessed,,0,not_selected_or_gate_blocked
train-000793,unprocessed,,0,not_selected_or_gate_blocked
train-000795,unprocessed,,0,not_selected_or_gate_blocked
train-000796,unprocessed,,0,not_selected_or_gate_blocked
train-000798,unprocessed,,0,not_selected_or_gate_blocked
train-000800,unprocessed,,0,not_selected_or_gate_blocked
train-000801,unprocessed,,0,not_selected_or_gate_blocked
train-000802,unprocessed,,0,not_selected_or_gate_blocked
train-000803,unprocessed,,0,not_selected_or_gate_blocked
train-000804,unprocessed,,0,not_selected_or_gate_blocked
train-000806,unprocessed,,0,not_selected_or_gate_blocked
train-000807,unprocessed,,0,not_selected_or_gate_blocked
train-000808,unprocessed,,0,not_selected_or_gate_blocked
train-000809,unprocessed,,0,not_selected_or_gate_blocked
train-000810,unprocessed,,0,not_selected_or_gate_blocked
train-000811,unprocessed,,0,not_selected_or_gate_blocked
train-000812,unprocessed,,0,not_selected_or_gate_blocked
train-000813,unprocessed,,0,not_selected_or_gate_blocked
train-000815,unprocessed,,0,not_selected_or_gate_blocked
train-000816,unprocessed,,0,not_selected_or_gate_blocked
train-000818,unprocessed,,0,not_selected_or_gate_blocked
train-000819,unprocessed,,0,not_selected_or_gate_blocked
train-000820,unprocessed,,0,not_selected_or_gate_blocked
train-000822,unprocessed,,0,not_selected_or_gate_blocked
train-000823,unprocessed,,0,not_selected_or_gate_blocked
train-000826,unprocessed,,0,not_selected_or_gate_blocked
train-000827,unprocessed,,0,not_selected_or_gate_blocked
train-000830,unprocessed,,0,not_selected_or_gate_blocked
train-000831,unprocessed,,0,not_selected_or_gate_blocked
train-000832,unprocessed,,0,not_selected_or_gate_blocked
train-000833,unprocessed,,0,not_selected_or_gate_blocked
train-000834,unprocessed,,0,not_selected_or_gate_blocked
train-000836,unprocessed,,0,not_selected_or_gate_blocked
train-000837,unprocessed,,0,not_selected_or_gate_blocked
train-000839,unprocessed,,0,not_selected_or_gate_blocked
train-000840,unprocessed,,0,not_selected_or_gate_blocked
train-000841,unprocessed,,0,not_selected_or_gate_blocked
train-000842,unprocessed,,0,not_selected_or_gate_blocked
train-000843,unprocessed,,0,not_selected_or_gate_blocked
train-000844,unprocessed,,0,not_selected_or_gate_blocked
train-000845,unprocessed,,0,not_selected_or_gate_blocked
train-000846,unprocessed,,0,not_selected_or_gate_blocked
train-000847,unprocessed,,0,not_selected_or_gate_blocked
train-000848,unprocessed,,0,not_selected_or_gate_blocked
train-000849,unprocessed,,0,not_selected_or_gate_blocked
train-000850,unprocessed,,0,not_selected_or_gate_blocked
train-000851,unprocessed,,0,not_selected_or_gate_blocked
train-000853,unprocessed,,0,not_selected_or_gate_blocked
train-000856,unprocessed,,0,not_selected_or_gate_blocked
train-000858,unprocessed,,0,not_selected_or_gate_blocked
train-000859,unprocessed,,0,not_selected_or_gate_blocked
train-000860,unprocessed,,0,not_selected_or_gate_blocked
train-000861,unprocessed,,0,not_selected_or_gate_blocked
train-000862,unprocessed,,0,not_selected_or_gate_blocked
train-000863,unprocessed,,0,not_selected_or_gate_blocked
train-000865,unprocessed,,0,not_selected_or_gate_blocked
train-000866,unprocessed,,0,not_selected_or_gate_blocked
train-000867,unprocessed,,0,not_selected_or_gate_blocked
train-000868,unprocessed,,0,not_selected_or_gate_blocked
train-000870,unprocessed,,0,not_selected_or_gate_blocked
train-000871,unprocessed,,0,not_selected_or_gate_blocked
train-000872,unprocessed,,0,not_selected_or_gate_blocked
train-000873,unprocessed,,0,not_selected_or_gate_blocked
train-000874,unprocessed,,0,not_selected_or_gate_blocked
train-000877,unprocessed,,0,not_selected_or_gate_blocked
train-000880,unprocessed,,0,not_selected_or_gate_blocked
train-000882,unprocessed,,0,not_selected_or_gate_blocked
train-000883,unprocessed,,0,not_selected_or_gate_blocked
train-000885,unprocessed,,0,not_selected_or_gate_blocked
train-000886,unprocessed,,0,not_selected_or_gate_blocked
train-000887,unprocessed,,0,not_selected_or_gate_blocked
train-000888,unprocessed,,0,not_selected_or_gate_blocked
train-000889,unprocessed,,0,not_selected_or_gate_blocked
train-000890,unprocessed,,0,not_selected_or_gate_blocked
train-000891,unprocessed,,0,not_selected_or_gate_blocked
train-000892,unprocessed,,0,not_selected_or_gate_blocked
train-000896,unprocessed,,0,not_selected_or_gate_blocked
train-000898,unprocessed,,0,not_selected_or_gate_blocked
train-000899,unprocessed,,0,not_selected_or_gate_blocked
train-000900,unprocessed,,0,not_selected_or_gate_blocked
train-000901,unprocessed,,0,not_selected_or_gate_blocked
train-000903,unprocessed,,0,not_selected_or_gate_blocked
train-000904,unprocessed,,0,not_selected_or_gate_blocked
train-000905,unprocessed,,0,not_selected_or_gate_blocked
train-000906,unprocessed,,0,not_selected_or_gate_blocked
train-000907,unprocessed,,0,not_selected_or_gate_blocked
train-000911,unprocessed,,0,not_selected_or_gate_blocked
train-000912,unprocessed,,0,not_selected_or_gate_blocked
train-000916,unprocessed,,0,not_selected_or_gate_blocked
train-000917,unprocessed,,0,not_selected_or_gate_blocked
train-000918,unprocessed,,0,not_selected_or_gate_blocked
train-000919,unprocessed,,0,not_selected_or_gate_blocked
train-000920,unprocessed,,0,not_selected_or_gate_blocked
train-000921,unprocessed,,0,not_selected_or_gate_blocked
train-000922,unprocessed,,0,not_selected_or_gate_blocked
train-000923,unprocessed,,0,not_selected_or_gate_blocked
train-000924,unprocessed,,0,not_selected_or_gate_blocked
train-000926,unprocessed,,0,not_selected_or_gate_blocked
train-000927,unprocessed,,0,not_selected_or_gate_blocked
train-000929,unprocessed,,0,not_selected_or_gate_blocked
train-000930,unprocessed,,0,not_selected_or_gate_blocked
train-000931,unprocessed,,0,not_selected_or_gate_blocked
train-000932,unprocessed,,0,not_selected_or_gate_blocked
train-000933,unprocessed,,0,not_selected_or_gate_blocked
train-000934,unprocessed,,0,not_selected_or_gate_blocked
train-000935,unprocessed,,0,not_selected_or_gate_blocked
train-000937,unprocessed,,0,not_selected_or_gate_blocked
train-000938,unprocessed,,0,not_selected_or_gate_blocked
train-000939,unprocessed,,0,not_selected_or_gate_blocked
train-000940,unprocessed,,0,not_selected_or_gate_blocked
train-000941,unprocessed,,0,not_selected_or_gate_blocked
train-000942,unprocessed,,0,not_selected_or_gate_blocked
train-000943,unprocessed,,0,not_selected_or_gate_blocked
train-000944,unprocessed,,0,not_selected_or_gate_blocked
train-000945,unprocessed,,0,not_selected_or_gate_blocked
train-000946,unprocessed,,0,not_selected_or_gate_blocked
train-000947,unprocessed,,0,not_selected_or_gate_blocked
train-000949,unprocessed,,0,not_selected_or_gate_blocked
train-000950,unprocessed,,0,not_selected_or_gate_blocked
train-000951,unprocessed,,0,not_selected_or_gate_blocked
train-000953,unprocessed,,0,not_selected_or_gate_blocked
train-000959,unprocessed,,0,not_selected_or_gate_blocked
train-000960,unprocessed,,0,not_selected_or_gate_blocked
train-000962,unprocessed,,0,not_selected_or_gate_blocked
train-000965,unprocessed,,0,not_selected_or_gate_blocked
train-000966,unprocessed,,0,not_selected_or_gate_blocked
train-000968,unprocessed,,0,not_selected_or_gate_blocked
train-000969,unprocessed,,0,not_selected_or_gate_blocked
train-000970,unprocessed,,0,not_selected_or_gate_blocked
train-000971,unprocessed,,0,not_selected_or_gate_blocked
train-000972,unprocessed,,0,not_selected_or_gate_blocked
train-000975,unprocessed,,0,not_selected_or_gate_blocked
train-000977,unprocessed,,0,not_selected_or_gate_blocked
train-000978,unprocessed,,0,not_selected_or_gate_blocked
train-000980,unprocessed,,0,not_selected_or_gate_blocked
train-000982,unprocessed,,0,not_selected_or_gate_blocked
train-000983,unprocessed,,0,not_selected_or_gate_blocked
train-000984,unprocessed,,0,not_selected_or_gate_blocked
train-000985,unprocessed,,0,not_selected_or_gate_blocked
train-000986,unprocessed,,0,not_selected_or_gate_blocked
train-000987,unprocessed,,0,not_selected_or_gate_blocked
train-000988,unprocessed,,0,not_selected_or_gate_blocked
train-000989,unprocessed,,0,not_selected_or_gate_blocked
train-000990,unprocessed,,0,not_selected_or_gate_blocked
train-000991,unprocessed,,0,not_selected_or_gate_blocked
train-000994,unprocessed,,0,not_selected_or_gate_blocked
train-000995,unprocessed,,0,not_selected_or_gate_blocked
train-000997,unprocessed,,0,not_selected_or_gate_blocked
train-000998,unprocessed,,0,not_selected_or_gate_blocked
train-000999,unprocessed,,0,not_selected_or_gate_blocked
train-001000,unprocessed,,0,not_selected_or_gate_blocked
train-001001,unprocessed,,0,not_selected_or_gate_blocked
train-001002,unprocessed,,0,not_selected_or_gate_blocked
train-001003,unprocessed,,0,not_selected_or_gate_blocked
train-001004,unprocessed,,0,not_selected_or_gate_blocked
train-001005,unprocessed,,0,not_selected_or_gate_blocked
train-001006,unprocessed,,0,not_selected_or_gate_blocked
train-001007,unprocessed,,0,not_selected_or_gate_blocked
train-001008,unprocessed,,0,not_selected_or_gate_blocked
train-001010,unprocessed,,0,not_selected_or_gate_blocked
train-001012,unprocessed,,0,not_selected_or_gate_blocked
train-001013,unprocessed,,0,not_selected_or_gate_blocked
train-001015,unprocessed,,0,not_selected_or_gate_blocked
train-001016,unprocessed,,0,not_selected_or_gate_blocked
train-001018,unprocessed,,0,not_selected_or_gate_blocked
train-001019,unprocessed,,0,not_selected_or_gate_blocked
train-001020,unprocessed,,0,not_selected_or_gate_blocked
train-001022,unprocessed,,0,not_selected_or_gate_blocked
train-001024,unprocessed,,0,not_selected_or_gate_blocked
train-001025,unprocessed,,0,not_selected_or_gate_blocked
train-001026,unprocessed,,0,not_selected_or_gate_blocked
train-001027,unprocessed,,0,not_selected_or_gate_blocked
train-001028,unprocessed,,0,not_selected_or_gate_blocked
train-001029,unprocessed,,0,not_selected_or_gate_blocked
train-001030,unprocessed,,0,not_selected_or_gate_blocked
train-001031,unprocessed,,0,not_selected_or_gate_blocked
train-001032,unprocessed,,0,not_selected_or_gate_blocked
train-001033,unprocessed,,0,not_selected_or_gate_blocked
train-001035,unprocessed,,0,not_selected_or_gate_blocked
train-001036,unprocessed,,0,not_selected_or_gate_blocked
train-001037,unprocessed,,0,not_selected_or_gate_blocked
train-001040,unprocessed,,0,not_selected_or_gate_blocked
train-001042,unprocessed,,0,not_selected_or_gate_blocked
train-001043,unprocessed,,0,not_selected_or_gate_blocked
train-001044,unprocessed,,0,not_selected_or_gate_blocked
train-001045,unprocessed,,0,not_selected_or_gate_blocked
train-001046,unprocessed,,0,not_selected_or_gate_blocked
train-001047,unprocessed,,0,not_selected_or_gate_blocked
train-001048,unprocessed,,0,not_selected_or_gate_blocked
train-001053,unprocessed,,0,not_selected_or_gate_blocked
train-001055,unprocessed,,0,not_selected_or_gate_blocked
train-001058,unprocessed,,0,not_selected_or_gate_blocked
train-001060,unprocessed,,0,not_selected_or_gate_blocked
train-001061,unprocessed,,0,not_selected_or_gate_blocked
train-001062,unprocessed,,0,not_selected_or_gate_blocked
train-001063,unprocessed,,0,not_selected_or_gate_blocked
train-001065,unprocessed,,0,not_selected_or_gate_blocked
train-001066,unprocessed,,0,not_selected_or_gate_blocked
train-001068,unprocessed,,0,not_selected_or_gate_blocked
train-001069,unprocessed,,0,not_selected_or_gate_blocked
train-001070,unprocessed,,0,not_selected_or_gate_blocked
train-001071,unprocessed,,0,not_selected_or_gate_blocked
train-001072,unprocessed,,0,not_selected_or_gate_blocked
train-001075,unprocessed,,0,not_selected_or_gate_blocked
train-001076,unprocessed,,0,not_selected_or_gate_blocked
train-001077,unprocessed,,0,not_selected_or_gate_blocked
train-001078,unprocessed,,0,not_selected_or_gate_blocked
train-001079,unprocessed,,0,not_selected_or_gate_blocked
train-001080,unprocessed,,0,not_selected_or_gate_blocked
train-001081,unprocessed,,0,not_selected_or_gate_blocked
train-001082,unprocessed,,0,not_selected_or_gate_blocked
train-001084,unprocessed,,0,not_selected_or_gate_blocked
train-001085,unprocessed,,0,not_selected_or_gate_blocked
train-001086,unprocessed,,0,not_selected_or_gate_blocked
train-001091,unprocessed,,0,not_selected_or_gate_blocked
train-001092,unprocessed,,0,not_selected_or_gate_blocked
train-001093,unprocessed,,0,not_selected_or_gate_blocked
train-001094,unprocessed,,0,not_selected_or_gate_blocked
train-001095,unprocessed,,0,not_selected_or_gate_blocked
train-001097,unprocessed,,0,not_selected_or_gate_blocked
train-001098,unprocessed,,0,not_selected_or_gate_blocked
train-001099,unprocessed,,0,not_selected_or_gate_blocked
train-001100,unprocessed,,0,not_selected_or_gate_blocked
train-001101,unprocessed,,0,not_selected_or_gate_blocked
train-001104,unprocessed,,0,not_selected_or_gate_blocked
train-001105,unprocessed,,0,not_selected_or_gate_blocked
train-001107,unprocessed,,0,not_selected_or_gate_blocked
train-001110,unprocessed,,0,not_selected_or_gate_blocked
train-001112,unprocessed,,0,not_selected_or_gate_blocked
train-001115,unprocessed,,0,not_selected_or_gate_blocked
train-001117,unprocessed,,0,not_selected_or_gate_blocked
train-001122,unprocessed,,0,not_selected_or_gate_blocked
train-001124,unprocessed,,0,not_selected_or_gate_blocked
train-001125,unprocessed,,0,not_selected_or_gate_blocked
train-001127,unprocessed,,0,not_selected_or_gate_blocked
train-001128,unprocessed,,0,not_selected_or_gate_blocked
train-001129,unprocessed,,0,not_selected_or_gate_blocked
train-001130,unprocessed,,0,not_selected_or_gate_blocked
train-001133,unprocessed,,0,not_selected_or_gate_blocked
train-001137,unprocessed,,0,not_selected_or_gate_blocked
train-001138,unprocessed,,0,not_selected_or_gate_blocked
train-001139,unprocessed,,0,not_selected_or_gate_blocked
train-001140,unprocessed,,0,not_selected_or_gate_blocked
train-001141,unprocessed,,0,not_selected_or_gate_blocked
train-001143,unprocessed,,0,not_selected_or_gate_blocked
train-001144,unprocessed,,0,not_selected_or_gate_blocked
train-001145,unprocessed,,0,not_selected_or_gate_blocked
train-001146,unprocessed,,0,not_selected_or_gate_blocked
train-001147,unprocessed,,0,not_selected_or_gate_blocked
train-001148,unprocessed,,0,not_selected_or_gate_blocked
train-001150,unprocessed,,0,not_selected_or_gate_blocked
train-001153,unprocessed,,0,not_selected_or_gate_blocked
train-001154,unprocessed,,0,not_selected_or_gate_blocked
train-001155,unprocessed,,0,not_selected_or_gate_blocked
train-001156,unprocessed,,0,not_selected_or_gate_blocked
train-001157,unprocessed,,0,not_selected_or_gate_blocked
train-001158,unprocessed,,0,not_selected_or_gate_blocked
train-001159,unprocessed,,0,not_selected_or_gate_blocked
train-001160,unprocessed,,0,not_selected_or_gate_blocked
train-001161,unprocessed,,0,not_selected_or_gate_blocked
train-001165,unprocessed,,0,not_selected_or_gate_blocked
train-001166,unprocessed,,0,not_selected_or_gate_blocked
train-001167,unprocessed,,0,not_selected_or_gate_blocked
train-001170,unprocessed,,0,not_selected_or_gate_blocked
train-001171,unprocessed,,0,not_selected_or_gate_blocked
train-001172,unprocessed,,0,not_selected_or_gate_blocked
train-001174,unprocessed,,0,not_selected_or_gate_blocked
train-001177,unprocessed,,0,not_selected_or_gate_blocked
train-001179,unprocessed,,0,not_selected_or_gate_blocked
train-001180,unprocessed,,0,not_selected_or_gate_blocked
train-001183,unprocessed,,0,not_selected_or_gate_blocked
train-001184,unprocessed,,0,not_selected_or_gate_blocked
train-001185,unprocessed,,0,not_selected_or_gate_blocked
train-001187,unprocessed,,0,not_selected_or_gate_blocked
train-001188,unprocessed,,0,not_selected_or_gate_blocked
train-001189,unprocessed,,0,not_selected_or_gate_blocked
train-001190,unprocessed,,0,not_selected_or_gate_blocked
train-001191,unprocessed,,0,not_selected_or_gate_blocked
train-001194,unprocessed,,0,not_selected_or_gate_blocked
train-001195,unprocessed,,0,not_selected_or_gate_blocked
train-001196,unprocessed,,0,not_selected_or_gate_blocked
train-001199,unprocessed,,0,not_selected_or_gate_blocked
train-001201,unprocessed,,0,not_selected_or_gate_blocked
train-001202,unprocessed,,0,not_selected_or_gate_blocked
train-001203,unprocessed,,0,not_selected_or_gate_blocked
train-001204,unprocessed,,0,not_selected_or_gate_blocked
train-001205,unprocessed,,0,not_selected_or_gate_blocked
train-001206,unprocessed,,0,not_selected_or_gate_blocked
train-001207,unprocessed,,0,not_selected_or_gate_blocked
train-001208,unprocessed,,0,not_selected_or_gate_blocked
train-001209,unprocessed,,0,not_selected_or_gate_blocked
train-001210,unprocessed,,0,not_selected_or_gate_blocked
train-001211,unprocessed,,0,not_selected_or_gate_blocked
train-001214,unprocessed,,0,not_selected_or_gate_blocked
train-001215,unprocessed,,0,not_selected_or_gate_blocked
train-001216,unprocessed,,0,not_selected_or_gate_blocked
train-001217,unprocessed,,0,not_selected_or_gate_blocked
train-001218,unprocessed,,0,not_selected_or_gate_blocked
train-001219,unprocessed,,0,not_selected_or_gate_blocked
train-001222,unprocessed,,0,not_selected_or_gate_blocked
train-001223,unprocessed,,0,not_selected_or_gate_blocked
train-001224,unprocessed,,0,not_selected_or_gate_blocked
train-001225,unprocessed,,0,not_selected_or_gate_blocked
train-001227,unprocessed,,0,not_selected_or_gate_blocked
train-001228,unprocessed,,0,not_selected_or_gate_blocked
train-001229,unprocessed,,0,not_selected_or_gate_blocked
train-001230,unprocessed,,0,not_selected_or_gate_blocked
train-001233,unprocessed,,0,not_selected_or_gate_blocked
train-001234,unprocessed,,0,not_selected_or_gate_blocked
train-001235,unprocessed,,0,not_selected_or_gate_blocked
train-001237,unprocessed,,0,not_selected_or_gate_blocked
train-001240,unprocessed,,0,not_selected_or_gate_blocked
train-001241,unprocessed,,0,not_selected_or_gate_blocked
train-001242,unprocessed,,0,not_selected_or_gate_blocked
train-001244,unprocessed,,0,not_selected_or_gate_blocked
train-001245,unprocessed,,0,not_selected_or_gate_blocked
train-001246,unprocessed,,0,not_selected_or_gate_blocked
train-001247,unprocessed,,0,not_selected_or_gate_blocked
train-001249,unprocessed,,0,not_selected_or_gate_blocked
train-001250,unprocessed,,0,not_selected_or_gate_blocked
train-001251,unprocessed,,0,not_selected_or_gate_blocked
train-001252,unprocessed,,0,not_selected_or_gate_blocked
train-001257,unprocessed,,0,not_selected_or_gate_blocked
train-001258,unprocessed,,0,not_selected_or_gate_blocked
train-001260,unprocessed,,0,not_selected_or_gate_blocked
train-001263,unprocessed,,0,not_selected_or_gate_blocked
train-001265,unprocessed,,0,not_selected_or_gate_blocked
train-001268,unprocessed,,0,not_selected_or_gate_blocked
train-001269,unprocessed,,0,not_selected_or_gate_blocked
train-001271,unprocessed,,0,not_selected_or_gate_blocked
train-001272,unprocessed,,0,not_selected_or_gate_blocked
train-001273,unprocessed,,0,not_selected_or_gate_blocked
train-001274,unprocessed,,0,not_selected_or_gate_blocked
train-001276,unprocessed,,0,not_selected_or_gate_blocked
train-001277,unprocessed,,0,not_selected_or_gate_blocked
train-001278,unprocessed,,0,not_selected_or_gate_blocked
train-001279,unprocessed,,0,not_selected_or_gate_blocked
train-001280,unprocessed,,0,not_selected_or_gate_blocked
train-001282,unprocessed,,0,not_selected_or_gate_blocked
train-001283,unprocessed,,0,not_selected_or_gate_blocked
train-001284,unprocessed,,0,not_selected_or_gate_blocked
train-001286,unprocessed,,0,not_selected_or_gate_blocked
train-001287,unprocessed,,0,not_selected_or_gate_blocked
train-001290,unprocessed,,0,not_selected_or_gate_blocked
train-001291,unprocessed,,0,not_selected_or_gate_blocked
train-001292,unprocessed,,0,not_selected_or_gate_blocked
train-001293,unprocessed,,0,not_selected_or_gate_blocked
train-001294,unprocessed,,0,not_selected_or_gate_blocked
train-001295,unprocessed,,0,not_selected_or_gate_blocked
train-001296,unprocessed,,0,not_selected_or_gate_blocked
train-001297,unprocessed,,0,not_selected_or_gate_blocked
train-001298,unprocessed,,0,not_selected_or_gate_blocked
train-001299,unprocessed,,0,not_selected_or_gate_blocked
train-001303,unprocessed,,0,not_selected_or_gate_blocked
train-001305,unprocessed,,0,not_selected_or_gate_blocked
train-001306,unprocessed,,0,not_selected_or_gate_blocked
train-001307,unprocessed,,0,not_selected_or_gate_blocked
train-001309,unprocessed,,0,not_selected_or_gate_blocked
train-001311,unprocessed,,0,not_selected_or_gate_blocked
train-001313,unprocessed,,0,not_selected_or_gate_blocked
train-001314,unprocessed,,0,not_selected_or_gate_blocked
train-001315,unprocessed,,0,not_selected_or_gate_blocked
train-001316,unprocessed,,0,not_selected_or_gate_blocked
train-001317,unprocessed,,0,not_selected_or_gate_blocked
train-001318,unprocessed,,0,not_selected_or_gate_blocked
train-001320,unprocessed,,0,not_selected_or_gate_blocked
train-001321,unprocessed,,0,not_selected_or_gate_blocked
train-001322,unprocessed,,0,not_selected_or_gate_blocked
train-001323,unprocessed,,0,not_selected_or_gate_blocked
train-001325,unprocessed,,0,not_selected_or_gate_blocked
train-001327,unprocessed,,0,not_selected_or_gate_blocked
train-001328,unprocessed,,0,not_selected_or_gate_blocked
train-001329,unprocessed,,0,not_selected_or_gate_blocked
train-001330,unprocessed,,0,not_selected_or_gate_blocked
train-001331,unprocessed,,0,not_selected_or_gate_blocked
train-001332,unprocessed,,0,not_selected_or_gate_blocked
train-001333,unprocessed,,0,not_selected_or_gate_blocked
train-001335,unprocessed,,0,not_selected_or_gate_blocked
train-001336,unprocessed,,0,not_selected_or_gate_blocked
train-001338,unprocessed,,0,not_selected_or_gate_blocked
train-001339,unprocessed,,0,not_selected_or_gate_blocked
train-001341,unprocessed,,0,not_selected_or_gate_blocked
train-001345,unprocessed,,0,not_selected_or_gate_blocked
train-001346,unprocessed,,0,not_selected_or_gate_blocked
train-001347,unprocessed,,0,not_selected_or_gate_blocked
train-001350,unprocessed,,0,not_selected_or_gate_blocked
train-001352,unprocessed,,0,not_selected_or_gate_blocked
train-001354,unprocessed,,0,not_selected_or_gate_blocked
train-001355,unprocessed,,0,not_selected_or_gate_blocked
train-001357,unprocessed,,0,not_selected_or_gate_blocked
train-001358,unprocessed,,0,not_selected_or_gate_blocked
train-001359,unprocessed,,0,not_selected_or_gate_blocked
train-001360,unprocessed,,0,not_selected_or_gate_blocked
train-001361,unprocessed,,0,not_selected_or_gate_blocked
train-001363,unprocessed,,0,not_selected_or_gate_blocked
train-001364,unprocessed,,0,not_selected_or_gate_blocked
train-001366,unprocessed,,0,not_selected_or_gate_blocked
train-001367,unprocessed,,0,not_selected_or_gate_blocked
train-001368,unprocessed,,0,not_selected_or_gate_blocked
train-001370,unprocessed,,0,not_selected_or_gate_blocked
train-001371,unprocessed,,0,not_selected_or_gate_blocked
train-001372,unprocessed,,0,not_selected_or_gate_blocked
train-001373,unprocessed,,0,not_selected_or_gate_blocked
train-001374,unprocessed,,0,not_selected_or_gate_blocked
train-001375,unprocessed,,0,not_selected_or_gate_blocked
train-001376,unprocessed,,0,not_selected_or_gate_blocked
train-001377,unprocessed,,0,not_selected_or_gate_blocked
train-001379,unprocessed,,0,not_selected_or_gate_blocked
train-001380,unprocessed,,0,not_selected_or_gate_blocked
train-001381,unprocessed,,0,not_selected_or_gate_blocked
train-001382,unprocessed,,0,not_selected_or_gate_blocked
train-001383,unprocessed,,0,not_selected_or_gate_blocked
train-001385,unprocessed,,0,not_selected_or_gate_blocked
train-001386,unprocessed,,0,not_selected_or_gate_blocked
train-001388,unprocessed,,0,not_selected_or_gate_blocked
train-001389,unprocessed,,0,not_selected_or_gate_blocked
train-001390,unprocessed,,0,not_selected_or_gate_blocked
train-001392,unprocessed,,0,not_selected_or_gate_blocked
train-001393,unprocessed,,0,not_selected_or_gate_blocked
train-001394,unprocessed,,0,not_selected_or_gate_blocked
train-001395,unprocessed,,0,not_selected_or_gate_blocked
train-001397,unprocessed,,0,not_selected_or_gate_blocked
train-001400,unprocessed,,0,not_selected_or_gate_blocked
train-001401,unprocessed,,0,not_selected_or_gate_blocked
train-001402,unprocessed,,0,not_selected_or_gate_blocked
train-001408,unprocessed,,0,not_selected_or_gate_blocked
train-001412,unprocessed,,0,not_selected_or_gate_blocked
train-001414,unprocessed,,0,not_selected_or_gate_blocked
train-001417,unprocessed,,0,not_selected_or_gate_blocked
train-001418,unprocessed,,0,not_selected_or_gate_blocked
train-001419,unprocessed,,0,not_selected_or_gate_blocked
train-001420,unprocessed,,0,not_selected_or_gate_blocked
train-001421,unprocessed,,0,not_selected_or_gate_blocked
train-001422,unprocessed,,0,not_selected_or_gate_blocked
train-001423,unprocessed,,0,not_selected_or_gate_blocked
train-001424,unprocessed,,0,not_selected_or_gate_blocked
train-001426,unprocessed,,0,not_selected_or_gate_blocked
train-001427,unprocessed,,0,not_selected_or_gate_blocked
train-001428,unprocessed,,0,not_selected_or_gate_blocked
train-001429,unprocessed,,0,not_selected_or_gate_blocked
train-001431,unprocessed,,0,not_selected_or_gate_blocked
train-001432,unprocessed,,0,not_selected_or_gate_blocked
train-001434,unprocessed,,0,not_selected_or_gate_blocked
train-001435,unprocessed,,0,not_selected_or_gate_blocked
train-001436,unprocessed,,0,not_selected_or_gate_blocked
train-001437,unprocessed,,0,not_selected_or_gate_blocked
train-001439,unprocessed,,0,not_selected_or_gate_blocked
train-001440,unprocessed,,0,not_selected_or_gate_blocked
train-001441,unprocessed,,0,not_selected_or_gate_blocked
train-001443,unprocessed,,0,not_selected_or_gate_blocked
train-001445,unprocessed,,0,not_selected_or_gate_blocked
train-001446,unprocessed,,0,not_selected_or_gate_blocked
train-001447,unprocessed,,0,not_selected_or_gate_blocked
train-001448,unprocessed,,0,not_selected_or_gate_blocked
train-001450,unprocessed,,0,not_selected_or_gate_blocked
train-001451,unprocessed,,0,not_selected_or_gate_blocked
train-001453,unprocessed,,0,not_selected_or_gate_blocked
train-001454,unprocessed,,0,not_selected_or_gate_blocked
train-001456,unprocessed,,0,not_selected_or_gate_blocked
train-001457,unprocessed,,0,not_selected_or_gate_blocked
train-001458,unprocessed,,0,not_selected_or_gate_blocked
train-001459,unprocessed,,0,not_selected_or_gate_blocked
train-001460,unprocessed,,0,not_selected_or_gate_blocked
train-001461,unprocessed,,0,not_selected_or_gate_blocked
train-001464,unprocessed,,0,not_selected_or_gate_blocked
train-001465,unprocessed,,0,not_selected_or_gate_blocked
train-001466,unprocessed,,0,not_selected_or_gate_blocked
train-001467,unprocessed,,0,not_selected_or_gate_blocked
train-001469,unprocessed,,0,not_selected_or_gate_blocked
train-001470,unprocessed,,0,not_selected_or_gate_blocked
train-001471,unprocessed,,0,not_selected_or_gate_blocked
train-001472,unprocessed,,0,not_selected_or_gate_blocked
train-001473,unprocessed,,0,not_selected_or_gate_blocked
train-001474,unprocessed,,0,not_selected_or_gate_blocked
train-001475,unprocessed,,0,not_selected_or_gate_blocked
train-001476,unprocessed,,0,not_selected_or_gate_blocked
train-001477,unprocessed,,0,not_selected_or_gate_blocked
train-001478,unprocessed,,0,not_selected_or_gate_blocked
train-001479,unprocessed,,0,not_selected_or_gate_blocked
train-001481,unprocessed,,0,not_selected_or_gate_blocked
train-001483,unprocessed,,0,not_selected_or_gate_blocked
train-001484,unprocessed,,0,not_selected_or_gate_blocked
train-001485,unprocessed,,0,not_selected_or_gate_blocked
train-001489,unprocessed,,0,not_selected_or_gate_blocked
train-001490,unprocessed,,0,not_selected_or_gate_blocked
train-001491,unprocessed,,0,not_selected_or_gate_blocked
train-001492,unprocessed,,0,not_selected_or_gate_blocked
train-001493,unprocessed,,0,not_selected_or_gate_blocked
train-001494,unprocessed,,0,not_selected_or_gate_blocked
train-001495,unprocessed,,0,not_selected_or_gate_blocked
train-001496,unprocessed,,0,not_selected_or_gate_blocked
train-001497,unprocessed,,0,not_selected_or_gate_blocked
train-001498,unprocessed,,0,not_selected_or_gate_blocked
train-001499,unprocessed,,0,not_selected_or_gate_blocked
train-001500,unprocessed,,0,not_selected_or_gate_blocked
train-001501,unprocessed,,0,not_selected_or_gate_blocked
train-001502,unprocessed,,0,not_selected_or_gate_blocked
train-001505,unprocessed,,0,not_selected_or_gate_blocked
train-001506,unprocessed,,0,not_selected_or_gate_blocked
train-001507,unprocessed,,0,not_selected_or_gate_blocked
train-001508,unprocessed,,0,not_selected_or_gate_blocked
train-001509,unprocessed,,0,not_selected_or_gate_blocked
train-001510,unprocessed,,0,not_selected_or_gate_blocked
train-001511,unprocessed,,0,not_selected_or_gate_blocked
train-001512,unprocessed,,0,not_selected_or_gate_blocked
train-001513,unprocessed,,0,not_selected_or_gate_blocked
train-001514,unprocessed,,0,not_selected_or_gate_blocked
train-001515,unprocessed,,0,not_selected_or_gate_blocked
train-001517,unprocessed,,0,not_selected_or_gate_blocked
train-001520,unprocessed,,0,not_selected_or_gate_blocked
train-001521,unprocessed,,0,not_selected_or_gate_blocked
train-001523,unprocessed,,0,not_selected_or_gate_blocked
train-001525,unprocessed,,0,not_selected_or_gate_blocked
train-001526,unprocessed,,0,not_selected_or_gate_blocked
train-001527,unprocessed,,0,not_selected_or_gate_blocked
train-001529,unprocessed,,0,not_selected_or_gate_blocked
train-001530,unprocessed,,0,not_selected_or_gate_blocked
train-001531,unprocessed,,0,not_selected_or_gate_blocked
train-001533,unprocessed,,0,not_selected_or_gate_blocked
train-001535,unprocessed,,0,not_selected_or_gate_blocked
train-001536,unprocessed,,0,not_selected_or_gate_blocked
train-001537,unprocessed,,0,not_selected_or_gate_blocked
train-001538,unprocessed,,0,not_selected_or_gate_blocked
train-001540,unprocessed,,0,not_selected_or_gate_blocked
train-001541,unprocessed,,0,not_selected_or_gate_blocked
train-001542,unprocessed,,0,not_selected_or_gate_blocked
train-001544,unprocessed,,0,not_selected_or_gate_blocked
train-001545,unprocessed,,0,not_selected_or_gate_blocked
train-001547,unprocessed,,0,not_selected_or_gate_blocked
train-001548,unprocessed,,0,not_selected_or_gate_blocked
train-001549,unprocessed,,0,not_selected_or_gate_blocked
train-001552,unprocessed,,0,not_selected_or_gate_blocked
train-001553,unprocessed,,0,not_selected_or_gate_blocked
train-001556,unprocessed,,0,not_selected_or_gate_blocked
train-001557,unprocessed,,0,not_selected_or_gate_blocked
train-001558,unprocessed,,0,not_selected_or_gate_blocked
train-001559,unprocessed,,0,not_selected_or_gate_blocked
train-001560,unprocessed,,0,not_selected_or_gate_blocked
train-001561,unprocessed,,0,not_selected_or_gate_blocked
train-001562,unprocessed,,0,not_selected_or_gate_blocked
train-001563,unprocessed,,0,not_selected_or_gate_blocked
train-001564,unprocessed,,0,not_selected_or_gate_blocked
train-001565,unprocessed,,0,not_selected_or_gate_blocked
train-001566,unprocessed,,0,not_selected_or_gate_blocked
train-001568,unprocessed,,0,not_selected_or_gate_blocked
train-001569,unprocessed,,0,not_selected_or_gate_blocked
train-001570,unprocessed,,0,not_selected_or_gate_blocked
train-001571,unprocessed,,0,not_selected_or_gate_blocked
train-001573,unprocessed,,0,not_selected_or_gate_blocked
train-001574,unprocessed,,0,not_selected_or_gate_blocked
train-001575,unprocessed,,0,not_selected_or_gate_blocked
train-001576,unprocessed,,0,not_selected_or_gate_blocked
train-001579,unprocessed,,0,not_selected_or_gate_blocked
train-001580,unprocessed,,0,not_selected_or_gate_blocked
train-001581,unprocessed,,0,not_selected_or_gate_blocked
train-001582,unprocessed,,0,not_selected_or_gate_blocked
train-001583,unprocessed,,0,not_selected_or_gate_blocked
train-001584,unprocessed,,0,not_selected_or_gate_blocked
train-001585,unprocessed,,0,not_selected_or_gate_blocked
train-001586,unprocessed,,0,not_selected_or_gate_blocked
train-001587,unprocessed,,0,not_selected_or_gate_blocked
train-001588,unprocessed,,0,not_selected_or_gate_blocked
train-001590,unprocessed,,0,not_selected_or_gate_blocked
train-001591,unprocessed,,0,not_selected_or_gate_blocked
train-001593,unprocessed,,0,not_selected_or_gate_blocked
train-001594,unprocessed,,0,not_selected_or_gate_blocked
train-001595,unprocessed,,0,not_selected_or_gate_blocked
train-001596,unprocessed,,0,not_selected_or_gate_blocked
train-001597,unprocessed,,0,not_selected_or_gate_blocked
train-001598,unprocessed,,0,not_selected_or_gate_blocked
train-001599,unprocessed,,0,not_selected_or_gate_blocked
train-001601,unprocessed,,0,not_selected_or_gate_blocked
train-001602,unprocessed,,0,not_selected_or_gate_blocked
train-001603,unprocessed,,0,not_selected_or_gate_blocked
train-001604,unprocessed,,0,not_selected_or_gate_blocked
train-001605,unprocessed,,0,not_selected_or_gate_blocked
train-001606,unprocessed,,0,not_selected_or_gate_blocked
train-001607,unprocessed,,0,not_selected_or_gate_blocked
train-001608,unprocessed,,0,not_selected_or_gate_blocked
train-001609,unprocessed,,0,not_selected_or_gate_blocked
train-001610,unprocessed,,0,not_selected_or_gate_blocked
train-001611,unprocessed,,0,not_selected_or_gate_blocked
train-001612,unprocessed,,0,not_selected_or_gate_blocked
train-001613,unprocessed,,0,not_selected_or_gate_blocked
train-001615,unprocessed,,0,not_selected_or_gate_blocked
train-001616,unprocessed,,0,not_selected_or_gate_blocked
train-001617,unprocessed,,0,not_selected_or_gate_blocked
train-001619,unprocessed,,0,not_selected_or_gate_blocked
train-001620,unprocessed,,0,not_selected_or_gate_blocked
train-001621,unprocessed,,0,not_selected_or_gate_blocked
train-001622,unprocessed,,0,not_selected_or_gate_blocked
train-001623,unprocessed,,0,not_selected_or_gate_blocked
train-001624,unprocessed,,0,not_selected_or_gate_blocked
train-001625,unprocessed,,0,not_selected_or_gate_blocked
train-001629,unprocessed,,0,not_selected_or_gate_blocked
train-001630,unprocessed,,0,not_selected_or_gate_blocked
train-001631,unprocessed,,0,not_selected_or_gate_blocked
train-001633,unprocessed,,0,not_selected_or_gate_blocked
train-001634,unprocessed,,0,not_selected_or_gate_blocked
train-001635,unprocessed,,0,not_selected_or_gate_blocked
train-001638,unprocessed,,0,not_selected_or_gate_blocked
train-001641,unprocessed,,0,not_selected_or_gate_blocked
train-001642,unprocessed,,0,not_selected_or_gate_blocked
train-001644,unprocessed,,0,not_selected_or_gate_blocked
train-001645,unprocessed,,0,not_selected_or_gate_blocked
train-001647,unprocessed,,0,not_selected_or_gate_blocked
train-001648,unprocessed,,0,not_selected_or_gate_blocked
train-001649,unprocessed,,0,not_selected_or_gate_blocked
train-001650,unprocessed,,0,not_selected_or_gate_blocked
train-001651,unprocessed,,0,not_selected_or_gate_blocked
train-001652,unprocessed,,0,not_selected_or_gate_blocked
train-001653,unprocessed,,0,not_selected_or_gate_blocked
train-001654,unprocessed,,0,not_selected_or_gate_blocked
train-001655,unprocessed,,0,not_selected_or_gate_blocked
train-001656,unprocessed,,0,not_selected_or_gate_blocked
train-001657,unprocessed,,0,not_selected_or_gate_blocked
train-001658,unprocessed,,0,not_selected_or_gate_blocked
train-001659,unprocessed,,0,not_selected_or_gate_blocked
train-001660,unprocessed,,0,not_selected_or_gate_blocked
train-001661,unprocessed,,0,not_selected_or_gate_blocked
train-001662,unprocessed,,0,not_selected_or_gate_blocked
train-001663,unprocessed,,0,not_selected_or_gate_blocked
train-001664,unprocessed,,0,not_selected_or_gate_blocked
train-001665,unprocessed,,0,not_selected_or_gate_blocked
train-001666,unprocessed,,0,not_selected_or_gate_blocked
train-001667,unprocessed,,0,not_selected_or_gate_blocked
train-001669,unprocessed,,0,not_selected_or_gate_blocked
train-001670,unprocessed,,0,not_selected_or_gate_blocked
train-001671,unprocessed,,0,not_selected_or_gate_blocked
train-001672,unprocessed,,0,not_selected_or_gate_blocked
train-001673,unprocessed,,0,not_selected_or_gate_blocked
train-001674,unprocessed,,0,not_selected_or_gate_blocked
train-001675,unprocessed,,0,not_selected_or_gate_blocked
train-001677,unprocessed,,0,not_selected_or_gate_blocked
train-001678,unprocessed,,0,not_selected_or_gate_blocked
train-001679,unprocessed,,0,not_selected_or_gate_blocked
train-001680,unprocessed,,0,not_selected_or_gate_blocked
train-001681,unprocessed,,0,not_selected_or_gate_blocked
train-001682,unprocessed,,0,not_selected_or_gate_blocked
train-001683,unprocessed,,0,not_selected_or_gate_blocked
train-001685,unprocessed,,0,not_selected_or_gate_blocked
train-001694,unprocessed,,0,not_selected_or_gate_blocked
train-001699,unprocessed,,0,not_selected_or_gate_blocked
train-001700,unprocessed,,0,not_selected_or_gate_blocked
train-001701,unprocessed,,0,not_selected_or_gate_blocked
train-001703,unprocessed,,0,not_selected_or_gate_blocked
train-001705,unprocessed,,0,not_selected_or_gate_blocked
train-001706,unprocessed,,0,not_selected_or_gate_blocked
train-001707,unprocessed,,0,not_selected_or_gate_blocked
train-001709,unprocessed,,0,not_selected_or_gate_blocked
train-001710,unprocessed,,0,not_selected_or_gate_blocked
train-001711,unprocessed,,0,not_selected_or_gate_blocked
train-001712,unprocessed,,0,not_selected_or_gate_blocked
train-001713,unprocessed,,0,not_selected_or_gate_blocked
train-001714,unprocessed,,0,not_selected_or_gate_blocked
train-001715,unprocessed,,0,not_selected_or_gate_blocked
train-001716,unprocessed,,0,not_selected_or_gate_blocked
train-001717,unprocessed,,0,not_selected_or_gate_blocked
train-001718,unprocessed,,0,not_selected_or_gate_blocked
train-001719,unprocessed,,0,not_selected_or_gate_blocked
train-001720,unprocessed,,0,not_selected_or_gate_blocked
train-001721,unprocessed,,0,not_selected_or_gate_blocked
train-001722,unprocessed,,0,not_selected_or_gate_blocked
train-001723,unprocessed,,0,not_selected_or_gate_blocked
train-001725,unprocessed,,0,not_selected_or_gate_blocked
train-001726,unprocessed,,0,not_selected_or_gate_blocked
train-001727,unprocessed,,0,not_selected_or_gate_blocked
train-001728,unprocessed,,0,not_selected_or_gate_blocked
train-001732,unprocessed,,0,not_selected_or_gate_blocked
train-001733,unprocessed,,0,not_selected_or_gate_blocked
train-001734,unprocessed,,0,not_selected_or_gate_blocked
train-001735,unprocessed,,0,not_selected_or_gate_blocked
train-001736,unprocessed,,0,not_selected_or_gate_blocked
train-001737,unprocessed,,0,not_selected_or_gate_blocked
train-001738,unprocessed,,0,not_selected_or_gate_blocked
train-001739,unprocessed,,0,not_selected_or_gate_blocked
train-001741,unprocessed,,0,not_selected_or_gate_blocked
train-001743,unprocessed,,0,not_selected_or_gate_blocked
train-001744,unprocessed,,0,not_selected_or_gate_blocked
train-001746,unprocessed,,0,not_selected_or_gate_blocked
train-001747,unprocessed,,0,not_selected_or_gate_blocked
train-001750,unprocessed,,0,not_selected_or_gate_blocked
train-001751,unprocessed,,0,not_selected_or_gate_blocked
train-001753,unprocessed,,0,not_selected_or_gate_blocked
train-001754,unprocessed,,0,not_selected_or_gate_blocked
train-001755,unprocessed,,0,not_selected_or_gate_blocked
train-001756,unprocessed,,0,not_selected_or_gate_blocked
train-001757,unprocessed,,0,not_selected_or_gate_blocked
train-001758,unprocessed,,0,not_selected_or_gate_blocked
train-001759,unprocessed,,0,not_selected_or_gate_blocked
train-001760,unprocessed,,0,not_selected_or_gate_blocked
train-001764,unprocessed,,0,not_selected_or_gate_blocked
train-001765,unprocessed,,0,not_selected_or_gate_blocked
train-001766,unprocessed,,0,not_selected_or_gate_blocked
train-001767,unprocessed,,0,not_selected_or_gate_blocked
train-001768,unprocessed,,0,not_selected_or_gate_blocked
train-001769,unprocessed,,0,not_selected_or_gate_blocked
train-001771,unprocessed,,0,not_selected_or_gate_blocked
train-001772,unprocessed,,0,not_selected_or_gate_blocked
train-001773,unprocessed,,0,not_selected_or_gate_blocked
train-001774,unprocessed,,0,not_selected_or_gate_blocked
train-001776,unprocessed,,0,not_selected_or_gate_blocked
train-001777,unprocessed,,0,not_selected_or_gate_blocked
train-001778,unprocessed,,0,not_selected_or_gate_blocked
train-001781,unprocessed,,0,not_selected_or_gate_blocked
train-001783,unprocessed,,0,not_selected_or_gate_blocked
train-001784,unprocessed,,0,not_selected_or_gate_blocked
train-001785,unprocessed,,0,not_selected_or_gate_blocked
train-001786,unprocessed,,0,not_selected_or_gate_blocked
train-001788,unprocessed,,0,not_selected_or_gate_blocked
train-001789,unprocessed,,0,not_selected_or_gate_blocked
train-001790,unprocessed,,0,not_selected_or_gate_blocked
train-001791,unprocessed,,0,not_selected_or_gate_blocked
train-001792,unprocessed,,0,not_selected_or_gate_blocked
train-001795,unprocessed,,0,not_selected_or_gate_blocked
train-001796,unprocessed,,0,not_selected_or_gate_blocked
train-001797,unprocessed,,0,not_selected_or_gate_blocked
train-001800,unprocessed,,0,not_selected_or_gate_blocked
train-001801,unprocessed,,0,not_selected_or_gate_blocked
train-001804,unprocessed,,0,not_selected_or_gate_blocked
train-001805,unprocessed,,0,not_selected_or_gate_blocked
train-001806,unprocessed,,0,not_selected_or_gate_blocked
train-001807,unprocessed,,0,not_selected_or_gate_blocked
train-001809,unprocessed,,0,not_selected_or_gate_blocked
train-001810,unprocessed,,0,not_selected_or_gate_blocked
train-001811,unprocessed,,0,not_selected_or_gate_blocked
train-001812,unprocessed,,0,not_selected_or_gate_blocked
train-001815,unprocessed,,0,not_selected_or_gate_blocked
train-001817,unprocessed,,0,not_selected_or_gate_blocked
train-001818,unprocessed,,0,not_selected_or_gate_blocked
train-001819,unprocessed,,0,not_selected_or_gate_blocked
train-001820,unprocessed,,0,not_selected_or_gate_blocked
train-001822,unprocessed,,0,not_selected_or_gate_blocked
train-001824,unprocessed,,0,not_selected_or_gate_blocked
train-001825,unprocessed,,0,not_selected_or_gate_blocked
train-001826,unprocessed,,0,not_selected_or_gate_blocked
train-001827,unprocessed,,0,not_selected_or_gate_blocked
train-001828,unprocessed,,0,not_selected_or_gate_blocked
train-001829,unprocessed,,0,not_selected_or_gate_blocked
train-001830,unprocessed,,0,not_selected_or_gate_blocked
train-001833,unprocessed,,0,not_selected_or_gate_blocked
train-001834,unprocessed,,0,not_selected_or_gate_blocked
train-001835,unprocessed,,0,not_selected_or_gate_blocked
train-001837,unprocessed,,0,not_selected_or_gate_blocked
train-001838,unprocessed,,0,not_selected_or_gate_blocked
train-001840,unprocessed,,0,not_selected_or_gate_blocked
train-001843,unprocessed,,0,not_selected_or_gate_blocked
train-001844,unprocessed,,0,not_selected_or_gate_blocked
train-001845,unprocessed,,0,not_selected_or_gate_blocked
train-001848,unprocessed,,0,not_selected_or_gate_blocked
train-001850,unprocessed,,0,not_selected_or_gate_blocked
train-001852,unprocessed,,0,not_selected_or_gate_blocked
train-001853,unprocessed,,0,not_selected_or_gate_blocked
train-001854,unprocessed,,0,not_selected_or_gate_blocked
train-001855,unprocessed,,0,not_selected_or_gate_blocked
train-001856,unprocessed,,0,not_selected_or_gate_blocked
train-001857,unprocessed,,0,not_selected_or_gate_blocked
train-001858,unprocessed,,0,not_selected_or_gate_blocked
train-001859,unprocessed,,0,not_selected_or_gate_blocked
train-001860,unprocessed,,0,not_selected_or_gate_blocked
train-001861,unprocessed,,0,not_selected_or_gate_blocked
train-001862,unprocessed,,0,not_selected_or_gate_blocked
train-001867,unprocessed,,0,not_selected_or_gate_blocked
train-001868,unprocessed,,0,not_selected_or_gate_blocked
train-001869,unprocessed,,0,not_selected_or_gate_blocked
train-001870,unprocessed,,0,not_selected_or_gate_blocked
train-001871,unprocessed,,0,not_selected_or_gate_blocked
train-001872,unprocessed,,0,not_selected_or_gate_blocked
train-001874,unprocessed,,0,not_selected_or_gate_blocked
train-001876,unprocessed,,0,not_selected_or_gate_blocked
train-001877,unprocessed,,0,not_selected_or_gate_blocked
train-001879,unprocessed,,0,not_selected_or_gate_blocked
train-001880,unprocessed,,0,not_selected_or_gate_blocked
train-001881,unprocessed,,0,not_selected_or_gate_blocked
train-001882,unprocessed,,0,not_selected_or_gate_blocked
train-001883,unprocessed,,0,not_selected_or_gate_blocked
train-001887,unprocessed,,0,not_selected_or_gate_blocked
train-001888,unprocessed,,0,not_selected_or_gate_blocked
train-001889,unprocessed,,0,not_selected_or_gate_blocked
train-001890,unprocessed,,0,not_selected_or_gate_blocked
train-001891,unprocessed,,0,not_selected_or_gate_blocked
train-001892,unprocessed,,0,not_selected_or_gate_blocked
train-001893,unprocessed,,0,not_selected_or_gate_blocked
train-001894,unprocessed,,0,not_selected_or_gate_blocked
train-001895,unprocessed,,0,not_selected_or_gate_blocked
train-001897,unprocessed,,0,not_selected_or_gate_blocked
train-001898,unprocessed,,0,not_selected_or_gate_blocked
train-001899,unprocessed,,0,not_selected_or_gate_blocked
train-001900,unprocessed,,0,not_selected_or_gate_blocked
train-001901,unprocessed,,0,not_selected_or_gate_blocked
train-001904,unprocessed,,0,not_selected_or_gate_blocked
train-001905,unprocessed,,0,not_selected_or_gate_blocked
train-001906,unprocessed,,0,not_selected_or_gate_blocked
train-001907,unprocessed,,0,not_selected_or_gate_blocked
train-001908,unprocessed,,0,not_selected_or_gate_blocked
train-001909,unprocessed,,0,not_selected_or_gate_blocked
train-001911,unprocessed,,0,not_selected_or_gate_blocked
train-001912,unprocessed,,0,not_selected_or_gate_blocked
train-001913,unprocessed,,0,not_selected_or_gate_blocked
train-001915,unprocessed,,0,not_selected_or_gate_blocked
train-001916,unprocessed,,0,not_selected_or_gate_blocked
train-001917,unprocessed,,0,not_selected_or_gate_blocked
train-001918,unprocessed,,0,not_selected_or_gate_blocked
train-001919,unprocessed,,0,not_selected_or_gate_blocked
train-001920,unprocessed,,0,not_selected_or_gate_blocked
train-001922,unprocessed,,0,not_selected_or_gate_blocked
train-001923,unprocessed,,0,not_selected_or_gate_blocked
train-001924,unprocessed,,0,not_selected_or_gate_blocked
train-001925,unprocessed,,0,not_selected_or_gate_blocked
train-001926,unprocessed,,0,not_selected_or_gate_blocked
train-001927,unprocessed,,0,not_selected_or_gate_blocked
train-001928,unprocessed,,0,not_selected_or_gate_blocked
train-001929,unprocessed,,0,not_selected_or_gate_blocked
train-001930,unprocessed,,0,not_selected_or_gate_blocked
train-001931,unprocessed,,0,not_selected_or_gate_blocked
train-001932,unprocessed,,0,not_selected_or_gate_blocked
train-001933,unprocessed,,0,not_selected_or_gate_blocked
train-001935,unprocessed,,0,not_selected_or_gate_blocked
train-001937,unprocessed,,0,not_selected_or_gate_blocked
train-001939,unprocessed,,0,not_selected_or_gate_blocked
train-001940,unprocessed,,0,not_selected_or_gate_blocked
train-001941,unprocessed,,0,not_selected_or_gate_blocked
train-001942,unprocessed,,0,not_selected_or_gate_blocked
train-001943,unprocessed,,0,not_selected_or_gate_blocked
train-001944,unprocessed,,0,not_selected_or_gate_blocked
train-001945,unprocessed,,0,not_selected_or_gate_blocked
train-001947,unprocessed,,0,not_selected_or_gate_blocked
train-001950,unprocessed,,0,not_selected_or_gate_blocked
train-001952,unprocessed,,0,not_selected_or_gate_blocked
train-001953,unprocessed,,0,not_selected_or_gate_blocked
train-001955,unprocessed,,0,not_selected_or_gate_blocked
train-001956,unprocessed,,0,not_selected_or_gate_blocked
train-001957,unprocessed,,0,not_selected_or_gate_blocked
train-001958,unprocessed,,0,not_selected_or_gate_blocked
train-001959,unprocessed,,0,not_selected_or_gate_blocked
train-001961,unprocessed,,0,not_selected_or_gate_blocked
train-001963,unprocessed,,0,not_selected_or_gate_blocked
train-001964,unprocessed,,0,not_selected_or_gate_blocked
train-001966,unprocessed,,0,not_selected_or_gate_blocked
train-001967,unprocessed,,0,not_selected_or_gate_blocked
train-001968,unprocessed,,0,not_selected_or_gate_blocked
train-001969,unprocessed,,0,not_selected_or_gate_blocked
train-001970,unprocessed,,0,not_selected_or_gate_blocked
train-001971,unprocessed,,0,not_selected_or_gate_blocked
train-001973,unprocessed,,0,not_selected_or_gate_blocked
train-001975,unprocessed,,0,not_selected_or_gate_blocked
train-001976,unprocessed,,0,not_selected_or_gate_blocked
train-001978,unprocessed,,0,not_selected_or_gate_blocked
train-001979,unprocessed,,0,not_selected_or_gate_blocked
train-001980,unprocessed,,0,not_selected_or_gate_blocked
train-001981,unprocessed,,0,not_selected_or_gate_blocked
train-001982,unprocessed,,0,not_selected_or_gate_blocked
train-001984,unprocessed,,0,not_selected_or_gate_blocked
train-001985,unprocessed,,0,not_selected_or_gate_blocked
train-001986,unprocessed,,0,not_selected_or_gate_blocked
train-001987,unprocessed,,0,not_selected_or_gate_blocked
train-001988,unprocessed,,0,not_selected_or_gate_blocked
train-001990,unprocessed,,0,not_selected_or_gate_blocked
train-001991,unprocessed,,0,not_selected_or_gate_blocked
train-001992,unprocessed,,0,not_selected_or_gate_blocked
train-001993,unprocessed,,0,not_selected_or_gate_blocked
train-001994,unprocessed,,0,not_selected_or_gate_blocked
train-001995,unprocessed,,0,not_selected_or_gate_blocked
train-001996,unprocessed,,0,not_selected_or_gate_blocked
train-001997,unprocessed,,0,not_selected_or_gate_blocked
train-001998,unprocessed,,0,not_selected_or_gate_blocked
train-001999,unprocessed,,0,not_selected_or_gate_blocked
train-002000,unprocessed,,0,not_selected_or_gate_blocked
train-002001,unprocessed,,0,not_selected_or_gate_blocked
train-002002,unprocessed,,0,not_selected_or_gate_blocked
train-002006,unprocessed,,0,not_selected_or_gate_blocked
train-002007,unprocessed,,0,not_selected_or_gate_blocked
train-002008,unprocessed,,0,not_selected_or_gate_blocked
train-002009,unprocessed,,0,not_selected_or_gate_blocked
train-002010,unprocessed,,0,not_selected_or_gate_blocked
train-002013,unprocessed,,0,not_selected_or_gate_blocked
train-002015,unprocessed,,0,not_selected_or_gate_blocked
train-002016,unprocessed,,0,not_selected_or_gate_blocked
train-002017,unprocessed,,0,not_selected_or_gate_blocked
train-002018,unprocessed,,0,not_selected_or_gate_blocked
train-002022,unprocessed,,0,not_selected_or_gate_blocked
train-002023,unprocessed,,0,not_selected_or_gate_blocked
train-002024,unprocessed,,0,not_selected_or_gate_blocked
train-002026,unprocessed,,0,not_selected_or_gate_blocked
train-002027,unprocessed,,0,not_selected_or_gate_blocked
train-002028,unprocessed,,0,not_selected_or_gate_blocked
train-002029,unprocessed,,0,not_selected_or_gate_blocked
train-002030,unprocessed,,0,not_selected_or_gate_blocked
train-002032,unprocessed,,0,not_selected_or_gate_blocked
train-002035,unprocessed,,0,not_selected_or_gate_blocked
train-002038,unprocessed,,0,not_selected_or_gate_blocked
train-002039,unprocessed,,0,not_selected_or_gate_blocked
train-002040,unprocessed,,0,not_selected_or_gate_blocked
train-002041,unprocessed,,0,not_selected_or_gate_blocked
train-002042,unprocessed,,0,not_selected_or_gate_blocked
train-002043,unprocessed,,0,not_selected_or_gate_blocked
train-002044,unprocessed,,0,not_selected_or_gate_blocked
train-002045,unprocessed,,0,not_selected_or_gate_blocked
train-002046,unprocessed,,0,not_selected_or_gate_blocked
train-002048,unprocessed,,0,not_selected_or_gate_blocked
train-002049,unprocessed,,0,not_selected_or_gate_blocked
train-002050,unprocessed,,0,not_selected_or_gate_blocked
train-002055,unprocessed,,0,not_selected_or_gate_blocked
train-002056,unprocessed,,0,not_selected_or_gate_blocked
train-002057,unprocessed,,0,not_selected_or_gate_blocked
train-002059,unprocessed,,0,not_selected_or_gate_blocked
train-002060,unprocessed,,0,not_selected_or_gate_blocked
train-002061,unprocessed,,0,not_selected_or_gate_blocked
train-002062,unprocessed,,0,not_selected_or_gate_blocked
train-002064,unprocessed,,0,not_selected_or_gate_blocked
train-002065,unprocessed,,0,not_selected_or_gate_blocked
train-002066,unprocessed,,0,not_selected_or_gate_blocked
train-002067,unprocessed,,0,not_selected_or_gate_blocked
train-002068,unprocessed,,0,not_selected_or_gate_blocked
train-002071,unprocessed,,0,not_selected_or_gate_blocked
train-002074,unprocessed,,0,not_selected_or_gate_blocked
train-002075,unprocessed,,0,not_selected_or_gate_blocked
train-002077,unprocessed,,0,not_selected_or_gate_blocked
train-002078,unprocessed,,0,not_selected_or_gate_blocked
train-002079,unprocessed,,0,not_selected_or_gate_blocked
train-002082,unprocessed,,0,not_selected_or_gate_blocked
train-002084,unprocessed,,0,not_selected_or_gate_blocked
train-002085,unprocessed,,0,not_selected_or_gate_blocked
train-002086,unprocessed,,0,not_selected_or_gate_blocked
train-002087,unprocessed,,0,not_selected_or_gate_blocked
train-002088,unprocessed,,0,not_selected_or_gate_blocked
train-002089,unprocessed,,0,not_selected_or_gate_blocked
train-002090,unprocessed,,0,not_selected_or_gate_blocked
train-002092,unprocessed,,0,not_selected_or_gate_blocked
train-002093,unprocessed,,0,not_selected_or_gate_blocked
train-002094,unprocessed,,0,not_selected_or_gate_blocked
train-002096,unprocessed,,0,not_selected_or_gate_blocked
train-002097,unprocessed,,0,not_selected_or_gate_blocked
train-002098,unprocessed,,0,not_selected_or_gate_blocked
train-002099,unprocessed,,0,not_selected_or_gate_blocked
train-002100,unprocessed,,0,not_selected_or_gate_blocked
train-002101,unprocessed,,0,not_selected_or_gate_blocked
train-002102,unprocessed,,0,not_selected_or_gate_blocked
train-002103,unprocessed,,0,not_selected_or_gate_blocked
train-002104,unprocessed,,0,not_selected_or_gate_blocked
train-002105,unprocessed,,0,not_selected_or_gate_blocked
train-002106,unprocessed,,0,not_selected_or_gate_blocked
train-002107,unprocessed,,0,not_selected_or_gate_blocked
train-002108,unprocessed,,0,not_selected_or_gate_blocked
train-002109,unprocessed,,0,not_selected_or_gate_blocked
train-002110,unprocessed,,0,not_selected_or_gate_blocked
train-002111,unprocessed,,0,not_selected_or_gate_blocked
train-002112,unprocessed,,0,not_selected_or_gate_blocked
train-002113,unprocessed,,0,not_selected_or_gate_blocked
train-002115,unprocessed,,0,not_selected_or_gate_blocked
train-002116,unprocessed,,0,not_selected_or_gate_blocked
train-002118,unprocessed,,0,not_selected_or_gate_blocked
train-002119,unprocessed,,0,not_selected_or_gate_blocked
train-002120,unprocessed,,0,not_selected_or_gate_blocked
train-002121,unprocessed,,0,not_selected_or_gate_blocked
train-002122,unprocessed,,0,not_selected_or_gate_blocked
train-002123,unprocessed,,0,not_selected_or_gate_blocked
train-002124,unprocessed,,0,not_selected_or_gate_blocked
train-002128,unprocessed,,0,not_selected_or_gate_blocked
train-002131,unprocessed,,0,not_selected_or_gate_blocked
train-002132,unprocessed,,0,not_selected_or_gate_blocked
train-002133,unprocessed,,0,not_selected_or_gate_blocked
train-002135,unprocessed,,0,not_selected_or_gate_blocked
train-002136,unprocessed,,0,not_selected_or_gate_blocked
train-002138,unprocessed,,0,not_selected_or_gate_blocked
train-002139,unprocessed,,0,not_selected_or_gate_blocked
train-002140,unprocessed,,0,not_selected_or_gate_blocked
train-002141,unprocessed,,0,not_selected_or_gate_blocked
train-002143,unprocessed,,0,not_selected_or_gate_blocked
train-002145,unprocessed,,0,not_selected_or_gate_blocked
train-002146,unprocessed,,0,not_selected_or_gate_blocked
train-002147,unprocessed,,0,not_selected_or_gate_blocked
train-002149,unprocessed,,0,not_selected_or_gate_blocked
train-002151,unprocessed,,0,not_selected_or_gate_blocked
train-002153,unprocessed,,0,not_selected_or_gate_blocked
train-002154,unprocessed,,0,not_selected_or_gate_blocked
train-002155,unprocessed,,0,not_selected_or_gate_blocked
train-002156,unprocessed,,0,not_selected_or_gate_blocked
train-002157,unprocessed,,0,not_selected_or_gate_blocked
train-002158,unprocessed,,0,not_selected_or_gate_blocked
train-002160,unprocessed,,0,not_selected_or_gate_blocked
train-002161,unprocessed,,0,not_selected_or_gate_blocked
train-002162,unprocessed,,0,not_selected_or_gate_blocked
train-002163,unprocessed,,0,not_selected_or_gate_blocked
train-002165,unprocessed,,0,not_selected_or_gate_blocked
train-002167,unprocessed,,0,not_selected_or_gate_blocked
train-002168,unprocessed,,0,not_selected_or_gate_blocked
train-002169,unprocessed,,0,not_selected_or_gate_blocked
train-002170,unprocessed,,0,not_selected_or_gate_blocked
train-002171,unprocessed,,0,not_selected_or_gate_blocked
train-002172,unprocessed,,0,not_selected_or_gate_blocked
train-002173,unprocessed,,0,not_selected_or_gate_blocked
train-002174,unprocessed,,0,not_selected_or_gate_blocked
train-002176,unprocessed,,0,not_selected_or_gate_blocked
train-002177,unprocessed,,0,not_selected_or_gate_blocked
train-002178,unprocessed,,0,not_selected_or_gate_blocked
train-002179,unprocessed,,0,not_selected_or_gate_blocked
train-002180,unprocessed,,0,not_selected_or_gate_blocked
train-002182,unprocessed,,0,not_selected_or_gate_blocked
train-002183,unprocessed,,0,not_selected_or_gate_blocked
train-002184,unprocessed,,0,not_selected_or_gate_blocked
train-002185,unprocessed,,0,not_selected_or_gate_blocked
train-002186,unprocessed,,0,not_selected_or_gate_blocked
train-002188,unprocessed,,0,not_selected_or_gate_blocked
train-002189,unprocessed,,0,not_selected_or_gate_blocked
train-002190,unprocessed,,0,not_selected_or_gate_blocked
train-002194,unprocessed,,0,not_selected_or_gate_blocked
train-002196,unprocessed,,0,not_selected_or_gate_blocked
train-002197,unprocessed,,0,not_selected_or_gate_blocked
train-002198,unprocessed,,0,not_selected_or_gate_blocked
train-002199,unprocessed,,0,not_selected_or_gate_blocked
train-002200,unprocessed,,0,not_selected_or_gate_blocked
train-002202,unprocessed,,0,not_selected_or_gate_blocked
train-002203,unprocessed,,0,not_selected_or_gate_blocked
train-002205,unprocessed,,0,not_selected_or_gate_blocked
train-002206,unprocessed,,0,not_selected_or_gate_blocked
train-002207,unprocessed,,0,not_selected_or_gate_blocked
train-002208,unprocessed,,0,not_selected_or_gate_blocked
train-002209,unprocessed,,0,not_selected_or_gate_blocked
train-002210,unprocessed,,0,not_selected_or_gate_blocked
train-002211,unprocessed,,0,not_selected_or_gate_blocked
train-002212,unprocessed,,0,not_selected_or_gate_blocked
train-002213,unprocessed,,0,not_selected_or_gate_blocked
train-002214,unprocessed,,0,not_selected_or_gate_blocked
train-002215,unprocessed,,0,not_selected_or_gate_blocked
train-002216,unprocessed,,0,not_selected_or_gate_blocked
train-002217,unprocessed,,0,not_selected_or_gate_blocked
train-002218,unprocessed,,0,not_selected_or_gate_blocked
train-002220,unprocessed,,0,not_selected_or_gate_blocked
train-002221,unprocessed,,0,not_selected_or_gate_blocked
train-002222,unprocessed,,0,not_selected_or_gate_blocked
train-002223,unprocessed,,0,not_selected_or_gate_blocked
train-002224,unprocessed,,0,not_selected_or_gate_blocked
train-002225,unprocessed,,0,not_selected_or_gate_blocked
train-002226,unprocessed,,0,not_selected_or_gate_blocked
train-002231,unprocessed,,0,not_selected_or_gate_blocked
train-002232,unprocessed,,0,not_selected_or_gate_blocked
train-002233,unprocessed,,0,not_selected_or_gate_blocked
train-002234,unprocessed,,0,not_selected_or_gate_blocked
train-002235,unprocessed,,0,not_selected_or_gate_blocked
train-002236,unprocessed,,0,not_selected_or_gate_blocked
train-002237,unprocessed,,0,not_selected_or_gate_blocked
train-002238,unprocessed,,0,not_selected_or_gate_blocked
train-002240,unprocessed,,0,not_selected_or_gate_blocked
train-002241,unprocessed,,0,not_selected_or_gate_blocked
train-002242,unprocessed,,0,not_selected_or_gate_blocked
train-002243,unprocessed,,0,not_selected_or_gate_blocked
train-002244,unprocessed,,0,not_selected_or_gate_blocked
train-002245,unprocessed,,0,not_selected_or_gate_blocked
train-002247,unprocessed,,0,not_selected_or_gate_blocked
train-002248,unprocessed,,0,not_selected_or_gate_blocked
train-002249,unprocessed,,0,not_selected_or_gate_blocked
train-002250,unprocessed,,0,not_selected_or_gate_blocked
train-002251,unprocessed,,0,not_selected_or_gate_blocked
train-002252,unprocessed,,0,not_selected_or_gate_blocked
train-002255,unprocessed,,0,not_selected_or_gate_blocked
train-002256,unprocessed,,0,not_selected_or_gate_blocked
train-002257,unprocessed,,0,not_selected_or_gate_blocked
train-002259,unprocessed,,0,not_selected_or_gate_blocked
train-002260,unprocessed,,0,not_selected_or_gate_blocked
train-002261,unprocessed,,0,not_selected_or_gate_blocked
train-002262,unprocessed,,0,not_selected_or_gate_blocked
train-002266,unprocessed,,0,not_selected_or_gate_blocked
train-002267,unprocessed,,0,not_selected_or_gate_blocked
train-002268,unprocessed,,0,not_selected_or_gate_blocked
train-002269,unprocessed,,0,not_selected_or_gate_blocked
train-002270,unprocessed,,0,not_selected_or_gate_blocked
train-002271,unprocessed,,0,not_selected_or_gate_blocked
train-002272,unprocessed,,0,not_selected_or_gate_blocked
train-002273,unprocessed,,0,not_selected_or_gate_blocked
train-002274,unprocessed,,0,not_selected_or_gate_blocked
train-002275,unprocessed,,0,not_selected_or_gate_blocked
train-002276,unprocessed,,0,not_selected_or_gate_blocked
train-002277,unprocessed,,0,not_selected_or_gate_blocked
train-002278,unprocessed,,0,not_selected_or_gate_blocked
train-002280,unprocessed,,0,not_selected_or_gate_blocked
train-002281,unprocessed,,0,not_selected_or_gate_blocked
train-002282,unprocessed,,0,not_selected_or_gate_blocked
train-002283,unprocessed,,0,not_selected_or_gate_blocked
train-002284,unprocessed,,0,not_selected_or_gate_blocked
train-002285,unprocessed,,0,not_selected_or_gate_blocked
train-002288,unprocessed,,0,not_selected_or_gate_blocked
train-002289,unprocessed,,0,not_selected_or_gate_blocked
train-002291,unprocessed,,0,not_selected_or_gate_blocked
train-002292,unprocessed,,0,not_selected_or_gate_blocked
train-002293,unprocessed,,0,not_selected_or_gate_blocked
train-002294,unprocessed,,0,not_selected_or_gate_blocked
train-002295,unprocessed,,0,not_selected_or_gate_blocked
train-002296,unprocessed,,0,not_selected_or_gate_blocked
train-002299,unprocessed,,0,not_selected_or_gate_blocked
train-002301,unprocessed,,0,not_selected_or_gate_blocked
train-002302,unprocessed,,0,not_selected_or_gate_blocked
train-002303,unprocessed,,0,not_selected_or_gate_blocked
train-002304,unprocessed,,0,not_selected_or_gate_blocked
train-002305,unprocessed,,0,not_selected_or_gate_blocked
train-002307,unprocessed,,0,not_selected_or_gate_blocked
train-002308,unprocessed,,0,not_selected_or_gate_blocked
train-002309,unprocessed,,0,not_selected_or_gate_blocked
train-002311,unprocessed,,0,not_selected_or_gate_blocked
train-002313,unprocessed,,0,not_selected_or_gate_blocked
train-002315,unprocessed,,0,not_selected_or_gate_blocked
train-002317,unprocessed,,0,not_selected_or_gate_blocked
train-002318,unprocessed,,0,not_selected_or_gate_blocked
train-002319,unprocessed,,0,not_selected_or_gate_blocked
train-002323,unprocessed,,0,not_selected_or_gate_blocked
train-002326,unprocessed,,0,not_selected_or_gate_blocked
train-002327,unprocessed,,0,not_selected_or_gate_blocked
train-002328,unprocessed,,0,not_selected_or_gate_blocked
train-002329,unprocessed,,0,not_selected_or_gate_blocked
train-002330,unprocessed,,0,not_selected_or_gate_blocked
train-002332,unprocessed,,0,not_selected_or_gate_blocked
train-002334,unprocessed,,0,not_selected_or_gate_blocked
train-002335,unprocessed,,0,not_selected_or_gate_blocked
train-002336,unprocessed,,0,not_selected_or_gate_blocked
train-002337,unprocessed,,0,not_selected_or_gate_blocked
train-002338,unprocessed,,0,not_selected_or_gate_blocked
train-002339,unprocessed,,0,not_selected_or_gate_blocked
train-002340,unprocessed,,0,not_selected_or_gate_blocked
train-002341,unprocessed,,0,not_selected_or_gate_blocked
train-002343,unprocessed,,0,not_selected_or_gate_blocked
train-002345,unprocessed,,0,not_selected_or_gate_blocked
train-002346,unprocessed,,0,not_selected_or_gate_blocked
train-002347,unprocessed,,0,not_selected_or_gate_blocked
train-002349,unprocessed,,0,not_selected_or_gate_blocked
train-002350,unprocessed,,0,not_selected_or_gate_blocked
train-002353,unprocessed,,0,not_selected_or_gate_blocked
train-002354,unprocessed,,0,not_selected_or_gate_blocked
train-002357,unprocessed,,0,not_selected_or_gate_blocked
train-002358,unprocessed,,0,not_selected_or_gate_blocked
train-002360,unprocessed,,0,not_selected_or_gate_blocked
train-002361,unprocessed,,0,not_selected_or_gate_blocked
train-002362,unprocessed,,0,not_selected_or_gate_blocked
train-002365,unprocessed,,0,not_selected_or_gate_blocked
train-002366,unprocessed,,0,not_selected_or_gate_blocked
train-002367,unprocessed,,0,not_selected_or_gate_blocked
train-002368,unprocessed,,0,not_selected_or_gate_blocked
train-002369,unprocessed,,0,not_selected_or_gate_blocked
train-002370,unprocessed,,0,not_selected_or_gate_blocked
train-002371,unprocessed,,0,not_selected_or_gate_blocked
train-002372,unprocessed,,0,not_selected_or_gate_blocked
train-002374,unprocessed,,0,not_selected_or_gate_blocked
train-002375,unprocessed,,0,not_selected_or_gate_blocked
train-002379,unprocessed,,0,not_selected_or_gate_blocked
train-002381,unprocessed,,0,not_selected_or_gate_blocked
train-002382,unprocessed,,0,not_selected_or_gate_blocked
train-002384,unprocessed,,0,not_selected_or_gate_blocked
train-002387,unprocessed,,0,not_selected_or_gate_blocked
train-002388,unprocessed,,0,not_selected_or_gate_blocked
train-002389,unprocessed,,0,not_selected_or_gate_blocked
train-002390,unprocessed,,0,not_selected_or_gate_blocked
train-002391,unprocessed,,0,not_selected_or_gate_blocked
train-002393,unprocessed,,0,not_selected_or_gate_blocked
train-002394,unprocessed,,0,not_selected_or_gate_blocked
train-002395,unprocessed,,0,not_selected_or_gate_blocked
train-002398,unprocessed,,0,not_selected_or_gate_blocked
train-002400,unprocessed,,0,not_selected_or_gate_blocked
train-002401,unprocessed,,0,not_selected_or_gate_blocked
train-002402,unprocessed,,0,not_selected_or_gate_blocked
train-002403,unprocessed,,0,not_selected_or_gate_blocked
train-002404,unprocessed,,0,not_selected_or_gate_blocked
train-002407,unprocessed,,0,not_selected_or_gate_blocked
train-002408,unprocessed,,0,not_selected_or_gate_blocked
train-002409,unprocessed,,0,not_selected_or_gate_blocked
train-002410,unprocessed,,0,not_selected_or_gate_blocked
train-002412,unprocessed,,0,not_selected_or_gate_blocked
train-002413,unprocessed,,0,not_selected_or_gate_blocked
train-002415,unprocessed,,0,not_selected_or_gate_blocked
train-002418,unprocessed,,0,not_selected_or_gate_blocked
train-002419,unprocessed,,0,not_selected_or_gate_blocked
train-002420,unprocessed,,0,not_selected_or_gate_blocked
train-002421,unprocessed,,0,not_selected_or_gate_blocked
train-002423,unprocessed,,0,not_selected_or_gate_blocked
train-002424,unprocessed,,0,not_selected_or_gate_blocked
train-002425,unprocessed,,0,not_selected_or_gate_blocked
train-002426,unprocessed,,0,not_selected_or_gate_blocked
train-002427,unprocessed,,0,not_selected_or_gate_blocked
train-002428,unprocessed,,0,not_selected_or_gate_blocked
train-002430,unprocessed,,0,not_selected_or_gate_blocked
train-002433,unprocessed,,0,not_selected_or_gate_blocked
train-002434,unprocessed,,0,not_selected_or_gate_blocked
train-002437,unprocessed,,0,not_selected_or_gate_blocked
train-002438,unprocessed,,0,not_selected_or_gate_blocked
train-002439,unprocessed,,0,not_selected_or_gate_blocked
train-002441,unprocessed,,0,not_selected_or_gate_blocked
train-002442,unprocessed,,0,not_selected_or_gate_blocked
train-002443,unprocessed,,0,not_selected_or_gate_blocked
train-002444,unprocessed,,0,not_selected_or_gate_blocked
train-002445,unprocessed,,0,not_selected_or_gate_blocked
train-002446,unprocessed,,0,not_selected_or_gate_blocked
train-002447,unprocessed,,0,not_selected_or_gate_blocked
train-002448,unprocessed,,0,not_selected_or_gate_blocked
train-002449,unprocessed,,0,not_selected_or_gate_blocked
train-002451,unprocessed,,0,not_selected_or_gate_blocked
train-002452,unprocessed,,0,not_selected_or_gate_blocked
train-002453,unprocessed,,0,not_selected_or_gate_blocked
train-002455,unprocessed,,0,not_selected_or_gate_blocked
train-002456,unprocessed,,0,not_selected_or_gate_blocked
train-002457,unprocessed,,0,not_selected_or_gate_blocked
train-002458,unprocessed,,0,not_selected_or_gate_blocked
train-002459,unprocessed,,0,not_selected_or_gate_blocked
train-002460,unprocessed,,0,not_selected_or_gate_blocked
train-002461,unprocessed,,0,not_selected_or_gate_blocked
train-002462,unprocessed,,0,not_selected_or_gate_blocked
train-002463,unprocessed,,0,not_selected_or_gate_blocked
train-002464,unprocessed,,0,not_selected_or_gate_blocked
train-002465,unprocessed,,0,not_selected_or_gate_blocked
train-002467,unprocessed,,0,not_selected_or_gate_blocked
train-002468,unprocessed,,0,not_selected_or_gate_blocked
train-002469,unprocessed,,0,not_selected_or_gate_blocked
train-002470,unprocessed,,0,not_selected_or_gate_blocked
train-002472,unprocessed,,0,not_selected_or_gate_blocked
train-002473,unprocessed,,0,not_selected_or_gate_blocked
train-002474,unprocessed,,0,not_selected_or_gate_blocked
train-002475,unprocessed,,0,not_selected_or_gate_blocked
train-002476,unprocessed,,0,not_selected_or_gate_blocked
train-002477,unprocessed,,0,not_selected_or_gate_blocked
train-002478,unprocessed,,0,not_selected_or_gate_blocked
train-002480,unprocessed,,0,not_selected_or_gate_blocked
train-002481,unprocessed,,0,not_selected_or_gate_blocked
train-002482,unprocessed,,0,not_selected_or_gate_blocked
train-002484,unprocessed,,0,not_selected_or_gate_blocked
train-002485,unprocessed,,0,not_selected_or_gate_blocked
train-002486,unprocessed,,0,not_selected_or_gate_blocked
train-002487,unprocessed,,0,not_selected_or_gate_blocked
train-002490,unprocessed,,0,not_selected_or_gate_blocked
train-002491,unprocessed,,0,not_selected_or_gate_blocked
train-002492,unprocessed,,0,not_selected_or_gate_blocked
train-002493,unprocessed,,0,not_selected_or_gate_blocked
train-002494,unprocessed,,0,not_selected_or_gate_blocked
train-002495,unprocessed,,0,not_selected_or_gate_blocked
train-002498,unprocessed,,0,not_selected_or_gate_blocked
train-002501,unprocessed,,0,not_selected_or_gate_blocked
train-002502,unprocessed,,0,not_selected_or_gate_blocked
train-002504,unprocessed,,0,not_selected_or_gate_blocked
train-002505,unprocessed,,0,not_selected_or_gate_blocked
train-002506,unprocessed,,0,not_selected_or_gate_blocked
train-002507,unprocessed,,0,not_selected_or_gate_blocked
train-002509,unprocessed,,0,not_selected_or_gate_blocked
train-002510,unprocessed,,0,not_selected_or_gate_blocked
train-002511,unprocessed,,0,not_selected_or_gate_blocked
train-002513,unprocessed,,0,not_selected_or_gate_blocked
train-002514,unprocessed,,0,not_selected_or_gate_blocked
train-002516,unprocessed,,0,not_selected_or_gate_blocked
train-002517,unprocessed,,0,not_selected_or_gate_blocked
train-002518,unprocessed,,0,not_selected_or_gate_blocked
train-002519,unprocessed,,0,not_selected_or_gate_blocked
train-002520,unprocessed,,0,not_selected_or_gate_blocked
train-002521,unprocessed,,0,not_selected_or_gate_blocked
train-002522,unprocessed,,0,not_selected_or_gate_blocked
train-002523,unprocessed,,0,not_selected_or_gate_blocked
train-002524,unprocessed,,0,not_selected_or_gate_blocked
train-002525,unprocessed,,0,not_selected_or_gate_blocked
train-002526,unprocessed,,0,not_selected_or_gate_blocked
train-002527,unprocessed,,0,not_selected_or_gate_blocked
train-002528,unprocessed,,0,not_selected_or_gate_blocked
train-002530,unprocessed,,0,not_selected_or_gate_blocked
train-002532,unprocessed,,0,not_selected_or_gate_blocked
train-002535,unprocessed,,0,not_selected_or_gate_blocked
train-002537,unprocessed,,0,not_selected_or_gate_blocked
train-002540,unprocessed,,0,not_selected_or_gate_blocked
train-002542,unprocessed,,0,not_selected_or_gate_blocked
train-002543,unprocessed,,0,not_selected_or_gate_blocked
train-002544,unprocessed,,0,not_selected_or_gate_blocked
train-002545,unprocessed,,0,not_selected_or_gate_blocked
train-002546,unprocessed,,0,not_selected_or_gate_blocked
train-002547,unprocessed,,0,not_selected_or_gate_blocked
train-002548,unprocessed,,0,not_selected_or_gate_blocked
train-002549,unprocessed,,0,not_selected_or_gate_blocked
train-002550,unprocessed,,0,not_selected_or_gate_blocked
train-002552,unprocessed,,0,not_selected_or_gate_blocked
train-002553,unprocessed,,0,not_selected_or_gate_blocked
train-002554,unprocessed,,0,not_selected_or_gate_blocked
train-002557,unprocessed,,0,not_selected_or_gate_blocked
train-002558,unprocessed,,0,not_selected_or_gate_blocked
train-002561,unprocessed,,0,not_selected_or_gate_blocked
train-002562,unprocessed,,0,not_selected_or_gate_blocked
train-002563,unprocessed,,0,not_selected_or_gate_blocked
train-002564,unprocessed,,0,not_selected_or_gate_blocked
train-002565,unprocessed,,0,not_selected_or_gate_blocked
train-002566,unprocessed,,0,not_selected_or_gate_blocked
train-002568,unprocessed,,0,not_selected_or_gate_blocked
train-002570,unprocessed,,0,not_selected_or_gate_blocked
train-002571,unprocessed,,0,not_selected_or_gate_blocked
train-002572,unprocessed,,0,not_selected_or_gate_blocked
train-002575,unprocessed,,0,not_selected_or_gate_blocked
train-002577,unprocessed,,0,not_selected_or_gate_blocked
train-002579,unprocessed,,0,not_selected_or_gate_blocked
train-002580,unprocessed,,0,not_selected_or_gate_blocked
train-002581,unprocessed,,0,not_selected_or_gate_blocked
train-002584,unprocessed,,0,not_selected_or_gate_blocked
train-002585,unprocessed,,0,not_selected_or_gate_blocked
train-002588,unprocessed,,0,not_selected_or_gate_blocked
train-002589,unprocessed,,0,not_selected_or_gate_blocked
train-002590,unprocessed,,0,not_selected_or_gate_blocked
train-002591,unprocessed,,0,not_selected_or_gate_blocked
train-002592,unprocessed,,0,not_selected_or_gate_blocked
train-002593,unprocessed,,0,not_selected_or_gate_blocked
train-002595,unprocessed,,0,not_selected_or_gate_blocked
train-002598,unprocessed,,0,not_selected_or_gate_blocked
train-002601,unprocessed,,0,not_selected_or_gate_blocked
train-002602,unprocessed,,0,not_selected_or_gate_blocked
train-002604,unprocessed,,0,not_selected_or_gate_blocked
train-002605,unprocessed,,0,not_selected_or_gate_blocked
train-002606,unprocessed,,0,not_selected_or_gate_blocked
train-002607,unprocessed,,0,not_selected_or_gate_blocked
train-002608,unprocessed,,0,not_selected_or_gate_blocked
train-002609,unprocessed,,0,not_selected_or_gate_blocked
train-002611,unprocessed,,0,not_selected_or_gate_blocked
train-002612,unprocessed,,0,not_selected_or_gate_blocked
train-002614,unprocessed,,0,not_selected_or_gate_blocked
train-002617,unprocessed,,0,not_selected_or_gate_blocked
train-002620,unprocessed,,0,not_selected_or_gate_blocked
train-002621,unprocessed,,0,not_selected_or_gate_blocked
train-002624,unprocessed,,0,not_selected_or_gate_blocked
train-002625,unprocessed,,0,not_selected_or_gate_blocked
train-002626,unprocessed,,0,not_selected_or_gate_blocked
train-002627,unprocessed,,0,not_selected_or_gate_blocked
train-002630,unprocessed,,0,not_selected_or_gate_blocked
train-002631,unprocessed,,0,not_selected_or_gate_blocked
train-002632,unprocessed,,0,not_selected_or_gate_blocked
train-002634,unprocessed,,0,not_selected_or_gate_blocked
train-002635,unprocessed,,0,not_selected_or_gate_blocked
train-002637,unprocessed,,0,not_selected_or_gate_blocked
train-002639,unprocessed,,0,not_selected_or_gate_blocked
train-002640,unprocessed,,0,not_selected_or_gate_blocked
train-002641,unprocessed,,0,not_selected_or_gate_blocked
train-002644,unprocessed,,0,not_selected_or_gate_blocked
train-002645,unprocessed,,0,not_selected_or_gate_blocked
train-002648,unprocessed,,0,not_selected_or_gate_blocked
train-002649,unprocessed,,0,not_selected_or_gate_blocked
train-002651,unprocessed,,0,not_selected_or_gate_blocked
train-002652,unprocessed,,0,not_selected_or_gate_blocked
train-002654,unprocessed,,0,not_selected_or_gate_blocked
train-002655,unprocessed,,0,not_selected_or_gate_blocked
train-002656,unprocessed,,0,not_selected_or_gate_blocked
train-002657,unprocessed,,0,not_selected_or_gate_blocked
train-002658,unprocessed,,0,not_selected_or_gate_blocked
train-002659,unprocessed,,0,not_selected_or_gate_blocked
train-002660,unprocessed,,0,not_selected_or_gate_blocked
train-002661,unprocessed,,0,not_selected_or_gate_blocked
train-002662,unprocessed,,0,not_selected_or_gate_blocked
train-002663,unprocessed,,0,not_selected_or_gate_blocked
train-002664,unprocessed,,0,not_selected_or_gate_blocked
train-002666,unprocessed,,0,not_selected_or_gate_blocked
train-002667,unprocessed,,0,not_selected_or_gate_blocked
train-002668,unprocessed,,0,not_selected_or_gate_blocked
train-002671,unprocessed,,0,not_selected_or_gate_blocked
train-002672,unprocessed,,0,not_selected_or_gate_blocked
train-002674,unprocessed,,0,not_selected_or_gate_blocked
train-002675,unprocessed,,0,not_selected_or_gate_blocked
train-002676,unprocessed,,0,not_selected_or_gate_blocked
train-002677,unprocessed,,0,not_selected_or_gate_blocked
train-002678,unprocessed,,0,not_selected_or_gate_blocked
train-002680,unprocessed,,0,not_selected_or_gate_blocked
train-002681,unprocessed,,0,not_selected_or_gate_blocked
train-002683,unprocessed,,0,not_selected_or_gate_blocked
train-002684,unprocessed,,0,not_selected_or_gate_blocked
train-002685,unprocessed,,0,not_selected_or_gate_blocked
train-002686,unprocessed,,0,not_selected_or_gate_blocked
train-002689,unprocessed,,0,not_selected_or_gate_blocked
train-002690,unprocessed,,0,not_selected_or_gate_blocked
train-002691,unprocessed,,0,not_selected_or_gate_blocked
train-002692,unprocessed,,0,not_selected_or_gate_blocked
train-002693,unprocessed,,0,not_selected_or_gate_blocked
train-002695,unprocessed,,0,not_selected_or_gate_blocked
train-002696,unprocessed,,0,not_selected_or_gate_blocked
train-002697,unprocessed,,0,not_selected_or_gate_blocked
train-002698,unprocessed,,0,not_selected_or_gate_blocked
train-002699,unprocessed,,0,not_selected_or_gate_blocked
train-002700,unprocessed,,0,not_selected_or_gate_blocked
train-002701,unprocessed,,0,not_selected_or_gate_blocked
train-002703,unprocessed,,0,not_selected_or_gate_blocked
train-002705,unprocessed,,0,not_selected_or_gate_blocked
train-002706,unprocessed,,0,not_selected_or_gate_blocked
train-002707,unprocessed,,0,not_selected_or_gate_blocked
train-002708,unprocessed,,0,not_selected_or_gate_blocked
train-002709,unprocessed,,0,not_selected_or_gate_blocked
train-002710,unprocessed,,0,not_selected_or_gate_blocked
train-002711,unprocessed,,0,not_selected_or_gate_blocked
train-002712,unprocessed,,0,not_selected_or_gate_blocked
train-002713,unprocessed,,0,not_selected_or_gate_blocked
train-002714,unprocessed,,0,not_selected_or_gate_blocked
train-002716,unprocessed,,0,not_selected_or_gate_blocked
train-002717,unprocessed,,0,not_selected_or_gate_blocked
train-002718,unprocessed,,0,not_selected_or_gate_blocked
train-002719,unprocessed,,0,not_selected_or_gate_blocked
train-002720,unprocessed,,0,not_selected_or_gate_blocked
train-002721,unprocessed,,0,not_selected_or_gate_blocked
train-002722,unprocessed,,0,not_selected_or_gate_blocked
train-002725,unprocessed,,0,not_selected_or_gate_blocked
train-002726,unprocessed,,0,not_selected_or_gate_blocked
train-002727,unprocessed,,0,not_selected_or_gate_blocked
train-002729,unprocessed,,0,not_selected_or_gate_blocked
train-002730,unprocessed,,0,not_selected_or_gate_blocked
train-002731,unprocessed,,0,not_selected_or_gate_blocked
train-002732,unprocessed,,0,not_selected_or_gate_blocked
train-002734,unprocessed,,0,not_selected_or_gate_blocked
train-002736,unprocessed,,0,not_selected_or_gate_blocked
train-002738,unprocessed,,0,not_selected_or_gate_blocked
train-002739,unprocessed,,0,not_selected_or_gate_blocked
train-002740,unprocessed,,0,not_selected_or_gate_blocked
train-002741,unprocessed,,0,not_selected_or_gate_blocked
train-002742,unprocessed,,0,not_selected_or_gate_blocked
train-002743,unprocessed,,0,not_selected_or_gate_blocked
train-002749,unprocessed,,0,not_selected_or_gate_blocked
train-002750,unprocessed,,0,not_selected_or_gate_blocked
train-002751,unprocessed,,0,not_selected_or_gate_blocked
train-002752,unprocessed,,0,not_selected_or_gate_blocked
train-002754,unprocessed,,0,not_selected_or_gate_blocked
train-002755,unprocessed,,0,not_selected_or_gate_blocked
train-002756,unprocessed,,0,not_selected_or_gate_blocked
train-002758,unprocessed,,0,not_selected_or_gate_blocked
train-002759,unprocessed,,0,not_selected_or_gate_blocked
train-002761,unprocessed,,0,not_selected_or_gate_blocked
train-002762,unprocessed,,0,not_selected_or_gate_blocked
train-002763,unprocessed,,0,not_selected_or_gate_blocked
train-002764,unprocessed,,0,not_selected_or_gate_blocked
train-002765,unprocessed,,0,not_selected_or_gate_blocked
train-002766,unprocessed,,0,not_selected_or_gate_blocked
train-002767,unprocessed,,0,not_selected_or_gate_blocked
train-002768,unprocessed,,0,not_selected_or_gate_blocked
train-002769,unprocessed,,0,not_selected_or_gate_blocked
train-002770,unprocessed,,0,not_selected_or_gate_blocked
train-002771,unprocessed,,0,not_selected_or_gate_blocked
train-002774,unprocessed,,0,not_selected_or_gate_blocked
train-002776,unprocessed,,0,not_selected_or_gate_blocked
train-002779,unprocessed,,0,not_selected_or_gate_blocked
train-002780,unprocessed,,0,not_selected_or_gate_blocked
train-002782,unprocessed,,0,not_selected_or_gate_blocked
train-002783,unprocessed,,0,not_selected_or_gate_blocked
train-002784,unprocessed,,0,not_selected_or_gate_blocked
train-002785,unprocessed,,0,not_selected_or_gate_blocked
train-002786,unprocessed,,0,not_selected_or_gate_blocked
train-002787,unprocessed,,0,not_selected_or_gate_blocked
train-002788,unprocessed,,0,not_selected_or_gate_blocked
train-002790,unprocessed,,0,not_selected_or_gate_blocked
train-002791,unprocessed,,0,not_selected_or_gate_blocked
train-002792,unprocessed,,0,not_selected_or_gate_blocked
train-002793,unprocessed,,0,not_selected_or_gate_blocked
train-002795,unprocessed,,0,not_selected_or_gate_blocked
train-002796,unprocessed,,0,not_selected_or_gate_blocked
train-002797,unprocessed,,0,not_selected_or_gate_blocked
train-002798,unprocessed,,0,not_selected_or_gate_blocked
train-002799,unprocessed,,0,not_selected_or_gate_blocked
train-002802,unprocessed,,0,not_selected_or_gate_blocked
train-002804,unprocessed,,0,not_selected_or_gate_blocked
train-002807,unprocessed,,0,not_selected_or_gate_blocked
train-002809,unprocessed,,0,not_selected_or_gate_blocked
train-002810,unprocessed,,0,not_selected_or_gate_blocked
train-002811,unprocessed,,0,not_selected_or_gate_blocked
train-002814,unprocessed,,0,not_selected_or_gate_blocked
train-002815,unprocessed,,0,not_selected_or_gate_blocked
train-002816,unprocessed,,0,not_selected_or_gate_blocked
train-002817,unprocessed,,0,not_selected_or_gate_blocked
train-002822,unprocessed,,0,not_selected_or_gate_blocked
train-002823,unprocessed,,0,not_selected_or_gate_blocked
train-002825,unprocessed,,0,not_selected_or_gate_blocked
train-002827,unprocessed,,0,not_selected_or_gate_blocked
train-002828,unprocessed,,0,not_selected_or_gate_blocked
train-002829,unprocessed,,0,not_selected_or_gate_blocked
train-002830,unprocessed,,0,not_selected_or_gate_blocked
train-002831,unprocessed,,0,not_selected_or_gate_blocked
train-002832,unprocessed,,0,not_selected_or_gate_blocked
train-002833,unprocessed,,0,not_selected_or_gate_blocked
train-002834,unprocessed,,0,not_selected_or_gate_blocked
train-002835,unprocessed,,0,not_selected_or_gate_blocked
train-002836,unprocessed,,0,not_selected_or_gate_blocked
train-002837,unprocessed,,0,not_selected_or_gate_blocked
train-002838,unprocessed,,0,not_selected_or_gate_blocked
train-002839,unprocessed,,0,not_selected_or_gate_blocked
train-002841,unprocessed,,0,not_selected_or_gate_blocked
train-002842,unprocessed,,0,not_selected_or_gate_blocked
train-002843,unprocessed,,0,not_selected_or_gate_blocked
train-002844,unprocessed,,0,not_selected_or_gate_blocked
train-002845,unprocessed,,0,not_selected_or_gate_blocked
train-002846,unprocessed,,0,not_selected_or_gate_blocked
train-002848,unprocessed,,0,not_selected_or_gate_blocked
train-002849,unprocessed,,0,not_selected_or_gate_blocked
train-002850,unprocessed,,0,not_selected_or_gate_blocked
train-002851,unprocessed,,0,not_selected_or_gate_blocked
train-002852,unprocessed,,0,not_selected_or_gate_blocked
train-002855,unprocessed,,0,not_selected_or_gate_blocked
train-002857,unprocessed,,0,not_selected_or_gate_blocked
train-002858,unprocessed,,0,not_selected_or_gate_blocked
train-002859,unprocessed,,0,not_selected_or_gate_blocked
train-002860,unprocessed,,0,not_selected_or_gate_blocked
train-002861,unprocessed,,0,not_selected_or_gate_blocked
train-002862,unprocessed,,0,not_selected_or_gate_blocked
train-002864,unprocessed,,0,not_selected_or_gate_blocked
train-002865,unprocessed,,0,not_selected_or_gate_blocked
train-002867,unprocessed,,0,not_selected_or_gate_blocked
train-002868,unprocessed,,0,not_selected_or_gate_blocked
train-002869,unprocessed,,0,not_selected_or_gate_blocked
train-002870,unprocessed,,0,not_selected_or_gate_blocked
train-002875,unprocessed,,0,not_selected_or_gate_blocked
train-002876,unprocessed,,0,not_selected_or_gate_blocked
train-002877,unprocessed,,0,not_selected_or_gate_blocked
train-002878,unprocessed,,0,not_selected_or_gate_blocked
train-002882,unprocessed,,0,not_selected_or_gate_blocked
train-002885,unprocessed,,0,not_selected_or_gate_blocked
train-002886,unprocessed,,0,not_selected_or_gate_blocked
train-002888,unprocessed,,0,not_selected_or_gate_blocked
train-002891,unprocessed,,0,not_selected_or_gate_blocked
train-002892,unprocessed,,0,not_selected_or_gate_blocked
train-002896,unprocessed,,0,not_selected_or_gate_blocked
train-002898,unprocessed,,0,not_selected_or_gate_blocked
train-002899,unprocessed,,0,not_selected_or_gate_blocked
train-002901,unprocessed,,0,not_selected_or_gate_blocked
train-002902,unprocessed,,0,not_selected_or_gate_blocked
train-002903,unprocessed,,0,not_selected_or_gate_blocked
train-002905,unprocessed,,0,not_selected_or_gate_blocked
train-002907,unprocessed,,0,not_selected_or_gate_blocked
train-002908,unprocessed,,0,not_selected_or_gate_blocked
train-002911,unprocessed,,0,not_selected_or_gate_blocked
train-002912,unprocessed,,0,not_selected_or_gate_blocked
train-002913,unprocessed,,0,not_selected_or_gate_blocked
train-002914,unprocessed,,0,not_selected_or_gate_blocked
train-002916,unprocessed,,0,not_selected_or_gate_blocked
train-002917,unprocessed,,0,not_selected_or_gate_blocked
train-002918,unprocessed,,0,not_selected_or_gate_blocked
train-002919,unprocessed,,0,not_selected_or_gate_blocked
train-002920,unprocessed,,0,not_selected_or_gate_blocked
train-002922,unprocessed,,0,not_selected_or_gate_blocked
train-002923,unprocessed,,0,not_selected_or_gate_blocked
train-002924,unprocessed,,0,not_selected_or_gate_blocked
train-002925,unprocessed,,0,not_selected_or_gate_blocked
train-002927,unprocessed,,0,not_selected_or_gate_blocked
train-002928,unprocessed,,0,not_selected_or_gate_blocked
train-002929,unprocessed,,0,not_selected_or_gate_blocked
train-002930,unprocessed,,0,not_selected_or_gate_blocked
train-002931,unprocessed,,0,not_selected_or_gate_blocked
train-002932,unprocessed,,0,not_selected_or_gate_blocked
train-002933,unprocessed,,0,not_selected_or_gate_blocked
train-002934,unprocessed,,0,not_selected_or_gate_blocked
train-002936,unprocessed,,0,not_selected_or_gate_blocked
train-002937,unprocessed,,0,not_selected_or_gate_blocked
train-002939,unprocessed,,0,not_selected_or_gate_blocked
train-002940,unprocessed,,0,not_selected_or_gate_blocked
train-002941,unprocessed,,0,not_selected_or_gate_blocked
train-002943,unprocessed,,0,not_selected_or_gate_blocked
train-002944,unprocessed,,0,not_selected_or_gate_blocked
train-002946,unprocessed,,0,not_selected_or_gate_blocked
train-002947,unprocessed,,0,not_selected_or_gate_blocked
train-002948,unprocessed,,0,not_selected_or_gate_blocked
train-002950,unprocessed,,0,not_selected_or_gate_blocked
train-002951,unprocessed,,0,not_selected_or_gate_blocked
train-002952,unprocessed,,0,not_selected_or_gate_blocked
train-002953,unprocessed,,0,not_selected_or_gate_blocked
train-002954,unprocessed,,0,not_selected_or_gate_blocked
train-002955,unprocessed,,0,not_selected_or_gate_blocked
train-002956,unprocessed,,0,not_selected_or_gate_blocked
train-002957,unprocessed,,0,not_selected_or_gate_blocked
train-002958,unprocessed,,0,not_selected_or_gate_blocked
train-002960,unprocessed,,0,not_selected_or_gate_blocked
train-002962,unprocessed,,0,not_selected_or_gate_blocked
train-002963,unprocessed,,0,not_selected_or_gate_blocked
train-002964,unprocessed,,0,not_selected_or_gate_blocked
train-002969,unprocessed,,0,not_selected_or_gate_blocked
train-002970,unprocessed,,0,not_selected_or_gate_blocked
train-002971,unprocessed,,0,not_selected_or_gate_blocked
train-002972,unprocessed,,0,not_selected_or_gate_blocked
train-002973,unprocessed,,0,not_selected_or_gate_blocked
train-002975,unprocessed,,0,not_selected_or_gate_blocked
train-002976,unprocessed,,0,not_selected_or_gate_blocked
train-002977,unprocessed,,0,not_selected_or_gate_blocked
train-002978,unprocessed,,0,not_selected_or_gate_blocked
train-002979,unprocessed,,0,not_selected_or_gate_blocked
train-002987,unprocessed,,0,not_selected_or_gate_blocked
train-002990,unprocessed,,0,not_selected_or_gate_blocked
train-002992,unprocessed,,0,not_selected_or_gate_blocked
train-002994,unprocessed,,0,not_selected_or_gate_blocked
train-002995,unprocessed,,0,not_selected_or_gate_blocked
train-002998,unprocessed,,0,not_selected_or_gate_blocked
train-003002,unprocessed,,0,not_selected_or_gate_blocked
train-003003,unprocessed,,0,not_selected_or_gate_blocked
train-003004,unprocessed,,0,not_selected_or_gate_blocked
train-003005,unprocessed,,0,not_selected_or_gate_blocked
train-003006,unprocessed,,0,not_selected_or_gate_blocked
train-003008,unprocessed,,0,not_selected_or_gate_blocked
train-003010,unprocessed,,0,not_selected_or_gate_blocked
train-003011,unprocessed,,0,not_selected_or_gate_blocked
train-003012,unprocessed,,0,not_selected_or_gate_blocked
train-003013,unprocessed,,0,not_selected_or_gate_blocked
train-003014,unprocessed,,0,not_selected_or_gate_blocked
train-003017,unprocessed,,0,not_selected_or_gate_blocked
train-003018,unprocessed,,0,not_selected_or_gate_blocked
train-003019,unprocessed,,0,not_selected_or_gate_blocked
train-003023,unprocessed,,0,not_selected_or_gate_blocked
train-003026,unprocessed,,0,not_selected_or_gate_blocked
train-003027,unprocessed,,0,not_selected_or_gate_blocked
train-003028,unprocessed,,0,not_selected_or_gate_blocked
train-003029,unprocessed,,0,not_selected_or_gate_blocked
train-003030,unprocessed,,0,not_selected_or_gate_blocked
train-003031,unprocessed,,0,not_selected_or_gate_blocked
train-003033,unprocessed,,0,not_selected_or_gate_blocked
train-003035,unprocessed,,0,not_selected_or_gate_blocked
train-003036,unprocessed,,0,not_selected_or_gate_blocked
train-003037,unprocessed,,0,not_selected_or_gate_blocked
train-003038,unprocessed,,0,not_selected_or_gate_blocked
train-003039,unprocessed,,0,not_selected_or_gate_blocked
train-003040,unprocessed,,0,not_selected_or_gate_blocked
train-003041,unprocessed,,0,not_selected_or_gate_blocked
train-003042,unprocessed,,0,not_selected_or_gate_blocked
train-003043,unprocessed,,0,not_selected_or_gate_blocked
train-003044,unprocessed,,0,not_selected_or_gate_blocked
train-003046,unprocessed,,0,not_selected_or_gate_blocked
train-003047,unprocessed,,0,not_selected_or_gate_blocked
train-003048,unprocessed,,0,not_selected_or_gate_blocked
train-003049,unprocessed,,0,not_selected_or_gate_blocked
train-003050,unprocessed,,0,not_selected_or_gate_blocked
train-003051,unprocessed,,0,not_selected_or_gate_blocked
train-003053,unprocessed,,0,not_selected_or_gate_blocked
train-003054,unprocessed,,0,not_selected_or_gate_blocked
train-003057,unprocessed,,0,not_selected_or_gate_blocked
train-003059,unprocessed,,0,not_selected_or_gate_blocked
train-003060,unprocessed,,0,not_selected_or_gate_blocked
train-003061,unprocessed,,0,not_selected_or_gate_blocked
train-003063,unprocessed,,0,not_selected_or_gate_blocked
train-003065,unprocessed,,0,not_selected_or_gate_blocked
train-003066,unprocessed,,0,not_selected_or_gate_blocked
train-003067,unprocessed,,0,not_selected_or_gate_blocked
train-003068,unprocessed,,0,not_selected_or_gate_blocked
train-003069,unprocessed,,0,not_selected_or_gate_blocked
train-003070,unprocessed,,0,not_selected_or_gate_blocked
train-003071,unprocessed,,0,not_selected_or_gate_blocked
train-003072,unprocessed,,0,not_selected_or_gate_blocked
train-003073,unprocessed,,0,not_selected_or_gate_blocked
train-003074,unprocessed,,0,not_selected_or_gate_blocked
train-003076,unprocessed,,0,not_selected_or_gate_blocked
train-003077,unprocessed,,0,not_selected_or_gate_blocked
train-003078,unprocessed,,0,not_selected_or_gate_blocked
train-003080,unprocessed,,0,not_selected_or_gate_blocked
train-003081,unprocessed,,0,not_selected_or_gate_blocked
train-003083,unprocessed,,0,not_selected_or_gate_blocked
train-003084,unprocessed,,0,not_selected_or_gate_blocked
train-003085,unprocessed,,0,not_selected_or_gate_blocked
train-003089,unprocessed,,0,not_selected_or_gate_blocked
train-003090,unprocessed,,0,not_selected_or_gate_blocked
train-003091,unprocessed,,0,not_selected_or_gate_blocked
train-003093,unprocessed,,0,not_selected_or_gate_blocked
train-003094,unprocessed,,0,not_selected_or_gate_blocked
train-003095,unprocessed,,0,not_selected_or_gate_blocked
train-003096,unprocessed,,0,not_selected_or_gate_blocked
train-003097,unprocessed,,0,not_selected_or_gate_blocked
train-003098,unprocessed,,0,not_selected_or_gate_blocked
train-003100,unprocessed,,0,not_selected_or_gate_blocked
train-003101,unprocessed,,0,not_selected_or_gate_blocked
train-003102,unprocessed,,0,not_selected_or_gate_blocked
train-003103,unprocessed,,0,not_selected_or_gate_blocked
train-003104,unprocessed,,0,not_selected_or_gate_blocked
train-003106,unprocessed,,0,not_selected_or_gate_blocked
train-003107,unprocessed,,0,not_selected_or_gate_blocked
train-003108,unprocessed,,0,not_selected_or_gate_blocked
train-003109,unprocessed,,0,not_selected_or_gate_blocked
train-003110,unprocessed,,0,not_selected_or_gate_blocked
train-003111,unprocessed,,0,not_selected_or_gate_blocked
train-003112,unprocessed,,0,not_selected_or_gate_blocked
train-003114,unprocessed,,0,not_selected_or_gate_blocked
train-003117,unprocessed,,0,not_selected_or_gate_blocked
train-003118,unprocessed,,0,not_selected_or_gate_blocked
train-003119,unprocessed,,0,not_selected_or_gate_blocked
train-003120,unprocessed,,0,not_selected_or_gate_blocked
train-003122,unprocessed,,0,not_selected_or_gate_blocked
train-003123,unprocessed,,0,not_selected_or_gate_blocked
train-003124,unprocessed,,0,not_selected_or_gate_blocked
train-003125,unprocessed,,0,not_selected_or_gate_blocked
train-003127,unprocessed,,0,not_selected_or_gate_blocked
train-003128,unprocessed,,0,not_selected_or_gate_blocked
train-003129,unprocessed,,0,not_selected_or_gate_blocked
train-003131,unprocessed,,0,not_selected_or_gate_blocked
train-003132,unprocessed,,0,not_selected_or_gate_blocked
train-003133,unprocessed,,0,not_selected_or_gate_blocked
train-003134,unprocessed,,0,not_selected_or_gate_blocked
train-003135,unprocessed,,0,not_selected_or_gate_blocked
train-003136,unprocessed,,0,not_selected_or_gate_blocked
train-003137,unprocessed,,0,not_selected_or_gate_blocked
train-003138,unprocessed,,0,not_selected_or_gate_blocked
train-003139,unprocessed,,0,not_selected_or_gate_blocked
train-003140,unprocessed,,0,not_selected_or_gate_blocked
train-003141,unprocessed,,0,not_selected_or_gate_blocked
train-003142,unprocessed,,0,not_selected_or_gate_blocked
train-003144,unprocessed,,0,not_selected_or_gate_blocked
train-003146,unprocessed,,0,not_selected_or_gate_blocked
train-003148,unprocessed,,0,not_selected_or_gate_blocked
train-003149,unprocessed,,0,not_selected_or_gate_blocked
train-003150,unprocessed,,0,not_selected_or_gate_blocked
train-003151,unprocessed,,0,not_selected_or_gate_blocked
train-003152,unprocessed,,0,not_selected_or_gate_blocked
train-003153,unprocessed,,0,not_selected_or_gate_blocked
train-003155,unprocessed,,0,not_selected_or_gate_blocked
train-003157,unprocessed,,0,not_selected_or_gate_blocked
train-003159,unprocessed,,0,not_selected_or_gate_blocked
train-003160,unprocessed,,0,not_selected_or_gate_blocked
train-003161,unprocessed,,0,not_selected_or_gate_blocked
train-003162,unprocessed,,0,not_selected_or_gate_blocked
train-003163,unprocessed,,0,not_selected_or_gate_blocked
train-003164,unprocessed,,0,not_selected_or_gate_blocked
train-003166,unprocessed,,0,not_selected_or_gate_blocked
train-003167,unprocessed,,0,not_selected_or_gate_blocked
train-003168,unprocessed,,0,not_selected_or_gate_blocked
train-003170,unprocessed,,0,not_selected_or_gate_blocked
train-003171,unprocessed,,0,not_selected_or_gate_blocked
train-003172,unprocessed,,0,not_selected_or_gate_blocked
train-003173,unprocessed,,0,not_selected_or_gate_blocked
train-003174,unprocessed,,0,not_selected_or_gate_blocked
train-003175,unprocessed,,0,not_selected_or_gate_blocked
train-003176,unprocessed,,0,not_selected_or_gate_blocked
train-003178,unprocessed,,0,not_selected_or_gate_blocked
train-003179,unprocessed,,0,not_selected_or_gate_blocked
train-003180,unprocessed,,0,not_selected_or_gate_blocked
train-003182,unprocessed,,0,not_selected_or_gate_blocked
train-003184,unprocessed,,0,not_selected_or_gate_blocked
train-003185,unprocessed,,0,not_selected_or_gate_blocked
train-003187,unprocessed,,0,not_selected_or_gate_blocked
train-003188,unprocessed,,0,not_selected_or_gate_blocked
train-003190,unprocessed,,0,not_selected_or_gate_blocked
train-003191,unprocessed,,0,not_selected_or_gate_blocked
train-003194,unprocessed,,0,not_selected_or_gate_blocked
train-003196,unprocessed,,0,not_selected_or_gate_blocked
train-003197,unprocessed,,0,not_selected_or_gate_blocked
train-003198,unprocessed,,0,not_selected_or_gate_blocked
train-003201,unprocessed,,0,not_selected_or_gate_blocked
train-003204,unprocessed,,0,not_selected_or_gate_blocked
train-003205,unprocessed,,0,not_selected_or_gate_blocked
train-003207,unprocessed,,0,not_selected_or_gate_blocked
train-003208,unprocessed,,0,not_selected_or_gate_blocked
train-003213,unprocessed,,0,not_selected_or_gate_blocked
train-003215,unprocessed,,0,not_selected_or_gate_blocked
train-003216,unprocessed,,0,not_selected_or_gate_blocked
train-003220,unprocessed,,0,not_selected_or_gate_blocked
train-003221,unprocessed,,0,not_selected_or_gate_blocked
train-003222,unprocessed,,0,not_selected_or_gate_blocked
train-003223,unprocessed,,0,not_selected_or_gate_blocked
train-003224,unprocessed,,0,not_selected_or_gate_blocked
train-003225,unprocessed,,0,not_selected_or_gate_blocked
train-003226,unprocessed,,0,not_selected_or_gate_blocked
train-003227,unprocessed,,0,not_selected_or_gate_blocked
train-003228,unprocessed,,0,not_selected_or_gate_blocked
train-003229,unprocessed,,0,not_selected_or_gate_blocked
train-003230,unprocessed,,0,not_selected_or_gate_blocked
train-003231,unprocessed,,0,not_selected_or_gate_blocked
train-003233,unprocessed,,0,not_selected_or_gate_blocked
train-003234,unprocessed,,0,not_selected_or_gate_blocked
train-003235,unprocessed,,0,not_selected_or_gate_blocked
train-003237,unprocessed,,0,not_selected_or_gate_blocked
train-003238,unprocessed,,0,not_selected_or_gate_blocked
train-003240,unprocessed,,0,not_selected_or_gate_blocked
train-003241,unprocessed,,0,not_selected_or_gate_blocked
train-003242,unprocessed,,0,not_selected_or_gate_blocked
train-003243,unprocessed,,0,not_selected_or_gate_blocked
train-003244,unprocessed,,0,not_selected_or_gate_blocked
train-003245,unprocessed,,0,not_selected_or_gate_blocked
train-003247,unprocessed,,0,not_selected_or_gate_blocked
train-003248,unprocessed,,0,not_selected_or_gate_blocked
train-003249,unprocessed,,0,not_selected_or_gate_blocked
train-003250,unprocessed,,0,not_selected_or_gate_blocked
train-003252,unprocessed,,0,not_selected_or_gate_blocked
train-003253,unprocessed,,0,not_selected_or_gate_blocked
train-003255,unprocessed,,0,not_selected_or_gate_blocked
train-003256,unprocessed,,0,not_selected_or_gate_blocked
train-003258,unprocessed,,0,not_selected_or_gate_blocked
train-003259,unprocessed,,0,not_selected_or_gate_blocked
train-003260,unprocessed,,0,not_selected_or_gate_blocked
train-003261,unprocessed,,0,not_selected_or_gate_blocked
train-003262,unprocessed,,0,not_selected_or_gate_blocked
train-003264,unprocessed,,0,not_selected_or_gate_blocked
train-003265,unprocessed,,0,not_selected_or_gate_blocked
train-003266,unprocessed,,0,not_selected_or_gate_blocked
train-003267,unprocessed,,0,not_selected_or_gate_blocked
train-003268,unprocessed,,0,not_selected_or_gate_blocked
train-003270,unprocessed,,0,not_selected_or_gate_blocked
train-003271,unprocessed,,0,not_selected_or_gate_blocked
train-003272,unprocessed,,0,not_selected_or_gate_blocked
train-003274,unprocessed,,0,not_selected_or_gate_blocked
train-003275,unprocessed,,0,not_selected_or_gate_blocked
train-003276,unprocessed,,0,not_selected_or_gate_blocked
train-003277,unprocessed,,0,not_selected_or_gate_blocked
train-003278,unprocessed,,0,not_selected_or_gate_blocked
train-003281,unprocessed,,0,not_selected_or_gate_blocked
train-003282,unprocessed,,0,not_selected_or_gate_blocked
train-003284,unprocessed,,0,not_selected_or_gate_blocked
train-003285,unprocessed,,0,not_selected_or_gate_blocked
train-003286,unprocessed,,0,not_selected_or_gate_blocked
train-003287,unprocessed,,0,not_selected_or_gate_blocked
train-003289,unprocessed,,0,not_selected_or_gate_blocked
train-003290,unprocessed,,0,not_selected_or_gate_blocked
train-003292,unprocessed,,0,not_selected_or_gate_blocked
train-003293,unprocessed,,0,not_selected_or_gate_blocked
train-003294,unprocessed,,0,not_selected_or_gate_blocked
train-003295,unprocessed,,0,not_selected_or_gate_blocked
train-003297,unprocessed,,0,not_selected_or_gate_blocked
train-003298,unprocessed,,0,not_selected_or_gate_blocked
train-003299,unprocessed,,0,not_selected_or_gate_blocked
train-003300,unprocessed,,0,not_selected_or_gate_blocked
train-003301,unprocessed,,0,not_selected_or_gate_blocked
train-003302,unprocessed,,0,not_selected_or_gate_blocked
train-003303,unprocessed,,0,not_selected_or_gate_blocked
train-003304,unprocessed,,0,not_selected_or_gate_blocked
train-003306,unprocessed,,0,not_selected_or_gate_blocked
train-003307,unprocessed,,0,not_selected_or_gate_blocked
train-003308,unprocessed,,0,not_selected_or_gate_blocked
train-003309,unprocessed,,0,not_selected_or_gate_blocked
train-003310,unprocessed,,0,not_selected_or_gate_blocked
train-003311,unprocessed,,0,not_selected_or_gate_blocked
train-003312,unprocessed,,0,not_selected_or_gate_blocked
train-003313,unprocessed,,0,not_selected_or_gate_blocked
train-003316,unprocessed,,0,not_selected_or_gate_blocked
train-003317,unprocessed,,0,not_selected_or_gate_blocked
train-003320,unprocessed,,0,not_selected_or_gate_blocked
train-003321,unprocessed,,0,not_selected_or_gate_blocked
train-003322,unprocessed,,0,not_selected_or_gate_blocked
train-003324,unprocessed,,0,not_selected_or_gate_blocked
train-003325,unprocessed,,0,not_selected_or_gate_blocked
train-003326,unprocessed,,0,not_selected_or_gate_blocked
train-003327,unprocessed,,0,not_selected_or_gate_blocked
train-003329,unprocessed,,0,not_selected_or_gate_blocked
train-003330,unprocessed,,0,not_selected_or_gate_blocked
train-003331,unprocessed,,0,not_selected_or_gate_blocked
train-003332,unprocessed,,0,not_selected_or_gate_blocked
train-003334,unprocessed,,0,not_selected_or_gate_blocked
train-003335,unprocessed,,0,not_selected_or_gate_blocked
train-003336,unprocessed,,0,not_selected_or_gate_blocked
train-003337,unprocessed,,0,not_selected_or_gate_blocked
train-003338,unprocessed,,0,not_selected_or_gate_blocked
train-003340,unprocessed,,0,not_selected_or_gate_blocked
train-003343,unprocessed,,0,not_selected_or_gate_blocked
train-003345,unprocessed,,0,not_selected_or_gate_blocked
train-003347,unprocessed,,0,not_selected_or_gate_blocked
train-003349,unprocessed,,0,not_selected_or_gate_blocked
train-003350,unprocessed,,0,not_selected_or_gate_blocked
train-003354,unprocessed,,0,not_selected_or_gate_blocked
train-003355,unprocessed,,0,not_selected_or_gate_blocked
train-003356,unprocessed,,0,not_selected_or_gate_blocked
train-003358,unprocessed,,0,not_selected_or_gate_blocked
train-003360,unprocessed,,0,not_selected_or_gate_blocked
train-003361,unprocessed,,0,not_selected_or_gate_blocked
train-003362,unprocessed,,0,not_selected_or_gate_blocked
train-003363,unprocessed,,0,not_selected_or_gate_blocked
train-003364,unprocessed,,0,not_selected_or_gate_blocked
train-003365,unprocessed,,0,not_selected_or_gate_blocked
train-003366,unprocessed,,0,not_selected_or_gate_blocked
train-003367,unprocessed,,0,not_selected_or_gate_blocked
train-003370,unprocessed,,0,not_selected_or_gate_blocked
train-003371,unprocessed,,0,not_selected_or_gate_blocked
train-003373,unprocessed,,0,not_selected_or_gate_blocked
train-003374,unprocessed,,0,not_selected_or_gate_blocked
train-003375,unprocessed,,0,not_selected_or_gate_blocked
train-003376,unprocessed,,0,not_selected_or_gate_blocked
train-003378,unprocessed,,0,not_selected_or_gate_blocked
train-003379,unprocessed,,0,not_selected_or_gate_blocked
train-003380,unprocessed,,0,not_selected_or_gate_blocked
train-003381,unprocessed,,0,not_selected_or_gate_blocked
train-003384,unprocessed,,0,not_selected_or_gate_blocked
train-003385,unprocessed,,0,not_selected_or_gate_blocked
train-003386,unprocessed,,0,not_selected_or_gate_blocked
train-003387,unprocessed,,0,not_selected_or_gate_blocked
train-003388,unprocessed,,0,not_selected_or_gate_blocked
train-003391,unprocessed,,0,not_selected_or_gate_blocked
train-003392,unprocessed,,0,not_selected_or_gate_blocked
train-003393,unprocessed,,0,not_selected_or_gate_blocked
train-003394,unprocessed,,0,not_selected_or_gate_blocked
train-003395,unprocessed,,0,not_selected_or_gate_blocked
train-003396,unprocessed,,0,not_selected_or_gate_blocked
train-003397,unprocessed,,0,not_selected_or_gate_blocked
train-003398,unprocessed,,0,not_selected_or_gate_blocked
train-003400,unprocessed,,0,not_selected_or_gate_blocked
train-003401,unprocessed,,0,not_selected_or_gate_blocked
train-003402,unprocessed,,0,not_selected_or_gate_blocked
train-003403,unprocessed,,0,not_selected_or_gate_blocked
train-003405,unprocessed,,0,not_selected_or_gate_blocked
train-003406,unprocessed,,0,not_selected_or_gate_blocked
train-003407,unprocessed,,0,not_selected_or_gate_blocked
train-003408,unprocessed,,0,not_selected_or_gate_blocked
train-003410,unprocessed,,0,not_selected_or_gate_blocked
train-003411,unprocessed,,0,not_selected_or_gate_blocked
train-003413,unprocessed,,0,not_selected_or_gate_blocked
train-003415,unprocessed,,0,not_selected_or_gate_blocked
train-003416,unprocessed,,0,not_selected_or_gate_blocked
train-003417,unprocessed,,0,not_selected_or_gate_blocked
train-003418,unprocessed,,0,not_selected_or_gate_blocked
train-003421,unprocessed,,0,not_selected_or_gate_blocked
train-003422,unprocessed,,0,not_selected_or_gate_blocked
train-003423,unprocessed,,0,not_selected_or_gate_blocked
train-003424,unprocessed,,0,not_selected_or_gate_blocked
train-003425,unprocessed,,0,not_selected_or_gate_blocked
train-003426,unprocessed,,0,not_selected_or_gate_blocked
train-003427,unprocessed,,0,not_selected_or_gate_blocked
train-003429,unprocessed,,0,not_selected_or_gate_blocked
train-003431,unprocessed,,0,not_selected_or_gate_blocked
train-003432,unprocessed,,0,not_selected_or_gate_blocked
train-003436,unprocessed,,0,not_selected_or_gate_blocked
train-003437,unprocessed,,0,not_selected_or_gate_blocked
train-003439,unprocessed,,0,not_selected_or_gate_blocked
train-003440,unprocessed,,0,not_selected_or_gate_blocked
train-003441,unprocessed,,0,not_selected_or_gate_blocked
train-003442,unprocessed,,0,not_selected_or_gate_blocked
train-003443,unprocessed,,0,not_selected_or_gate_blocked
train-003444,unprocessed,,0,not_selected_or_gate_blocked
train-003445,unprocessed,,0,not_selected_or_gate_blocked
train-003446,unprocessed,,0,not_selected_or_gate_blocked
train-003447,unprocessed,,0,not_selected_or_gate_blocked
train-003448,unprocessed,,0,not_selected_or_gate_blocked
train-003451,unprocessed,,0,not_selected_or_gate_blocked
train-003454,unprocessed,,0,not_selected_or_gate_blocked
train-003455,unprocessed,,0,not_selected_or_gate_blocked
train-003456,unprocessed,,0,not_selected_or_gate_blocked
train-003457,unprocessed,,0,not_selected_or_gate_blocked
train-003458,unprocessed,,0,not_selected_or_gate_blocked
train-003459,unprocessed,,0,not_selected_or_gate_blocked
train-003461,unprocessed,,0,not_selected_or_gate_blocked
train-003462,unprocessed,,0,not_selected_or_gate_blocked
train-003464,unprocessed,,0,not_selected_or_gate_blocked
train-003465,unprocessed,,0,not_selected_or_gate_blocked
train-003466,unprocessed,,0,not_selected_or_gate_blocked
train-003467,unprocessed,,0,not_selected_or_gate_blocked
train-003468,unprocessed,,0,not_selected_or_gate_blocked
train-003469,unprocessed,,0,not_selected_or_gate_blocked
train-003470,unprocessed,,0,not_selected_or_gate_blocked
train-003471,unprocessed,,0,not_selected_or_gate_blocked
train-003472,unprocessed,,0,not_selected_or_gate_blocked
train-003473,unprocessed,,0,not_selected_or_gate_blocked
train-003474,unprocessed,,0,not_selected_or_gate_blocked
train-003475,unprocessed,,0,not_selected_or_gate_blocked
train-003476,unprocessed,,0,not_selected_or_gate_blocked
train-003477,unprocessed,,0,not_selected_or_gate_blocked
train-003478,unprocessed,,0,not_selected_or_gate_blocked
train-003479,unprocessed,,0,not_selected_or_gate_blocked
train-003480,unprocessed,,0,not_selected_or_gate_blocked
train-003481,unprocessed,,0,not_selected_or_gate_blocked
train-003483,unprocessed,,0,not_selected_or_gate_blocked
train-003485,unprocessed,,0,not_selected_or_gate_blocked
train-003486,unprocessed,,0,not_selected_or_gate_blocked
train-003487,unprocessed,,0,not_selected_or_gate_blocked
train-003488,unprocessed,,0,not_selected_or_gate_blocked
train-003490,unprocessed,,0,not_selected_or_gate_blocked
train-003492,unprocessed,,0,not_selected_or_gate_blocked
train-003493,unprocessed,,0,not_selected_or_gate_blocked
train-003494,unprocessed,,0,not_selected_or_gate_blocked
train-003497,unprocessed,,0,not_selected_or_gate_blocked
train-003498,unprocessed,,0,not_selected_or_gate_blocked
train-003499,unprocessed,,0,not_selected_or_gate_blocked
train-003500,unprocessed,,0,not_selected_or_gate_blocked
train-003501,unprocessed,,0,not_selected_or_gate_blocked
train-003502,unprocessed,,0,not_selected_or_gate_blocked
train-003505,unprocessed,,0,not_selected_or_gate_blocked
train-003507,unprocessed,,0,not_selected_or_gate_blocked
train-003508,unprocessed,,0,not_selected_or_gate_blocked
train-003509,unprocessed,,0,not_selected_or_gate_blocked
train-003510,unprocessed,,0,not_selected_or_gate_blocked
train-003512,unprocessed,,0,not_selected_or_gate_blocked
train-003513,unprocessed,,0,not_selected_or_gate_blocked
train-003515,unprocessed,,0,not_selected_or_gate_blocked
train-003518,unprocessed,,0,not_selected_or_gate_blocked
train-003519,unprocessed,,0,not_selected_or_gate_blocked
train-003520,unprocessed,,0,not_selected_or_gate_blocked
train-003522,unprocessed,,0,not_selected_or_gate_blocked
train-003523,unprocessed,,0,not_selected_or_gate_blocked
train-003524,unprocessed,,0,not_selected_or_gate_blocked
train-003525,unprocessed,,0,not_selected_or_gate_blocked
train-003526,unprocessed,,0,not_selected_or_gate_blocked
train-003527,unprocessed,,0,not_selected_or_gate_blocked
train-003528,unprocessed,,0,not_selected_or_gate_blocked
train-003529,unprocessed,,0,not_selected_or_gate_blocked
train-003530,unprocessed,,0,not_selected_or_gate_blocked
train-003531,unprocessed,,0,not_selected_or_gate_blocked
train-003532,unprocessed,,0,not_selected_or_gate_blocked
train-003533,unprocessed,,0,not_selected_or_gate_blocked
train-003534,unprocessed,,0,not_selected_or_gate_blocked
train-003535,unprocessed,,0,not_selected_or_gate_blocked
train-003537,unprocessed,,0,not_selected_or_gate_blocked
train-003538,unprocessed,,0,not_selected_or_gate_blocked
train-003539,unprocessed,,0,not_selected_or_gate_blocked
train-003541,unprocessed,,0,not_selected_or_gate_blocked
train-003542,unprocessed,,0,not_selected_or_gate_blocked
train-003543,unprocessed,,0,not_selected_or_gate_blocked
train-003545,unprocessed,,0,not_selected_or_gate_blocked
train-003547,unprocessed,,0,not_selected_or_gate_blocked
train-003548,unprocessed,,0,not_selected_or_gate_blocked
train-003549,unprocessed,,0,not_selected_or_gate_blocked
train-003550,unprocessed,,0,not_selected_or_gate_blocked
train-003554,unprocessed,,0,not_selected_or_gate_blocked
train-003555,unprocessed,,0,not_selected_or_gate_blocked
train-003556,unprocessed,,0,not_selected_or_gate_blocked
train-003557,unprocessed,,0,not_selected_or_gate_blocked
train-003558,unprocessed,,0,not_selected_or_gate_blocked
train-003559,unprocessed,,0,not_selected_or_gate_blocked
train-003561,unprocessed,,0,not_selected_or_gate_blocked
train-003562,unprocessed,,0,not_selected_or_gate_blocked
train-003564,unprocessed,,0,not_selected_or_gate_blocked
train-003565,unprocessed,,0,not_selected_or_gate_blocked
train-003568,unprocessed,,0,not_selected_or_gate_blocked
train-003569,unprocessed,,0,not_selected_or_gate_blocked
train-003570,unprocessed,,0,not_selected_or_gate_blocked
train-003571,unprocessed,,0,not_selected_or_gate_blocked
train-003573,unprocessed,,0,not_selected_or_gate_blocked
train-003576,unprocessed,,0,not_selected_or_gate_blocked
train-003577,unprocessed,,0,not_selected_or_gate_blocked
train-003578,unprocessed,,0,not_selected_or_gate_blocked
train-003579,unprocessed,,0,not_selected_or_gate_blocked
train-003582,unprocessed,,0,not_selected_or_gate_blocked
train-003583,unprocessed,,0,not_selected_or_gate_blocked
train-003584,unprocessed,,0,not_selected_or_gate_blocked
train-003585,unprocessed,,0,not_selected_or_gate_blocked
train-003587,unprocessed,,0,not_selected_or_gate_blocked
train-003588,unprocessed,,0,not_selected_or_gate_blocked
train-003590,unprocessed,,0,not_selected_or_gate_blocked
train-003591,unprocessed,,0,not_selected_or_gate_blocked
train-003592,unprocessed,,0,not_selected_or_gate_blocked
train-003593,unprocessed,,0,not_selected_or_gate_blocked
train-003594,unprocessed,,0,not_selected_or_gate_blocked
train-003595,unprocessed,,0,not_selected_or_gate_blocked
train-003596,unprocessed,,0,not_selected_or_gate_blocked
train-003597,unprocessed,,0,not_selected_or_gate_blocked
train-003599,unprocessed,,0,not_selected_or_gate_blocked
train-003600,unprocessed,,0,not_selected_or_gate_blocked
train-003601,unprocessed,,0,not_selected_or_gate_blocked
train-003603,unprocessed,,0,not_selected_or_gate_blocked
train-003605,unprocessed,,0,not_selected_or_gate_blocked
train-003606,unprocessed,,0,not_selected_or_gate_blocked
train-003608,unprocessed,,0,not_selected_or_gate_blocked
train-003609,unprocessed,,0,not_selected_or_gate_blocked
train-003610,unprocessed,,0,not_selected_or_gate_blocked
train-003611,unprocessed,,0,not_selected_or_gate_blocked
train-003612,unprocessed,,0,not_selected_or_gate_blocked
train-003613,unprocessed,,0,not_selected_or_gate_blocked
train-003614,unprocessed,,0,not_selected_or_gate_blocked
train-003615,unprocessed,,0,not_selected_or_gate_blocked
train-003616,unprocessed,,0,not_selected_or_gate_blocked
train-003617,unprocessed,,0,not_selected_or_gate_blocked
train-003618,unprocessed,,0,not_selected_or_gate_blocked
train-003621,unprocessed,,0,not_selected_or_gate_blocked
train-003622,unprocessed,,0,not_selected_or_gate_blocked
train-003623,unprocessed,,0,not_selected_or_gate_blocked
train-003624,unprocessed,,0,not_selected_or_gate_blocked
train-003625,unprocessed,,0,not_selected_or_gate_blocked
train-003626,unprocessed,,0,not_selected_or_gate_blocked
train-003627,unprocessed,,0,not_selected_or_gate_blocked
train-003629,unprocessed,,0,not_selected_or_gate_blocked
train-003630,unprocessed,,0,not_selected_or_gate_blocked
train-003631,unprocessed,,0,not_selected_or_gate_blocked
train-003632,unprocessed,,0,not_selected_or_gate_blocked
train-003633,unprocessed,,0,not_selected_or_gate_blocked
train-003634,unprocessed,,0,not_selected_or_gate_blocked
train-003635,unprocessed,,0,not_selected_or_gate_blocked
train-003636,unprocessed,,0,not_selected_or_gate_blocked
train-003638,unprocessed,,0,not_selected_or_gate_blocked
train-003640,unprocessed,,0,not_selected_or_gate_blocked
train-003642,unprocessed,,0,not_selected_or_gate_blocked
train-003644,unprocessed,,0,not_selected_or_gate_blocked
train-003645,unprocessed,,0,not_selected_or_gate_blocked
train-003647,unprocessed,,0,not_selected_or_gate_blocked
train-003648,unprocessed,,0,not_selected_or_gate_blocked
train-003649,unprocessed,,0,not_selected_or_gate_blocked
train-003651,unprocessed,,0,not_selected_or_gate_blocked
train-003652,unprocessed,,0,not_selected_or_gate_blocked
train-003653,unprocessed,,0,not_selected_or_gate_blocked
train-003654,unprocessed,,0,not_selected_or_gate_blocked
train-003655,unprocessed,,0,not_selected_or_gate_blocked
train-003658,unprocessed,,0,not_selected_or_gate_blocked
train-003661,unprocessed,,0,not_selected_or_gate_blocked
train-003662,unprocessed,,0,not_selected_or_gate_blocked
train-003663,unprocessed,,0,not_selected_or_gate_blocked
train-003664,unprocessed,,0,not_selected_or_gate_blocked
train-003665,unprocessed,,0,not_selected_or_gate_blocked
train-003666,unprocessed,,0,not_selected_or_gate_blocked
train-003668,unprocessed,,0,not_selected_or_gate_blocked
train-003669,unprocessed,,0,not_selected_or_gate_blocked
train-003672,unprocessed,,0,not_selected_or_gate_blocked
train-003673,unprocessed,,0,not_selected_or_gate_blocked
train-003674,unprocessed,,0,not_selected_or_gate_blocked
train-003675,unprocessed,,0,not_selected_or_gate_blocked
train-003676,unprocessed,,0,not_selected_or_gate_blocked
train-003677,unprocessed,,0,not_selected_or_gate_blocked
train-003678,unprocessed,,0,not_selected_or_gate_blocked
train-003679,unprocessed,,0,not_selected_or_gate_blocked
train-003681,unprocessed,,0,not_selected_or_gate_blocked
train-003682,unprocessed,,0,not_selected_or_gate_blocked
train-003683,unprocessed,,0,not_selected_or_gate_blocked
train-003684,unprocessed,,0,not_selected_or_gate_blocked
train-003687,unprocessed,,0,not_selected_or_gate_blocked
train-003689,unprocessed,,0,not_selected_or_gate_blocked
train-003691,unprocessed,,0,not_selected_or_gate_blocked
train-003692,unprocessed,,0,not_selected_or_gate_blocked
train-003693,unprocessed,,0,not_selected_or_gate_blocked
train-003694,unprocessed,,0,not_selected_or_gate_blocked
train-003695,unprocessed,,0,not_selected_or_gate_blocked
train-003696,unprocessed,,0,not_selected_or_gate_blocked
train-003697,unprocessed,,0,not_selected_or_gate_blocked
train-003698,unprocessed,,0,not_selected_or_gate_blocked
train-003699,unprocessed,,0,not_selected_or_gate_blocked
train-003700,unprocessed,,0,not_selected_or_gate_blocked
train-003701,unprocessed,,0,not_selected_or_gate_blocked
train-003703,unprocessed,,0,not_selected_or_gate_blocked
train-003704,unprocessed,,0,not_selected_or_gate_blocked
train-003705,unprocessed,,0,not_selected_or_gate_blocked
train-003706,unprocessed,,0,not_selected_or_gate_blocked
train-003707,unprocessed,,0,not_selected_or_gate_blocked
train-003708,unprocessed,,0,not_selected_or_gate_blocked
train-003710,unprocessed,,0,not_selected_or_gate_blocked
train-003711,unprocessed,,0,not_selected_or_gate_blocked
train-003712,unprocessed,,0,not_selected_or_gate_blocked
train-003715,unprocessed,,0,not_selected_or_gate_blocked
train-003716,unprocessed,,0,not_selected_or_gate_blocked
train-003717,unprocessed,,0,not_selected_or_gate_blocked
train-003718,unprocessed,,0,not_selected_or_gate_blocked
train-003719,unprocessed,,0,not_selected_or_gate_blocked
train-003720,unprocessed,,0,not_selected_or_gate_blocked
train-003721,unprocessed,,0,not_selected_or_gate_blocked
train-003722,unprocessed,,0,not_selected_or_gate_blocked
train-003723,unprocessed,,0,not_selected_or_gate_blocked
train-003724,unprocessed,,0,not_selected_or_gate_blocked
train-003725,unprocessed,,0,not_selected_or_gate_blocked
train-003726,unprocessed,,0,not_selected_or_gate_blocked
train-003728,unprocessed,,0,not_selected_or_gate_blocked
train-003729,unprocessed,,0,not_selected_or_gate_blocked
train-003730,unprocessed,,0,not_selected_or_gate_blocked
train-003734,unprocessed,,0,not_selected_or_gate_blocked
train-003736,unprocessed,,0,not_selected_or_gate_blocked
train-003737,unprocessed,,0,not_selected_or_gate_blocked
train-003739,unprocessed,,0,not_selected_or_gate_blocked
train-003741,unprocessed,,0,not_selected_or_gate_blocked
train-003742,unprocessed,,0,not_selected_or_gate_blocked
train-003743,unprocessed,,0,not_selected_or_gate_blocked
train-003744,unprocessed,,0,not_selected_or_gate_blocked
train-003745,unprocessed,,0,not_selected_or_gate_blocked
train-003746,unprocessed,,0,not_selected_or_gate_blocked
train-003747,unprocessed,,0,not_selected_or_gate_blocked
train-003749,unprocessed,,0,not_selected_or_gate_blocked
train-003750,unprocessed,,0,not_selected_or_gate_blocked
train-003754,unprocessed,,0,not_selected_or_gate_blocked
train-003755,unprocessed,,0,not_selected_or_gate_blocked
train-003756,unprocessed,,0,not_selected_or_gate_blocked
train-003757,unprocessed,,0,not_selected_or_gate_blocked
train-003758,unprocessed,,0,not_selected_or_gate_blocked
train-003759,unprocessed,,0,not_selected_or_gate_blocked
train-003760,unprocessed,,0,not_selected_or_gate_blocked
train-003763,unprocessed,,0,not_selected_or_gate_blocked
train-003765,unprocessed,,0,not_selected_or_gate_blocked
train-003767,unprocessed,,0,not_selected_or_gate_blocked
train-003768,unprocessed,,0,not_selected_or_gate_blocked
train-003769,unprocessed,,0,not_selected_or_gate_blocked
train-003770,unprocessed,,0,not_selected_or_gate_blocked
train-003771,unprocessed,,0,not_selected_or_gate_blocked
train-003773,unprocessed,,0,not_selected_or_gate_blocked
train-003774,unprocessed,,0,not_selected_or_gate_blocked
train-003775,unprocessed,,0,not_selected_or_gate_blocked
train-003777,unprocessed,,0,not_selected_or_gate_blocked
train-003778,unprocessed,,0,not_selected_or_gate_blocked
train-003779,unprocessed,,0,not_selected_or_gate_blocked
train-003780,unprocessed,,0,not_selected_or_gate_blocked
train-003781,unprocessed,,0,not_selected_or_gate_blocked
train-003782,unprocessed,,0,not_selected_or_gate_blocked
train-003783,unprocessed,,0,not_selected_or_gate_blocked
train-003784,unprocessed,,0,not_selected_or_gate_blocked
train-003785,unprocessed,,0,not_selected_or_gate_blocked
train-003786,unprocessed,,0,not_selected_or_gate_blocked
train-003788,unprocessed,,0,not_selected_or_gate_blocked
train-003790,unprocessed,,0,not_selected_or_gate_blocked
train-003791,unprocessed,,0,not_selected_or_gate_blocked
train-003792,unprocessed,,0,not_selected_or_gate_blocked
train-003793,unprocessed,,0,not_selected_or_gate_blocked
train-003794,unprocessed,,0,not_selected_or_gate_blocked
train-003795,unprocessed,,0,not_selected_or_gate_blocked
train-003796,unprocessed,,0,not_selected_or_gate_blocked
train-003797,unprocessed,,0,not_selected_or_gate_blocked
train-003800,unprocessed,,0,not_selected_or_gate_blocked
train-003801,unprocessed,,0,not_selected_or_gate_blocked
train-003803,unprocessed,,0,not_selected_or_gate_blocked
train-003805,unprocessed,,0,not_selected_or_gate_blocked
train-003806,unprocessed,,0,not_selected_or_gate_blocked
train-003807,unprocessed,,0,not_selected_or_gate_blocked
train-003808,unprocessed,,0,not_selected_or_gate_blocked
train-003809,unprocessed,,0,not_selected_or_gate_blocked
train-003810,unprocessed,,0,not_selected_or_gate_blocked
train-003811,unprocessed,,0,not_selected_or_gate_blocked
train-003812,unprocessed,,0,not_selected_or_gate_blocked
train-003815,unprocessed,,0,not_selected_or_gate_blocked
train-003817,unprocessed,,0,not_selected_or_gate_blocked
train-003818,unprocessed,,0,not_selected_or_gate_blocked
train-003819,unprocessed,,0,not_selected_or_gate_blocked
train-003820,unprocessed,,0,not_selected_or_gate_blocked
train-003822,unprocessed,,0,not_selected_or_gate_blocked
train-003824,unprocessed,,0,not_selected_or_gate_blocked
train-003825,unprocessed,,0,not_selected_or_gate_blocked
train-003827,unprocessed,,0,not_selected_or_gate_blocked
train-003828,unprocessed,,0,not_selected_or_gate_blocked
train-003829,unprocessed,,0,not_selected_or_gate_blocked
train-003830,unprocessed,,0,not_selected_or_gate_blocked
train-003831,unprocessed,,0,not_selected_or_gate_blocked
train-003832,unprocessed,,0,not_selected_or_gate_blocked
train-003833,unprocessed,,0,not_selected_or_gate_blocked
train-003834,unprocessed,,0,not_selected_or_gate_blocked
train-003836,unprocessed,,0,not_selected_or_gate_blocked
train-003837,unprocessed,,0,not_selected_or_gate_blocked
train-003838,unprocessed,,0,not_selected_or_gate_blocked
train-003840,unprocessed,,0,not_selected_or_gate_blocked
train-003841,unprocessed,,0,not_selected_or_gate_blocked
train-003842,unprocessed,,0,not_selected_or_gate_blocked
train-003843,unprocessed,,0,not_selected_or_gate_blocked
train-003844,unprocessed,,0,not_selected_or_gate_blocked
train-003845,unprocessed,,0,not_selected_or_gate_blocked
train-003848,unprocessed,,0,not_selected_or_gate_blocked
train-003849,unprocessed,,0,not_selected_or_gate_blocked
train-003851,unprocessed,,0,not_selected_or_gate_blocked
train-003852,unprocessed,,0,not_selected_or_gate_blocked
train-003853,unprocessed,,0,not_selected_or_gate_blocked
train-003855,unprocessed,,0,not_selected_or_gate_blocked
train-003858,unprocessed,,0,not_selected_or_gate_blocked
train-003859,unprocessed,,0,not_selected_or_gate_blocked
train-003860,unprocessed,,0,not_selected_or_gate_blocked
train-003861,unprocessed,,0,not_selected_or_gate_blocked
train-003862,unprocessed,,0,not_selected_or_gate_blocked
train-003863,unprocessed,,0,not_selected_or_gate_blocked
train-003864,unprocessed,,0,not_selected_or_gate_blocked
train-003865,unprocessed,,0,not_selected_or_gate_blocked
train-003866,unprocessed,,0,not_selected_or_gate_blocked
train-003867,unprocessed,,0,not_selected_or_gate_blocked
train-003868,unprocessed,,0,not_selected_or_gate_blocked
train-003869,unprocessed,,0,not_selected_or_gate_blocked
train-003870,unprocessed,,0,not_selected_or_gate_blocked
train-003873,unprocessed,,0,not_selected_or_gate_blocked
train-003874,unprocessed,,0,not_selected_or_gate_blocked
train-003875,unprocessed,,0,not_selected_or_gate_blocked
train-003876,unprocessed,,0,not_selected_or_gate_blocked
train-003877,unprocessed,,0,not_selected_or_gate_blocked
train-003878,unprocessed,,0,not_selected_or_gate_blocked
train-003879,unprocessed,,0,not_selected_or_gate_blocked
train-003880,unprocessed,,0,not_selected_or_gate_blocked
train-003881,unprocessed,,0,not_selected_or_gate_blocked
train-003882,unprocessed,,0,not_selected_or_gate_blocked
train-003883,unprocessed,,0,not_selected_or_gate_blocked
train-003885,unprocessed,,0,not_selected_or_gate_blocked
train-003886,unprocessed,,0,not_selected_or_gate_blocked
train-003887,unprocessed,,0,not_selected_or_gate_blocked
train-003888,unprocessed,,0,not_selected_or_gate_blocked
train-003889,unprocessed,,0,not_selected_or_gate_blocked
train-003892,unprocessed,,0,not_selected_or_gate_blocked
train-003893,unprocessed,,0,not_selected_or_gate_blocked
train-003894,unprocessed,,0,not_selected_or_gate_blocked
train-003895,unprocessed,,0,not_selected_or_gate_blocked
train-003896,unprocessed,,0,not_selected_or_gate_blocked
train-003897,unprocessed,,0,not_selected_or_gate_blocked
train-003900,unprocessed,,0,not_selected_or_gate_blocked
train-003901,unprocessed,,0,not_selected_or_gate_blocked
train-003902,unprocessed,,0,not_selected_or_gate_blocked
train-003903,unprocessed,,0,not_selected_or_gate_blocked
train-003904,unprocessed,,0,not_selected_or_gate_blocked
train-003906,unprocessed,,0,not_selected_or_gate_blocked
train-003910,unprocessed,,0,not_selected_or_gate_blocked
train-003911,unprocessed,,0,not_selected_or_gate_blocked
train-003912,unprocessed,,0,not_selected_or_gate_blocked
train-003915,unprocessed,,0,not_selected_or_gate_blocked
train-003918,unprocessed,,0,not_selected_or_gate_blocked
train-003922,unprocessed,,0,not_selected_or_gate_blocked
train-003923,unprocessed,,0,not_selected_or_gate_blocked
train-003925,unprocessed,,0,not_selected_or_gate_blocked
train-003926,unprocessed,,0,not_selected_or_gate_blocked
train-003929,unprocessed,,0,not_selected_or_gate_blocked
train-003931,unprocessed,,0,not_selected_or_gate_blocked
train-003932,unprocessed,,0,not_selected_or_gate_blocked
train-003933,unprocessed,,0,not_selected_or_gate_blocked
train-003934,unprocessed,,0,not_selected_or_gate_blocked
train-003935,unprocessed,,0,not_selected_or_gate_blocked
train-003936,unprocessed,,0,not_selected_or_gate_blocked
train-003937,unprocessed,,0,not_selected_or_gate_blocked
train-003938,unprocessed,,0,not_selected_or_gate_blocked
train-003939,unprocessed,,0,not_selected_or_gate_blocked
train-003940,unprocessed,,0,not_selected_or_gate_blocked
train-003942,unprocessed,,0,not_selected_or_gate_blocked
train-003943,unprocessed,,0,not_selected_or_gate_blocked
train-003945,unprocessed,,0,not_selected_or_gate_blocked
train-003946,unprocessed,,0,not_selected_or_gate_blocked
train-003948,unprocessed,,0,not_selected_or_gate_blocked
train-003950,unprocessed,,0,not_selected_or_gate_blocked
train-003951,unprocessed,,0,not_selected_or_gate_blocked
train-003952,unprocessed,,0,not_selected_or_gate_blocked
train-003954,unprocessed,,0,not_selected_or_gate_blocked
train-003955,unprocessed,,0,not_selected_or_gate_blocked
train-003956,unprocessed,,0,not_selected_or_gate_blocked
train-003957,unprocessed,,0,not_selected_or_gate_blocked
train-003958,unprocessed,,0,not_selected_or_gate_blocked
train-003959,unprocessed,,0,not_selected_or_gate_blocked
train-003960,unprocessed,,0,not_selected_or_gate_blocked
train-003961,unprocessed,,0,not_selected_or_gate_blocked
train-003962,unprocessed,,0,not_selected_or_gate_blocked
train-003963,unprocessed,,0,not_selected_or_gate_blocked
train-003964,unprocessed,,0,not_selected_or_gate_blocked
train-003965,unprocessed,,0,not_selected_or_gate_blocked
train-003967,unprocessed,,0,not_selected_or_gate_blocked
train-003969,unprocessed,,0,not_selected_or_gate_blocked
train-003970,unprocessed,,0,not_selected_or_gate_blocked
train-003971,unprocessed,,0,not_selected_or_gate_blocked
train-003972,unprocessed,,0,not_selected_or_gate_blocked
train-003973,unprocessed,,0,not_selected_or_gate_blocked
train-003975,unprocessed,,0,not_selected_or_gate_blocked
train-003976,unprocessed,,0,not_selected_or_gate_blocked
train-003978,unprocessed,,0,not_selected_or_gate_blocked
train-003979,unprocessed,,0,not_selected_or_gate_blocked
train-003980,unprocessed,,0,not_selected_or_gate_blocked
train-003981,unprocessed,,0,not_selected_or_gate_blocked
train-003983,unprocessed,,0,not_selected_or_gate_blocked
train-003984,unprocessed,,0,not_selected_or_gate_blocked
train-003985,unprocessed,,0,not_selected_or_gate_blocked
train-003986,unprocessed,,0,not_selected_or_gate_blocked
train-003987,unprocessed,,0,not_selected_or_gate_blocked
train-003988,unprocessed,,0,not_selected_or_gate_blocked
train-003989,unprocessed,,0,not_selected_or_gate_blocked
train-003990,unprocessed,,0,not_selected_or_gate_blocked
train-003991,unprocessed,,0,not_selected_or_gate_blocked
train-003992,unprocessed,,0,not_selected_or_gate_blocked
train-003993,unprocessed,,0,not_selected_or_gate_blocked
train-003997,unprocessed,,0,not_selected_or_gate_blocked
train-003998,unprocessed,,0,not_selected_or_gate_blocked
train-004000,unprocessed,,0,not_selected_or_gate_blocked
train-004001,unprocessed,,0,not_selected_or_gate_blocked
train-004003,unprocessed,,0,not_selected_or_gate_blocked
train-004004,unprocessed,,0,not_selected_or_gate_blocked
train-004005,unprocessed,,0,not_selected_or_gate_blocked
train-004006,unprocessed,,0,not_selected_or_gate_blocked
train-004007,unprocessed,,0,not_selected_or_gate_blocked
train-004010,unprocessed,,0,not_selected_or_gate_blocked
train-004011,unprocessed,,0,not_selected_or_gate_blocked
train-004012,unprocessed,,0,not_selected_or_gate_blocked
train-004015,unprocessed,,0,not_selected_or_gate_blocked
train-004017,unprocessed,,0,not_selected_or_gate_blocked
train-004019,unprocessed,,0,not_selected_or_gate_blocked
train-004020,unprocessed,,0,not_selected_or_gate_blocked
train-004021,unprocessed,,0,not_selected_or_gate_blocked
train-004023,unprocessed,,0,not_selected_or_gate_blocked
train-004024,unprocessed,,0,not_selected_or_gate_blocked
train-004026,unprocessed,,0,not_selected_or_gate_blocked
train-004027,unprocessed,,0,not_selected_or_gate_blocked
train-004028,unprocessed,,0,not_selected_or_gate_blocked
train-004029,unprocessed,,0,not_selected_or_gate_blocked
train-004030,unprocessed,,0,not_selected_or_gate_blocked
train-004031,unprocessed,,0,not_selected_or_gate_blocked
train-004032,unprocessed,,0,not_selected_or_gate_blocked
train-004033,unprocessed,,0,not_selected_or_gate_blocked
train-004035,unprocessed,,0,not_selected_or_gate_blocked
train-004036,unprocessed,,0,not_selected_or_gate_blocked
train-004037,unprocessed,,0,not_selected_or_gate_blocked
train-004038,unprocessed,,0,not_selected_or_gate_blocked
train-004039,unprocessed,,0,not_selected_or_gate_blocked
train-004040,unprocessed,,0,not_selected_or_gate_blocked
train-004042,unprocessed,,0,not_selected_or_gate_blocked
train-004043,unprocessed,,0,not_selected_or_gate_blocked
train-004045,unprocessed,,0,not_selected_or_gate_blocked
train-004046,unprocessed,,0,not_selected_or_gate_blocked
train-004047,unprocessed,,0,not_selected_or_gate_blocked
train-004049,unprocessed,,0,not_selected_or_gate_blocked
train-004050,unprocessed,,0,not_selected_or_gate_blocked
train-004051,unprocessed,,0,not_selected_or_gate_blocked
train-004053,unprocessed,,0,not_selected_or_gate_blocked
train-004054,unprocessed,,0,not_selected_or_gate_blocked
train-004056,unprocessed,,0,not_selected_or_gate_blocked
train-004057,unprocessed,,0,not_selected_or_gate_blocked
train-004058,unprocessed,,0,not_selected_or_gate_blocked
train-004059,unprocessed,,0,not_selected_or_gate_blocked
train-004060,unprocessed,,0,not_selected_or_gate_blocked
train-004063,unprocessed,,0,not_selected_or_gate_blocked
train-004064,unprocessed,,0,not_selected_or_gate_blocked
train-004066,unprocessed,,0,not_selected_or_gate_blocked
train-004067,unprocessed,,0,not_selected_or_gate_blocked
train-004071,unprocessed,,0,not_selected_or_gate_blocked
train-004072,unprocessed,,0,not_selected_or_gate_blocked
train-004073,unprocessed,,0,not_selected_or_gate_blocked
train-004075,unprocessed,,0,not_selected_or_gate_blocked
train-004076,unprocessed,,0,not_selected_or_gate_blocked
train-004078,unprocessed,,0,not_selected_or_gate_blocked
train-004079,unprocessed,,0,not_selected_or_gate_blocked
train-004080,unprocessed,,0,not_selected_or_gate_blocked
train-004081,unprocessed,,0,not_selected_or_gate_blocked
train-004083,unprocessed,,0,not_selected_or_gate_blocked
train-004086,unprocessed,,0,not_selected_or_gate_blocked
train-004087,unprocessed,,0,not_selected_or_gate_blocked
train-004088,unprocessed,,0,not_selected_or_gate_blocked
train-004090,unprocessed,,0,not_selected_or_gate_blocked
train-004091,unprocessed,,0,not_selected_or_gate_blocked
train-004092,unprocessed,,0,not_selected_or_gate_blocked
train-004096,unprocessed,,0,not_selected_or_gate_blocked
train-004098,unprocessed,,0,not_selected_or_gate_blocked
train-004099,unprocessed,,0,not_selected_or_gate_blocked
train-004100,unprocessed,,0,not_selected_or_gate_blocked
train-004101,unprocessed,,0,not_selected_or_gate_blocked
train-004104,unprocessed,,0,not_selected_or_gate_blocked
train-004107,unprocessed,,0,not_selected_or_gate_blocked
train-004108,unprocessed,,0,not_selected_or_gate_blocked
train-004109,unprocessed,,0,not_selected_or_gate_blocked
train-004110,unprocessed,,0,not_selected_or_gate_blocked
train-004112,unprocessed,,0,not_selected_or_gate_blocked
train-004113,unprocessed,,0,not_selected_or_gate_blocked
train-004115,unprocessed,,0,not_selected_or_gate_blocked
train-004117,unprocessed,,0,not_selected_or_gate_blocked
train-004118,unprocessed,,0,not_selected_or_gate_blocked
train-004119,unprocessed,,0,not_selected_or_gate_blocked
train-004120,unprocessed,,0,not_selected_or_gate_blocked
train-004122,unprocessed,,0,not_selected_or_gate_blocked
train-004125,unprocessed,,0,not_selected_or_gate_blocked
train-004126,unprocessed,,0,not_selected_or_gate_blocked
train-004127,unprocessed,,0,not_selected_or_gate_blocked
train-004128,unprocessed,,0,not_selected_or_gate_blocked
train-004129,unprocessed,,0,not_selected_or_gate_blocked
train-004132,unprocessed,,0,not_selected_or_gate_blocked
train-004133,unprocessed,,0,not_selected_or_gate_blocked
train-004136,unprocessed,,0,not_selected_or_gate_blocked
train-004138,unprocessed,,0,not_selected_or_gate_blocked
train-004139,unprocessed,,0,not_selected_or_gate_blocked
train-004141,unprocessed,,0,not_selected_or_gate_blocked
train-004142,unprocessed,,0,not_selected_or_gate_blocked
train-004145,unprocessed,,0,not_selected_or_gate_blocked
train-004146,unprocessed,,0,not_selected_or_gate_blocked
train-004149,unprocessed,,0,not_selected_or_gate_blocked
train-004151,unprocessed,,0,not_selected_or_gate_blocked
train-004152,unprocessed,,0,not_selected_or_gate_blocked
train-004154,unprocessed,,0,not_selected_or_gate_blocked
train-004156,unprocessed,,0,not_selected_or_gate_blocked
train-004157,unprocessed,,0,not_selected_or_gate_blocked
train-004158,unprocessed,,0,not_selected_or_gate_blocked
train-004160,unprocessed,,0,not_selected_or_gate_blocked
train-004161,unprocessed,,0,not_selected_or_gate_blocked
train-004162,unprocessed,,0,not_selected_or_gate_blocked
train-004163,unprocessed,,0,not_selected_or_gate_blocked
train-004165,unprocessed,,0,not_selected_or_gate_blocked
train-004166,unprocessed,,0,not_selected_or_gate_blocked
train-004167,unprocessed,,0,not_selected_or_gate_blocked
train-004168,unprocessed,,0,not_selected_or_gate_blocked
train-004169,unprocessed,,0,not_selected_or_gate_blocked
train-004170,unprocessed,,0,not_selected_or_gate_blocked
train-004173,unprocessed,,0,not_selected_or_gate_blocked
train-004174,unprocessed,,0,not_selected_or_gate_blocked
train-004175,unprocessed,,0,not_selected_or_gate_blocked
train-004176,unprocessed,,0,not_selected_or_gate_blocked
train-004177,unprocessed,,0,not_selected_or_gate_blocked
train-004179,unprocessed,,0,not_selected_or_gate_blocked
train-004180,unprocessed,,0,not_selected_or_gate_blocked
train-004182,unprocessed,,0,not_selected_or_gate_blocked
train-004183,unprocessed,,0,not_selected_or_gate_blocked
train-004184,unprocessed,,0,not_selected_or_gate_blocked
train-004185,unprocessed,,0,not_selected_or_gate_blocked
train-004186,unprocessed,,0,not_selected_or_gate_blocked
train-004188,unprocessed,,0,not_selected_or_gate_blocked
train-004189,unprocessed,,0,not_selected_or_gate_blocked
train-004190,unprocessed,,0,not_selected_or_gate_blocked
train-004191,unprocessed,,0,not_selected_or_gate_blocked
train-004192,unprocessed,,0,not_selected_or_gate_blocked
train-004193,unprocessed,,0,not_selected_or_gate_blocked
train-004194,unprocessed,,0,not_selected_or_gate_blocked
train-004195,unprocessed,,0,not_selected_or_gate_blocked
train-004196,unprocessed,,0,not_selected_or_gate_blocked
train-004197,unprocessed,,0,not_selected_or_gate_blocked
train-004198,unprocessed,,0,not_selected_or_gate_blocked
train-004199,unprocessed,,0,not_selected_or_gate_blocked
train-004200,unprocessed,,0,not_selected_or_gate_blocked
train-004201,unprocessed,,0,not_selected_or_gate_blocked
train-004202,unprocessed,,0,not_selected_or_gate_blocked
train-004203,unprocessed,,0,not_selected_or_gate_blocked
train-004205,unprocessed,,0,not_selected_or_gate_blocked
train-004207,unprocessed,,0,not_selected_or_gate_blocked
train-004208,unprocessed,,0,not_selected_or_gate_blocked
train-004210,unprocessed,,0,not_selected_or_gate_blocked
train-004211,unprocessed,,0,not_selected_or_gate_blocked
train-004212,unprocessed,,0,not_selected_or_gate_blocked
train-004213,unprocessed,,0,not_selected_or_gate_blocked
train-004214,unprocessed,,0,not_selected_or_gate_blocked
train-004215,unprocessed,,0,not_selected_or_gate_blocked
train-004216,unprocessed,,0,not_selected_or_gate_blocked
train-004218,unprocessed,,0,not_selected_or_gate_blocked
train-004219,unprocessed,,0,not_selected_or_gate_blocked
train-004220,unprocessed,,0,not_selected_or_gate_blocked
train-004221,unprocessed,,0,not_selected_or_gate_blocked
train-004222,unprocessed,,0,not_selected_or_gate_blocked
train-004223,unprocessed,,0,not_selected_or_gate_blocked
train-004224,unprocessed,,0,not_selected_or_gate_blocked
train-004225,unprocessed,,0,not_selected_or_gate_blocked
train-004226,unprocessed,,0,not_selected_or_gate_blocked
train-004227,unprocessed,,0,not_selected_or_gate_blocked
train-004228,unprocessed,,0,not_selected_or_gate_blocked
train-004229,unprocessed,,0,not_selected_or_gate_blocked
train-004231,unprocessed,,0,not_selected_or_gate_blocked
train-004232,unprocessed,,0,not_selected_or_gate_blocked
train-004234,unprocessed,,0,not_selected_or_gate_blocked
train-004235,unprocessed,,0,not_selected_or_gate_blocked
train-004236,unprocessed,,0,not_selected_or_gate_blocked
train-004237,unprocessed,,0,not_selected_or_gate_blocked
train-004238,unprocessed,,0,not_selected_or_gate_blocked
train-004239,unprocessed,,0,not_selected_or_gate_blocked
train-004240,unprocessed,,0,not_selected_or_gate_blocked
train-004241,unprocessed,,0,not_selected_or_gate_blocked
train-004242,unprocessed,,0,not_selected_or_gate_blocked
train-004244,unprocessed,,0,not_selected_or_gate_blocked
train-004245,unprocessed,,0,not_selected_or_gate_blocked
train-004246,unprocessed,,0,not_selected_or_gate_blocked
train-004247,unprocessed,,0,not_selected_or_gate_blocked
train-004248,unprocessed,,0,not_selected_or_gate_blocked
train-004251,unprocessed,,0,not_selected_or_gate_blocked
train-004252,unprocessed,,0,not_selected_or_gate_blocked
train-004254,unprocessed,,0,not_selected_or_gate_blocked
train-004258,unprocessed,,0,not_selected_or_gate_blocked
train-004260,unprocessed,,0,not_selected_or_gate_blocked
train-004261,unprocessed,,0,not_selected_or_gate_blocked
train-004262,unprocessed,,0,not_selected_or_gate_blocked
train-004263,unprocessed,,0,not_selected_or_gate_blocked
train-004264,unprocessed,,0,not_selected_or_gate_blocked
train-004265,unprocessed,,0,not_selected_or_gate_blocked
train-004266,unprocessed,,0,not_selected_or_gate_blocked
train-004267,unprocessed,,0,not_selected_or_gate_blocked
train-004268,unprocessed,,0,not_selected_or_gate_blocked
train-004269,unprocessed,,0,not_selected_or_gate_blocked
train-004272,unprocessed,,0,not_selected_or_gate_blocked
train-004273,unprocessed,,0,not_selected_or_gate_blocked
train-004274,unprocessed,,0,not_selected_or_gate_blocked
train-004275,unprocessed,,0,not_selected_or_gate_blocked
train-004277,unprocessed,,0,not_selected_or_gate_blocked
train-004278,unprocessed,,0,not_selected_or_gate_blocked
train-004279,unprocessed,,0,not_selected_or_gate_blocked
train-004280,unprocessed,,0,not_selected_or_gate_blocked
train-004281,unprocessed,,0,not_selected_or_gate_blocked
train-004282,unprocessed,,0,not_selected_or_gate_blocked
train-004283,unprocessed,,0,not_selected_or_gate_blocked
train-004285,unprocessed,,0,not_selected_or_gate_blocked
train-004286,unprocessed,,0,not_selected_or_gate_blocked
train-004287,unprocessed,,0,not_selected_or_gate_blocked
train-004289,unprocessed,,0,not_selected_or_gate_blocked
train-004290,unprocessed,,0,not_selected_or_gate_blocked
train-004291,unprocessed,,0,not_selected_or_gate_blocked
train-004292,unprocessed,,0,not_selected_or_gate_blocked
train-004294,unprocessed,,0,not_selected_or_gate_blocked
train-004296,unprocessed,,0,not_selected_or_gate_blocked
train-004297,unprocessed,,0,not_selected_or_gate_blocked
train-004300,unprocessed,,0,not_selected_or_gate_blocked
train-004303,unprocessed,,0,not_selected_or_gate_blocked
train-004306,unprocessed,,0,not_selected_or_gate_blocked
train-004308,unprocessed,,0,not_selected_or_gate_blocked
train-004310,unprocessed,,0,not_selected_or_gate_blocked
train-004312,unprocessed,,0,not_selected_or_gate_blocked
train-004313,unprocessed,,0,not_selected_or_gate_blocked
train-004315,unprocessed,,0,not_selected_or_gate_blocked
train-004318,unprocessed,,0,not_selected_or_gate_blocked
train-004320,unprocessed,,0,not_selected_or_gate_blocked
train-004321,unprocessed,,0,not_selected_or_gate_blocked
train-004323,unprocessed,,0,not_selected_or_gate_blocked
train-004324,unprocessed,,0,not_selected_or_gate_blocked
train-004326,unprocessed,,0,not_selected_or_gate_blocked
train-004327,unprocessed,,0,not_selected_or_gate_blocked
train-004328,unprocessed,,0,not_selected_or_gate_blocked
train-004331,unprocessed,,0,not_selected_or_gate_blocked
train-004332,unprocessed,,0,not_selected_or_gate_blocked
train-004335,unprocessed,,0,not_selected_or_gate_blocked
train-004337,unprocessed,,0,not_selected_or_gate_blocked
train-004338,unprocessed,,0,not_selected_or_gate_blocked
train-004339,unprocessed,,0,not_selected_or_gate_blocked
train-004340,unprocessed,,0,not_selected_or_gate_blocked
train-004341,unprocessed,,0,not_selected_or_gate_blocked
train-004342,unprocessed,,0,not_selected_or_gate_blocked
train-004343,unprocessed,,0,not_selected_or_gate_blocked
train-004344,unprocessed,,0,not_selected_or_gate_blocked
train-004346,unprocessed,,0,not_selected_or_gate_blocked
train-004347,unprocessed,,0,not_selected_or_gate_blocked
train-004348,unprocessed,,0,not_selected_or_gate_blocked
train-004349,unprocessed,,0,not_selected_or_gate_blocked
train-004350,unprocessed,,0,not_selected_or_gate_blocked
train-004353,unprocessed,,0,not_selected_or_gate_blocked
train-004354,unprocessed,,0,not_selected_or_gate_blocked
train-004356,unprocessed,,0,not_selected_or_gate_blocked
train-004357,unprocessed,,0,not_selected_or_gate_blocked
train-004359,unprocessed,,0,not_selected_or_gate_blocked
train-004360,unprocessed,,0,not_selected_or_gate_blocked
train-004361,unprocessed,,0,not_selected_or_gate_blocked
train-004362,unprocessed,,0,not_selected_or_gate_blocked
train-004364,unprocessed,,0,not_selected_or_gate_blocked
train-004365,unprocessed,,0,not_selected_or_gate_blocked
train-004367,unprocessed,,0,not_selected_or_gate_blocked
train-004369,unprocessed,,0,not_selected_or_gate_blocked
train-004370,unprocessed,,0,not_selected_or_gate_blocked
train-004371,unprocessed,,0,not_selected_or_gate_blocked
train-004372,unprocessed,,0,not_selected_or_gate_blocked
train-004373,unprocessed,,0,not_selected_or_gate_blocked
train-004374,unprocessed,,0,not_selected_or_gate_blocked
train-004375,unprocessed,,0,not_selected_or_gate_blocked
train-004377,unprocessed,,0,not_selected_or_gate_blocked
train-004378,unprocessed,,0,not_selected_or_gate_blocked
train-004379,unprocessed,,0,not_selected_or_gate_blocked
train-004380,unprocessed,,0,not_selected_or_gate_blocked
train-004381,unprocessed,,0,not_selected_or_gate_blocked
train-004382,unprocessed,,0,not_selected_or_gate_blocked
train-004383,unprocessed,,0,not_selected_or_gate_blocked
train-004384,unprocessed,,0,not_selected_or_gate_blocked
train-004386,unprocessed,,0,not_selected_or_gate_blocked
train-004387,unprocessed,,0,not_selected_or_gate_blocked
train-004388,unprocessed,,0,not_selected_or_gate_blocked
train-004389,unprocessed,,0,not_selected_or_gate_blocked
train-004391,unprocessed,,0,not_selected_or_gate_blocked
train-004392,unprocessed,,0,not_selected_or_gate_blocked
train-004393,unprocessed,,0,not_selected_or_gate_blocked
train-004394,unprocessed,,0,not_selected_or_gate_blocked
train-004395,unprocessed,,0,not_selected_or_gate_blocked
train-004396,unprocessed,,0,not_selected_or_gate_blocked
train-004397,unprocessed,,0,not_selected_or_gate_blocked
train-004398,unprocessed,,0,not_selected_or_gate_blocked
train-004399,unprocessed,,0,not_selected_or_gate_blocked
train-004400,unprocessed,,0,not_selected_or_gate_blocked
train-004401,unprocessed,,0,not_selected_or_gate_blocked
train-004402,unprocessed,,0,not_selected_or_gate_blocked
train-004403,unprocessed,,0,not_selected_or_gate_blocked
train-004406,unprocessed,,0,not_selected_or_gate_blocked
train-004407,unprocessed,,0,not_selected_or_gate_blocked
train-004409,unprocessed,,0,not_selected_or_gate_blocked
train-004412,unprocessed,,0,not_selected_or_gate_blocked
train-004413,unprocessed,,0,not_selected_or_gate_blocked
train-004414,unprocessed,,0,not_selected_or_gate_blocked
train-004415,unprocessed,,0,not_selected_or_gate_blocked
train-004416,unprocessed,,0,not_selected_or_gate_blocked
train-004417,unprocessed,,0,not_selected_or_gate_blocked
train-004418,unprocessed,,0,not_selected_or_gate_blocked
train-004419,unprocessed,,0,not_selected_or_gate_blocked
train-004420,unprocessed,,0,not_selected_or_gate_blocked
train-004422,unprocessed,,0,not_selected_or_gate_blocked
train-004423,unprocessed,,0,not_selected_or_gate_blocked
train-004424,unprocessed,,0,not_selected_or_gate_blocked
train-004425,unprocessed,,0,not_selected_or_gate_blocked
train-004426,unprocessed,,0,not_selected_or_gate_blocked
train-004427,unprocessed,,0,not_selected_or_gate_blocked
train-004429,unprocessed,,0,not_selected_or_gate_blocked
train-004430,unprocessed,,0,not_selected_or_gate_blocked
train-004432,unprocessed,,0,not_selected_or_gate_blocked
train-004433,unprocessed,,0,not_selected_or_gate_blocked
train-004434,unprocessed,,0,not_selected_or_gate_blocked
train-004436,unprocessed,,0,not_selected_or_gate_blocked
train-004440,unprocessed,,0,not_selected_or_gate_blocked
train-004441,unprocessed,,0,not_selected_or_gate_blocked
train-004442,unprocessed,,0,not_selected_or_gate_blocked
train-004443,unprocessed,,0,not_selected_or_gate_blocked
train-004444,unprocessed,,0,not_selected_or_gate_blocked
train-004445,unprocessed,,0,not_selected_or_gate_blocked
train-004446,unprocessed,,0,not_selected_or_gate_blocked
train-004447,unprocessed,,0,not_selected_or_gate_blocked
train-004448,unprocessed,,0,not_selected_or_gate_blocked
train-004452,unprocessed,,0,not_selected_or_gate_blocked
train-004453,unprocessed,,0,not_selected_or_gate_blocked
train-004454,unprocessed,,0,not_selected_or_gate_blocked
train-004455,unprocessed,,0,not_selected_or_gate_blocked
train-004456,unprocessed,,0,not_selected_or_gate_blocked
train-004457,unprocessed,,0,not_selected_or_gate_blocked
train-004458,unprocessed,,0,not_selected_or_gate_blocked
train-004459,unprocessed,,0,not_selected_or_gate_blocked
train-004460,unprocessed,,0,not_selected_or_gate_blocked
train-004461,unprocessed,,0,not_selected_or_gate_blocked
train-004464,unprocessed,,0,not_selected_or_gate_blocked
train-004465,unprocessed,,0,not_selected_or_gate_blocked
train-004466,unprocessed,,0,not_selected_or_gate_blocked
train-004467,unprocessed,,0,not_selected_or_gate_blocked
train-004468,unprocessed,,0,not_selected_or_gate_blocked
train-004469,unprocessed,,0,not_selected_or_gate_blocked
train-004470,unprocessed,,0,not_selected_or_gate_blocked
train-004471,unprocessed,,0,not_selected_or_gate_blocked
train-004472,unprocessed,,0,not_selected_or_gate_blocked
train-004473,unprocessed,,0,not_selected_or_gate_blocked
train-004474,unprocessed,,0,not_selected_or_gate_blocked
train-004475,unprocessed,,0,not_selected_or_gate_blocked
train-004477,unprocessed,,0,not_selected_or_gate_blocked
train-004478,unprocessed,,0,not_selected_or_gate_blocked
train-004479,unprocessed,,0,not_selected_or_gate_blocked
train-004480,unprocessed,,0,not_selected_or_gate_blocked
train-004482,unprocessed,,0,not_selected_or_gate_blocked
train-004483,unprocessed,,0,not_selected_or_gate_blocked
train-004485,unprocessed,,0,not_selected_or_gate_blocked
train-004486,unprocessed,,0,not_selected_or_gate_blocked
train-004487,unprocessed,,0,not_selected_or_gate_blocked
train-004490,unprocessed,,0,not_selected_or_gate_blocked
train-004491,unprocessed,,0,not_selected_or_gate_blocked
train-004495,unprocessed,,0,not_selected_or_gate_blocked
train-004496,unprocessed,,0,not_selected_or_gate_blocked
train-004498,unprocessed,,0,not_selected_or_gate_blocked
train-004499,unprocessed,,0,not_selected_or_gate_blocked
train-004500,unprocessed,,0,not_selected_or_gate_blocked
train-004501,unprocessed,,0,not_selected_or_gate_blocked
train-004502,unprocessed,,0,not_selected_or_gate_blocked
train-004503,unprocessed,,0,not_selected_or_gate_blocked
train-004505,unprocessed,,0,not_selected_or_gate_blocked
train-004506,unprocessed,,0,not_selected_or_gate_blocked
train-004507,unprocessed,,0,not_selected_or_gate_blocked
train-004508,unprocessed,,0,not_selected_or_gate_blocked
train-004509,unprocessed,,0,not_selected_or_gate_blocked
train-004510,unprocessed,,0,not_selected_or_gate_blocked
train-004511,unprocessed,,0,not_selected_or_gate_blocked
train-004513,unprocessed,,0,not_selected_or_gate_blocked
train-004514,unprocessed,,0,not_selected_or_gate_blocked
train-004516,unprocessed,,0,not_selected_or_gate_blocked
train-004517,unprocessed,,0,not_selected_or_gate_blocked
train-004518,unprocessed,,0,not_selected_or_gate_blocked
train-004519,unprocessed,,0,not_selected_or_gate_blocked
train-004520,unprocessed,,0,not_selected_or_gate_blocked
train-004521,unprocessed,,0,not_selected_or_gate_blocked
train-004522,unprocessed,,0,not_selected_or_gate_blocked
train-004523,unprocessed,,0,not_selected_or_gate_blocked
train-004524,unprocessed,,0,not_selected_or_gate_blocked
train-004527,unprocessed,,0,not_selected_or_gate_blocked
train-004528,unprocessed,,0,not_selected_or_gate_blocked
train-004529,unprocessed,,0,not_selected_or_gate_blocked
train-004530,unprocessed,,0,not_selected_or_gate_blocked
train-004531,unprocessed,,0,not_selected_or_gate_blocked
train-004532,unprocessed,,0,not_selected_or_gate_blocked
train-004533,unprocessed,,0,not_selected_or_gate_blocked
train-004534,unprocessed,,0,not_selected_or_gate_blocked
train-004536,unprocessed,,0,not_selected_or_gate_blocked
train-004537,unprocessed,,0,not_selected_or_gate_blocked
train-004538,unprocessed,,0,not_selected_or_gate_blocked
train-004539,unprocessed,,0,not_selected_or_gate_blocked
train-004540,unprocessed,,0,not_selected_or_gate_blocked
train-004542,unprocessed,,0,not_selected_or_gate_blocked
train-004543,unprocessed,,0,not_selected_or_gate_blocked
train-004544,unprocessed,,0,not_selected_or_gate_blocked
train-004545,unprocessed,,0,not_selected_or_gate_blocked
train-004546,unprocessed,,0,not_selected_or_gate_blocked
train-004547,unprocessed,,0,not_selected_or_gate_blocked
train-004549,unprocessed,,0,not_selected_or_gate_blocked
train-004554,unprocessed,,0,not_selected_or_gate_blocked
train-004556,unprocessed,,0,not_selected_or_gate_blocked
train-004559,unprocessed,,0,not_selected_or_gate_blocked
train-004560,unprocessed,,0,not_selected_or_gate_blocked
train-004561,unprocessed,,0,not_selected_or_gate_blocked
train-004562,unprocessed,,0,not_selected_or_gate_blocked
train-004566,unprocessed,,0,not_selected_or_gate_blocked
train-004567,unprocessed,,0,not_selected_or_gate_blocked
train-004568,unprocessed,,0,not_selected_or_gate_blocked
train-004569,unprocessed,,0,not_selected_or_gate_blocked
train-004570,unprocessed,,0,not_selected_or_gate_blocked
train-004572,unprocessed,,0,not_selected_or_gate_blocked
train-004574,unprocessed,,0,not_selected_or_gate_blocked
train-004575,unprocessed,,0,not_selected_or_gate_blocked
train-004577,unprocessed,,0,not_selected_or_gate_blocked
train-004578,unprocessed,,0,not_selected_or_gate_blocked
train-004580,unprocessed,,0,not_selected_or_gate_blocked
train-004581,unprocessed,,0,not_selected_or_gate_blocked
train-004583,unprocessed,,0,not_selected_or_gate_blocked
train-004584,unprocessed,,0,not_selected_or_gate_blocked
train-004585,unprocessed,,0,not_selected_or_gate_blocked
train-004586,unprocessed,,0,not_selected_or_gate_blocked
train-004589,unprocessed,,0,not_selected_or_gate_blocked
train-004590,unprocessed,,0,not_selected_or_gate_blocked
train-004591,unprocessed,,0,not_selected_or_gate_blocked
train-004592,unprocessed,,0,not_selected_or_gate_blocked
train-004593,unprocessed,,0,not_selected_or_gate_blocked
train-004594,unprocessed,,0,not_selected_or_gate_blocked
train-004595,unprocessed,,0,not_selected_or_gate_blocked
train-004598,unprocessed,,0,not_selected_or_gate_blocked
train-004600,unprocessed,,0,not_selected_or_gate_blocked
train-004601,unprocessed,,0,not_selected_or_gate_blocked
train-004603,unprocessed,,0,not_selected_or_gate_blocked
train-004604,unprocessed,,0,not_selected_or_gate_blocked
train-004605,unprocessed,,0,not_selected_or_gate_blocked
train-004606,unprocessed,,0,not_selected_or_gate_blocked
train-004607,unprocessed,,0,not_selected_or_gate_blocked
train-004608,unprocessed,,0,not_selected_or_gate_blocked
train-004611,unprocessed,,0,not_selected_or_gate_blocked
train-004612,unprocessed,,0,not_selected_or_gate_blocked
train-004613,unprocessed,,0,not_selected_or_gate_blocked
train-004615,unprocessed,,0,not_selected_or_gate_blocked
train-004616,unprocessed,,0,not_selected_or_gate_blocked
train-004617,unprocessed,,0,not_selected_or_gate_blocked
train-004618,unprocessed,,0,not_selected_or_gate_blocked
train-004621,unprocessed,,0,not_selected_or_gate_blocked
train-004622,unprocessed,,0,not_selected_or_gate_blocked
train-004624,unprocessed,,0,not_selected_or_gate_blocked
train-004626,unprocessed,,0,not_selected_or_gate_blocked
train-004627,unprocessed,,0,not_selected_or_gate_blocked
train-004628,unprocessed,,0,not_selected_or_gate_blocked
train-004629,unprocessed,,0,not_selected_or_gate_blocked
train-004630,unprocessed,,0,not_selected_or_gate_blocked
train-004631,unprocessed,,0,not_selected_or_gate_blocked
train-004632,unprocessed,,0,not_selected_or_gate_blocked
train-004636,unprocessed,,0,not_selected_or_gate_blocked
train-004637,unprocessed,,0,not_selected_or_gate_blocked
train-004640,unprocessed,,0,not_selected_or_gate_blocked
train-004643,unprocessed,,0,not_selected_or_gate_blocked
train-004644,unprocessed,,0,not_selected_or_gate_blocked
train-004645,unprocessed,,0,not_selected_or_gate_blocked
train-004646,unprocessed,,0,not_selected_or_gate_blocked
train-004647,unprocessed,,0,not_selected_or_gate_blocked
train-004648,unprocessed,,0,not_selected_or_gate_blocked
train-004649,unprocessed,,0,not_selected_or_gate_blocked
train-004650,unprocessed,,0,not_selected_or_gate_blocked
train-004651,unprocessed,,0,not_selected_or_gate_blocked
train-004652,unprocessed,,0,not_selected_or_gate_blocked
train-004654,unprocessed,,0,not_selected_or_gate_blocked
train-004655,unprocessed,,0,not_selected_or_gate_blocked
train-004659,unprocessed,,0,not_selected_or_gate_blocked
train-004660,unprocessed,,0,not_selected_or_gate_blocked
train-004661,unprocessed,,0,not_selected_or_gate_blocked
train-004662,unprocessed,,0,not_selected_or_gate_blocked
train-004663,unprocessed,,0,not_selected_or_gate_blocked
train-004664,unprocessed,,0,not_selected_or_gate_blocked
train-004667,unprocessed,,0,not_selected_or_gate_blocked
train-004668,unprocessed,,0,not_selected_or_gate_blocked
train-004669,unprocessed,,0,not_selected_or_gate_blocked
train-004671,unprocessed,,0,not_selected_or_gate_blocked
train-004672,unprocessed,,0,not_selected_or_gate_blocked
train-004674,unprocessed,,0,not_selected_or_gate_blocked
train-004677,unprocessed,,0,not_selected_or_gate_blocked
train-004680,unprocessed,,0,not_selected_or_gate_blocked
train-004681,unprocessed,,0,not_selected_or_gate_blocked
train-004683,unprocessed,,0,not_selected_or_gate_blocked
train-004686,unprocessed,,0,not_selected_or_gate_blocked
train-004688,unprocessed,,0,not_selected_or_gate_blocked
train-004689,unprocessed,,0,not_selected_or_gate_blocked
train-004691,unprocessed,,0,not_selected_or_gate_blocked
train-004694,unprocessed,,0,not_selected_or_gate_blocked
train-004697,unprocessed,,0,not_selected_or_gate_blocked
train-004698,unprocessed,,0,not_selected_or_gate_blocked
train-004699,unprocessed,,0,not_selected_or_gate_blocked
train-004701,unprocessed,,0,not_selected_or_gate_blocked
train-004702,unprocessed,,0,not_selected_or_gate_blocked
train-004704,unprocessed,,0,not_selected_or_gate_blocked
train-004705,unprocessed,,0,not_selected_or_gate_blocked
train-004706,unprocessed,,0,not_selected_or_gate_blocked
train-004708,unprocessed,,0,not_selected_or_gate_blocked
train-004709,unprocessed,,0,not_selected_or_gate_blocked
train-004712,unprocessed,,0,not_selected_or_gate_blocked
train-004713,unprocessed,,0,not_selected_or_gate_blocked
train-004717,unprocessed,,0,not_selected_or_gate_blocked
train-004718,unprocessed,,0,not_selected_or_gate_blocked
train-004719,unprocessed,,0,not_selected_or_gate_blocked
train-004720,unprocessed,,0,not_selected_or_gate_blocked
train-004722,unprocessed,,0,not_selected_or_gate_blocked
train-004723,unprocessed,,0,not_selected_or_gate_blocked
train-004724,unprocessed,,0,not_selected_or_gate_blocked
train-004725,unprocessed,,0,not_selected_or_gate_blocked
train-004726,unprocessed,,0,not_selected_or_gate_blocked
train-004728,unprocessed,,0,not_selected_or_gate_blocked
train-004730,unprocessed,,0,not_selected_or_gate_blocked
train-004731,unprocessed,,0,not_selected_or_gate_blocked
train-004732,unprocessed,,0,not_selected_or_gate_blocked
train-004733,unprocessed,,0,not_selected_or_gate_blocked
train-004734,unprocessed,,0,not_selected_or_gate_blocked
train-004735,unprocessed,,0,not_selected_or_gate_blocked
train-004736,unprocessed,,0,not_selected_or_gate_blocked
train-004738,unprocessed,,0,not_selected_or_gate_blocked
train-004739,unprocessed,,0,not_selected_or_gate_blocked
train-004740,unprocessed,,0,not_selected_or_gate_blocked
train-004741,unprocessed,,0,not_selected_or_gate_blocked
train-004742,unprocessed,,0,not_selected_or_gate_blocked
train-004743,unprocessed,,0,not_selected_or_gate_blocked
train-004744,unprocessed,,0,not_selected_or_gate_blocked
train-004746,unprocessed,,0,not_selected_or_gate_blocked
train-004748,unprocessed,,0,not_selected_or_gate_blocked
train-004749,unprocessed,,0,not_selected_or_gate_blocked
train-004750,unprocessed,,0,not_selected_or_gate_blocked
train-004752,unprocessed,,0,not_selected_or_gate_blocked
train-004753,unprocessed,,0,not_selected_or_gate_blocked
train-004754,unprocessed,,0,not_selected_or_gate_blocked
train-004755,unprocessed,,0,not_selected_or_gate_blocked
train-004756,unprocessed,,0,not_selected_or_gate_blocked
train-004757,unprocessed,,0,not_selected_or_gate_blocked
train-004758,unprocessed,,0,not_selected_or_gate_blocked
train-004759,unprocessed,,0,not_selected_or_gate_blocked
train-004760,unprocessed,,0,not_selected_or_gate_blocked
train-004761,unprocessed,,0,not_selected_or_gate_blocked
train-004763,unprocessed,,0,not_selected_or_gate_blocked
train-004764,unprocessed,,0,not_selected_or_gate_blocked
train-004768,unprocessed,,0,not_selected_or_gate_blocked
train-004770,unprocessed,,0,not_selected_or_gate_blocked
train-004771,unprocessed,,0,not_selected_or_gate_blocked
train-004773,unprocessed,,0,not_selected_or_gate_blocked
train-004774,unprocessed,,0,not_selected_or_gate_blocked
train-004777,unprocessed,,0,not_selected_or_gate_blocked
train-004778,unprocessed,,0,not_selected_or_gate_blocked
train-004781,unprocessed,,0,not_selected_or_gate_blocked
train-004782,unprocessed,,0,not_selected_or_gate_blocked
train-004784,unprocessed,,0,not_selected_or_gate_blocked
train-004785,unprocessed,,0,not_selected_or_gate_blocked
train-004786,unprocessed,,0,not_selected_or_gate_blocked
train-004787,unprocessed,,0,not_selected_or_gate_blocked
train-004788,unprocessed,,0,not_selected_or_gate_blocked
train-004789,unprocessed,,0,not_selected_or_gate_blocked
train-004790,unprocessed,,0,not_selected_or_gate_blocked
train-004794,unprocessed,,0,not_selected_or_gate_blocked
train-004795,unprocessed,,0,not_selected_or_gate_blocked
train-004796,unprocessed,,0,not_selected_or_gate_blocked
train-004797,unprocessed,,0,not_selected_or_gate_blocked
train-004798,unprocessed,,0,not_selected_or_gate_blocked
train-004799,unprocessed,,0,not_selected_or_gate_blocked
train-004800,unprocessed,,0,not_selected_or_gate_blocked
train-004801,unprocessed,,0,not_selected_or_gate_blocked
train-004803,unprocessed,,0,not_selected_or_gate_blocked
train-004804,unprocessed,,0,not_selected_or_gate_blocked
train-004806,unprocessed,,0,not_selected_or_gate_blocked
train-004807,unprocessed,,0,not_selected_or_gate_blocked
train-004808,unprocessed,,0,not_selected_or_gate_blocked
train-004811,unprocessed,,0,not_selected_or_gate_blocked
train-004813,unprocessed,,0,not_selected_or_gate_blocked
train-004814,unprocessed,,0,not_selected_or_gate_blocked
train-004815,unprocessed,,0,not_selected_or_gate_blocked
train-004816,unprocessed,,0,not_selected_or_gate_blocked
train-004817,unprocessed,,0,not_selected_or_gate_blocked
train-004818,unprocessed,,0,not_selected_or_gate_blocked
train-004820,unprocessed,,0,not_selected_or_gate_blocked
train-004822,unprocessed,,0,not_selected_or_gate_blocked
train-004823,unprocessed,,0,not_selected_or_gate_blocked
train-004824,unprocessed,,0,not_selected_or_gate_blocked
train-004825,unprocessed,,0,not_selected_or_gate_blocked
train-004826,unprocessed,,0,not_selected_or_gate_blocked
train-004827,unprocessed,,0,not_selected_or_gate_blocked
train-004830,unprocessed,,0,not_selected_or_gate_blocked
train-004831,unprocessed,,0,not_selected_or_gate_blocked
train-004832,unprocessed,,0,not_selected_or_gate_blocked
train-004833,unprocessed,,0,not_selected_or_gate_blocked
train-004834,unprocessed,,0,not_selected_or_gate_blocked
train-004835,unprocessed,,0,not_selected_or_gate_blocked
train-004836,unprocessed,,0,not_selected_or_gate_blocked
train-004837,unprocessed,,0,not_selected_or_gate_blocked
train-004838,unprocessed,,0,not_selected_or_gate_blocked
train-004839,unprocessed,,0,not_selected_or_gate_blocked
train-004840,unprocessed,,0,not_selected_or_gate_blocked
train-004841,unprocessed,,0,not_selected_or_gate_blocked
train-004843,unprocessed,,0,not_selected_or_gate_blocked
train-004844,unprocessed,,0,not_selected_or_gate_blocked
train-004845,unprocessed,,0,not_selected_or_gate_blocked
train-004846,unprocessed,,0,not_selected_or_gate_blocked
train-004847,unprocessed,,0,not_selected_or_gate_blocked
train-004848,unprocessed,,0,not_selected_or_gate_blocked
train-004849,unprocessed,,0,not_selected_or_gate_blocked
train-004851,unprocessed,,0,not_selected_or_gate_blocked
train-004852,unprocessed,,0,not_selected_or_gate_blocked
train-004853,unprocessed,,0,not_selected_or_gate_blocked
train-004854,unprocessed,,0,not_selected_or_gate_blocked
train-004856,unprocessed,,0,not_selected_or_gate_blocked
train-004859,unprocessed,,0,not_selected_or_gate_blocked
train-004860,unprocessed,,0,not_selected_or_gate_blocked
train-004861,unprocessed,,0,not_selected_or_gate_blocked
train-004862,unprocessed,,0,not_selected_or_gate_blocked
train-004863,unprocessed,,0,not_selected_or_gate_blocked
train-004865,unprocessed,,0,not_selected_or_gate_blocked
train-004866,unprocessed,,0,not_selected_or_gate_blocked
train-004869,unprocessed,,0,not_selected_or_gate_blocked
train-004870,unprocessed,,0,not_selected_or_gate_blocked
train-004871,unprocessed,,0,not_selected_or_gate_blocked
train-004872,unprocessed,,0,not_selected_or_gate_blocked
train-004874,unprocessed,,0,not_selected_or_gate_blocked
train-004878,unprocessed,,0,not_selected_or_gate_blocked
train-004879,unprocessed,,0,not_selected_or_gate_blocked
train-004881,unprocessed,,0,not_selected_or_gate_blocked
train-004882,unprocessed,,0,not_selected_or_gate_blocked
train-004883,unprocessed,,0,not_selected_or_gate_blocked
train-004884,unprocessed,,0,not_selected_or_gate_blocked
train-004885,unprocessed,,0,not_selected_or_gate_blocked
train-004887,unprocessed,,0,not_selected_or_gate_blocked
train-004889,unprocessed,,0,not_selected_or_gate_blocked
train-004890,unprocessed,,0,not_selected_or_gate_blocked
train-004891,unprocessed,,0,not_selected_or_gate_blocked
train-004893,unprocessed,,0,not_selected_or_gate_blocked
train-004894,unprocessed,,0,not_selected_or_gate_blocked
train-004895,unprocessed,,0,not_selected_or_gate_blocked
train-004897,unprocessed,,0,not_selected_or_gate_blocked
train-004898,unprocessed,,0,not_selected_or_gate_blocked
train-004899,unprocessed,,0,not_selected_or_gate_blocked
train-004901,unprocessed,,0,not_selected_or_gate_blocked
train-004902,unprocessed,,0,not_selected_or_gate_blocked
train-004904,unprocessed,,0,not_selected_or_gate_blocked
train-004905,unprocessed,,0,not_selected_or_gate_blocked
train-004906,unprocessed,,0,not_selected_or_gate_blocked
train-004908,unprocessed,,0,not_selected_or_gate_blocked
train-004909,unprocessed,,0,not_selected_or_gate_blocked
train-004912,unprocessed,,0,not_selected_or_gate_blocked
train-004914,unprocessed,,0,not_selected_or_gate_blocked
train-004915,unprocessed,,0,not_selected_or_gate_blocked
train-004918,unprocessed,,0,not_selected_or_gate_blocked
train-004919,unprocessed,,0,not_selected_or_gate_blocked
train-004920,unprocessed,,0,not_selected_or_gate_blocked
train-004921,unprocessed,,0,not_selected_or_gate_blocked
train-004922,unprocessed,,0,not_selected_or_gate_blocked
train-004924,unprocessed,,0,not_selected_or_gate_blocked
train-004925,unprocessed,,0,not_selected_or_gate_blocked
train-004926,unprocessed,,0,not_selected_or_gate_blocked
train-004927,unprocessed,,0,not_selected_or_gate_blocked
train-004930,unprocessed,,0,not_selected_or_gate_blocked
train-004931,unprocessed,,0,not_selected_or_gate_blocked
train-004932,unprocessed,,0,not_selected_or_gate_blocked
train-004933,unprocessed,,0,not_selected_or_gate_blocked
train-004934,unprocessed,,0,not_selected_or_gate_blocked
train-004935,unprocessed,,0,not_selected_or_gate_blocked
train-004936,unprocessed,,0,not_selected_or_gate_blocked
train-004937,unprocessed,,0,not_selected_or_gate_blocked
train-004938,unprocessed,,0,not_selected_or_gate_blocked
train-004939,unprocessed,,0,not_selected_or_gate_blocked
train-004940,unprocessed,,0,not_selected_or_gate_blocked
train-004941,unprocessed,,0,not_selected_or_gate_blocked
train-004942,unprocessed,,0,not_selected_or_gate_blocked
train-004944,unprocessed,,0,not_selected_or_gate_blocked
train-004945,unprocessed,,0,not_selected_or_gate_blocked
train-004946,unprocessed,,0,not_selected_or_gate_blocked
train-004948,unprocessed,,0,not_selected_or_gate_blocked
train-004949,unprocessed,,0,not_selected_or_gate_blocked
train-004953,unprocessed,,0,not_selected_or_gate_blocked
train-004955,unprocessed,,0,not_selected_or_gate_blocked
train-004957,unprocessed,,0,not_selected_or_gate_blocked
train-004958,unprocessed,,0,not_selected_or_gate_blocked
train-004959,unprocessed,,0,not_selected_or_gate_blocked
train-004960,unprocessed,,0,not_selected_or_gate_blocked
train-004962,unprocessed,,0,not_selected_or_gate_blocked
train-004963,unprocessed,,0,not_selected_or_gate_blocked
train-004964,unprocessed,,0,not_selected_or_gate_blocked
train-004965,unprocessed,,0,not_selected_or_gate_blocked
train-004967,unprocessed,,0,not_selected_or_gate_blocked
train-004969,unprocessed,,0,not_selected_or_gate_blocked
train-004973,unprocessed,,0,not_selected_or_gate_blocked
train-004974,unprocessed,,0,not_selected_or_gate_blocked
train-004975,unprocessed,,0,not_selected_or_gate_blocked
train-004976,unprocessed,,0,not_selected_or_gate_blocked
train-004979,unprocessed,,0,not_selected_or_gate_blocked
train-004980,unprocessed,,0,not_selected_or_gate_blocked
train-004982,unprocessed,,0,not_selected_or_gate_blocked
train-004983,unprocessed,,0,not_selected_or_gate_blocked
train-004984,unprocessed,,0,not_selected_or_gate_blocked
train-004987,unprocessed,,0,not_selected_or_gate_blocked
train-004989,unprocessed,,0,not_selected_or_gate_blocked
train-004990,unprocessed,,0,not_selected_or_gate_blocked
train-004991,unprocessed,,0,not_selected_or_gate_blocked
train-004992,unprocessed,,0,not_selected_or_gate_blocked
train-004993,unprocessed,,0,not_selected_or_gate_blocked
train-004995,unprocessed,,0,not_selected_or_gate_blocked
train-004996,unprocessed,,0,not_selected_or_gate_blocked
train-004997,unprocessed,,0,not_selected_or_gate_blocked
train-004998,unprocessed,,0,not_selected_or_gate_blocked
train-005000,unprocessed,,0,not_selected_or_gate_blocked
train-005003,unprocessed,,0,not_selected_or_gate_blocked
train-005004,unprocessed,,0,not_selected_or_gate_blocked
train-005005,unprocessed,,0,not_selected_or_gate_blocked
train-005006,unprocessed,,0,not_selected_or_gate_blocked
train-005007,unprocessed,,0,not_selected_or_gate_blocked
train-005008,unprocessed,,0,not_selected_or_gate_blocked
train-005010,unprocessed,,0,not_selected_or_gate_blocked
train-005011,unprocessed,,0,not_selected_or_gate_blocked
train-005012,unprocessed,,0,not_selected_or_gate_blocked
train-005014,unprocessed,,0,not_selected_or_gate_blocked
train-005015,unprocessed,,0,not_selected_or_gate_blocked
train-005016,unprocessed,,0,not_selected_or_gate_blocked
train-005017,unprocessed,,0,not_selected_or_gate_blocked
train-005018,unprocessed,,0,not_selected_or_gate_blocked
train-005019,unprocessed,,0,not_selected_or_gate_blocked
train-005020,unprocessed,,0,not_selected_or_gate_blocked
train-005021,unprocessed,,0,not_selected_or_gate_blocked
train-005023,unprocessed,,0,not_selected_or_gate_blocked
train-005024,unprocessed,,0,not_selected_or_gate_blocked
train-005025,unprocessed,,0,not_selected_or_gate_blocked
train-005026,unprocessed,,0,not_selected_or_gate_blocked
train-005029,unprocessed,,0,not_selected_or_gate_blocked
train-005030,unprocessed,,0,not_selected_or_gate_blocked
train-005031,unprocessed,,0,not_selected_or_gate_blocked
train-005032,unprocessed,,0,not_selected_or_gate_blocked
train-005034,unprocessed,,0,not_selected_or_gate_blocked
train-005035,unprocessed,,0,not_selected_or_gate_blocked
train-005036,unprocessed,,0,not_selected_or_gate_blocked
train-005037,unprocessed,,0,not_selected_or_gate_blocked
train-005038,unprocessed,,0,not_selected_or_gate_blocked
train-005039,unprocessed,,0,not_selected_or_gate_blocked
train-005041,unprocessed,,0,not_selected_or_gate_blocked
train-005042,unprocessed,,0,not_selected_or_gate_blocked
train-005043,unprocessed,,0,not_selected_or_gate_blocked
train-005045,unprocessed,,0,not_selected_or_gate_blocked
train-005046,unprocessed,,0,not_selected_or_gate_blocked
train-005047,unprocessed,,0,not_selected_or_gate_blocked
train-005050,unprocessed,,0,not_selected_or_gate_blocked
train-005051,unprocessed,,0,not_selected_or_gate_blocked
train-005052,unprocessed,,0,not_selected_or_gate_blocked
train-005053,unprocessed,,0,not_selected_or_gate_blocked
train-005055,unprocessed,,0,not_selected_or_gate_blocked
train-005056,unprocessed,,0,not_selected_or_gate_blocked
train-005057,unprocessed,,0,not_selected_or_gate_blocked
train-005060,unprocessed,,0,not_selected_or_gate_blocked
train-005061,unprocessed,,0,not_selected_or_gate_blocked
train-005062,unprocessed,,0,not_selected_or_gate_blocked
train-005064,unprocessed,,0,not_selected_or_gate_blocked
train-005065,unprocessed,,0,not_selected_or_gate_blocked
train-005066,unprocessed,,0,not_selected_or_gate_blocked
train-005067,unprocessed,,0,not_selected_or_gate_blocked
train-005068,unprocessed,,0,not_selected_or_gate_blocked
train-005071,unprocessed,,0,not_selected_or_gate_blocked
train-005073,unprocessed,,0,not_selected_or_gate_blocked
train-005076,unprocessed,,0,not_selected_or_gate_blocked
train-005077,unprocessed,,0,not_selected_or_gate_blocked
train-005078,unprocessed,,0,not_selected_or_gate_blocked
train-005080,unprocessed,,0,not_selected_or_gate_blocked
train-005081,unprocessed,,0,not_selected_or_gate_blocked
train-005083,unprocessed,,0,not_selected_or_gate_blocked
train-005084,unprocessed,,0,not_selected_or_gate_blocked
train-005085,unprocessed,,0,not_selected_or_gate_blocked
train-005087,unprocessed,,0,not_selected_or_gate_blocked
train-005088,unprocessed,,0,not_selected_or_gate_blocked
train-005089,unprocessed,,0,not_selected_or_gate_blocked
train-005090,unprocessed,,0,not_selected_or_gate_blocked
train-005091,unprocessed,,0,not_selected_or_gate_blocked
train-005092,unprocessed,,0,not_selected_or_gate_blocked
train-005093,unprocessed,,0,not_selected_or_gate_blocked
train-005094,unprocessed,,0,not_selected_or_gate_blocked
train-005096,unprocessed,,0,not_selected_or_gate_blocked
train-005097,unprocessed,,0,not_selected_or_gate_blocked
train-005098,unprocessed,,0,not_selected_or_gate_blocked
train-005099,unprocessed,,0,not_selected_or_gate_blocked
train-005102,unprocessed,,0,not_selected_or_gate_blocked
train-005106,unprocessed,,0,not_selected_or_gate_blocked
train-005107,unprocessed,,0,not_selected_or_gate_blocked
train-005108,unprocessed,,0,not_selected_or_gate_blocked
train-005109,unprocessed,,0,not_selected_or_gate_blocked
train-005111,unprocessed,,0,not_selected_or_gate_blocked
train-005112,unprocessed,,0,not_selected_or_gate_blocked
train-005113,unprocessed,,0,not_selected_or_gate_blocked
train-005114,unprocessed,,0,not_selected_or_gate_blocked
train-005115,unprocessed,,0,not_selected_or_gate_blocked
train-005116,unprocessed,,0,not_selected_or_gate_blocked
train-005117,unprocessed,,0,not_selected_or_gate_blocked
train-005118,unprocessed,,0,not_selected_or_gate_blocked
train-005119,unprocessed,,0,not_selected_or_gate_blocked
train-005120,unprocessed,,0,not_selected_or_gate_blocked
train-005121,unprocessed,,0,not_selected_or_gate_blocked
train-005123,unprocessed,,0,not_selected_or_gate_blocked
train-005124,unprocessed,,0,not_selected_or_gate_blocked
train-005126,unprocessed,,0,not_selected_or_gate_blocked
train-005127,unprocessed,,0,not_selected_or_gate_blocked
train-005128,unprocessed,,0,not_selected_or_gate_blocked
train-005130,unprocessed,,0,not_selected_or_gate_blocked
train-005131,unprocessed,,0,not_selected_or_gate_blocked
train-005132,unprocessed,,0,not_selected_or_gate_blocked
train-005133,unprocessed,,0,not_selected_or_gate_blocked
train-005135,unprocessed,,0,not_selected_or_gate_blocked
train-005136,unprocessed,,0,not_selected_or_gate_blocked
train-005137,unprocessed,,0,not_selected_or_gate_blocked
train-005138,unprocessed,,0,not_selected_or_gate_blocked
train-005139,unprocessed,,0,not_selected_or_gate_blocked
train-005144,unprocessed,,0,not_selected_or_gate_blocked
train-005145,unprocessed,,0,not_selected_or_gate_blocked
train-005146,unprocessed,,0,not_selected_or_gate_blocked
train-005147,unprocessed,,0,not_selected_or_gate_blocked
train-005149,unprocessed,,0,not_selected_or_gate_blocked
train-005150,unprocessed,,0,not_selected_or_gate_blocked
train-005151,unprocessed,,0,not_selected_or_gate_blocked
train-005152,unprocessed,,0,not_selected_or_gate_blocked
train-005154,unprocessed,,0,not_selected_or_gate_blocked
train-005156,unprocessed,,0,not_selected_or_gate_blocked
train-005157,unprocessed,,0,not_selected_or_gate_blocked
train-005158,unprocessed,,0,not_selected_or_gate_blocked
train-005159,unprocessed,,0,not_selected_or_gate_blocked
train-005160,unprocessed,,0,not_selected_or_gate_blocked
train-005161,unprocessed,,0,not_selected_or_gate_blocked
train-005162,unprocessed,,0,not_selected_or_gate_blocked
train-005163,unprocessed,,0,not_selected_or_gate_blocked
train-005164,unprocessed,,0,not_selected_or_gate_blocked
train-005167,unprocessed,,0,not_selected_or_gate_blocked
train-005169,unprocessed,,0,not_selected_or_gate_blocked
train-005170,unprocessed,,0,not_selected_or_gate_blocked
train-005172,unprocessed,,0,not_selected_or_gate_blocked
train-005173,unprocessed,,0,not_selected_or_gate_blocked
train-005174,unprocessed,,0,not_selected_or_gate_blocked
train-005175,unprocessed,,0,not_selected_or_gate_blocked
train-005176,unprocessed,,0,not_selected_or_gate_blocked
train-005178,unprocessed,,0,not_selected_or_gate_blocked
train-005179,unprocessed,,0,not_selected_or_gate_blocked
train-005181,unprocessed,,0,not_selected_or_gate_blocked
train-005182,unprocessed,,0,not_selected_or_gate_blocked
train-005183,unprocessed,,0,not_selected_or_gate_blocked
train-005184,unprocessed,,0,not_selected_or_gate_blocked
train-005185,unprocessed,,0,not_selected_or_gate_blocked
train-005186,unprocessed,,0,not_selected_or_gate_blocked
train-005188,unprocessed,,0,not_selected_or_gate_blocked
train-005190,unprocessed,,0,not_selected_or_gate_blocked
train-005191,unprocessed,,0,not_selected_or_gate_blocked
train-005192,unprocessed,,0,not_selected_or_gate_blocked
train-005193,unprocessed,,0,not_selected_or_gate_blocked
train-005194,unprocessed,,0,not_selected_or_gate_blocked
train-005195,unprocessed,,0,not_selected_or_gate_blocked
train-005196,unprocessed,,0,not_selected_or_gate_blocked
train-005197,unprocessed,,0,not_selected_or_gate_blocked
train-005198,unprocessed,,0,not_selected_or_gate_blocked
train-005199,unprocessed,,0,not_selected_or_gate_blocked
train-005200,unprocessed,,0,not_selected_or_gate_blocked
train-005201,unprocessed,,0,not_selected_or_gate_blocked
train-005202,unprocessed,,0,not_selected_or_gate_blocked
train-005203,unprocessed,,0,not_selected_or_gate_blocked
train-005205,unprocessed,,0,not_selected_or_gate_blocked
train-005206,unprocessed,,0,not_selected_or_gate_blocked
train-005207,unprocessed,,0,not_selected_or_gate_blocked
train-005208,unprocessed,,0,not_selected_or_gate_blocked
train-005210,unprocessed,,0,not_selected_or_gate_blocked
train-005211,unprocessed,,0,not_selected_or_gate_blocked
train-005212,unprocessed,,0,not_selected_or_gate_blocked
train-005215,unprocessed,,0,not_selected_or_gate_blocked
train-005217,unprocessed,,0,not_selected_or_gate_blocked
train-005220,unprocessed,,0,not_selected_or_gate_blocked
train-005222,unprocessed,,0,not_selected_or_gate_blocked
train-005223,unprocessed,,0,not_selected_or_gate_blocked
train-005225,unprocessed,,0,not_selected_or_gate_blocked
train-005226,unprocessed,,0,not_selected_or_gate_blocked
train-005227,unprocessed,,0,not_selected_or_gate_blocked
train-005228,unprocessed,,0,not_selected_or_gate_blocked
train-005229,unprocessed,,0,not_selected_or_gate_blocked
train-005231,unprocessed,,0,not_selected_or_gate_blocked
train-005235,unprocessed,,0,not_selected_or_gate_blocked
train-005236,unprocessed,,0,not_selected_or_gate_blocked
train-005238,unprocessed,,0,not_selected_or_gate_blocked
train-005239,unprocessed,,0,not_selected_or_gate_blocked
train-005240,unprocessed,,0,not_selected_or_gate_blocked
train-005241,unprocessed,,0,not_selected_or_gate_blocked
train-005242,unprocessed,,0,not_selected_or_gate_blocked
train-005243,unprocessed,,0,not_selected_or_gate_blocked
train-005246,unprocessed,,0,not_selected_or_gate_blocked
train-005247,unprocessed,,0,not_selected_or_gate_blocked
train-005248,unprocessed,,0,not_selected_or_gate_blocked
train-005249,unprocessed,,0,not_selected_or_gate_blocked
train-005251,unprocessed,,0,not_selected_or_gate_blocked
train-005252,unprocessed,,0,not_selected_or_gate_blocked
train-005253,unprocessed,,0,not_selected_or_gate_blocked
train-005255,unprocessed,,0,not_selected_or_gate_blocked
train-005256,unprocessed,,0,not_selected_or_gate_blocked
train-005257,unprocessed,,0,not_selected_or_gate_blocked
train-005259,unprocessed,,0,not_selected_or_gate_blocked
train-005261,unprocessed,,0,not_selected_or_gate_blocked
train-005262,unprocessed,,0,not_selected_or_gate_blocked
train-005263,unprocessed,,0,not_selected_or_gate_blocked
train-005264,unprocessed,,0,not_selected_or_gate_blocked
train-005265,unprocessed,,0,not_selected_or_gate_blocked
train-005266,unprocessed,,0,not_selected_or_gate_blocked
train-005267,unprocessed,,0,not_selected_or_gate_blocked
train-005268,unprocessed,,0,not_selected_or_gate_blocked
train-005269,unprocessed,,0,not_selected_or_gate_blocked
train-005270,unprocessed,,0,not_selected_or_gate_blocked
train-005272,unprocessed,,0,not_selected_or_gate_blocked
train-005273,unprocessed,,0,not_selected_or_gate_blocked
train-005275,unprocessed,,0,not_selected_or_gate_blocked
train-005276,unprocessed,,0,not_selected_or_gate_blocked
train-005278,unprocessed,,0,not_selected_or_gate_blocked
train-005279,unprocessed,,0,not_selected_or_gate_blocked
train-005281,unprocessed,,0,not_selected_or_gate_blocked
train-005283,unprocessed,,0,not_selected_or_gate_blocked
train-005284,unprocessed,,0,not_selected_or_gate_blocked
train-005286,unprocessed,,0,not_selected_or_gate_blocked
train-005288,unprocessed,,0,not_selected_or_gate_blocked
train-005289,unprocessed,,0,not_selected_or_gate_blocked
train-005290,unprocessed,,0,not_selected_or_gate_blocked
train-005291,unprocessed,,0,not_selected_or_gate_blocked
train-005292,unprocessed,,0,not_selected_or_gate_blocked
train-005294,unprocessed,,0,not_selected_or_gate_blocked
train-005296,unprocessed,,0,not_selected_or_gate_blocked
train-005297,unprocessed,,0,not_selected_or_gate_blocked
train-005298,unprocessed,,0,not_selected_or_gate_blocked
train-005300,unprocessed,,0,not_selected_or_gate_blocked
train-005301,unprocessed,,0,not_selected_or_gate_blocked
train-005304,unprocessed,,0,not_selected_or_gate_blocked
train-005306,unprocessed,,0,not_selected_or_gate_blocked
train-005307,unprocessed,,0,not_selected_or_gate_blocked
train-005308,unprocessed,,0,not_selected_or_gate_blocked
train-005310,unprocessed,,0,not_selected_or_gate_blocked
train-005311,unprocessed,,0,not_selected_or_gate_blocked
train-005312,unprocessed,,0,not_selected_or_gate_blocked
train-005314,unprocessed,,0,not_selected_or_gate_blocked
train-005315,unprocessed,,0,not_selected_or_gate_blocked
train-005316,unprocessed,,0,not_selected_or_gate_blocked
train-005317,unprocessed,,0,not_selected_or_gate_blocked
train-005318,unprocessed,,0,not_selected_or_gate_blocked
train-005319,unprocessed,,0,not_selected_or_gate_blocked
train-005320,unprocessed,,0,not_selected_or_gate_blocked
train-005321,unprocessed,,0,not_selected_or_gate_blocked
train-005322,unprocessed,,0,not_selected_or_gate_blocked
train-005323,unprocessed,,0,not_selected_or_gate_blocked
train-005324,unprocessed,,0,not_selected_or_gate_blocked
train-005325,unprocessed,,0,not_selected_or_gate_blocked
train-005326,unprocessed,,0,not_selected_or_gate_blocked
train-005327,unprocessed,,0,not_selected_or_gate_blocked
train-005328,unprocessed,,0,not_selected_or_gate_blocked
train-005329,unprocessed,,0,not_selected_or_gate_blocked
train-005330,unprocessed,,0,not_selected_or_gate_blocked
train-005331,unprocessed,,0,not_selected_or_gate_blocked
train-005332,unprocessed,,0,not_selected_or_gate_blocked
train-005333,unprocessed,,0,not_selected_or_gate_blocked
train-005334,unprocessed,,0,not_selected_or_gate_blocked
train-005335,unprocessed,,0,not_selected_or_gate_blocked
train-005337,unprocessed,,0,not_selected_or_gate_blocked
train-005338,unprocessed,,0,not_selected_or_gate_blocked
train-005341,unprocessed,,0,not_selected_or_gate_blocked
train-005342,unprocessed,,0,not_selected_or_gate_blocked
train-005343,unprocessed,,0,not_selected_or_gate_blocked
train-005344,unprocessed,,0,not_selected_or_gate_blocked
train-005345,unprocessed,,0,not_selected_or_gate_blocked
train-005348,unprocessed,,0,not_selected_or_gate_blocked
train-005350,unprocessed,,0,not_selected_or_gate_blocked
train-005352,unprocessed,,0,not_selected_or_gate_blocked
train-005354,unprocessed,,0,not_selected_or_gate_blocked
train-005357,unprocessed,,0,not_selected_or_gate_blocked
train-005358,unprocessed,,0,not_selected_or_gate_blocked
train-005359,unprocessed,,0,not_selected_or_gate_blocked
train-005362,unprocessed,,0,not_selected_or_gate_blocked
train-005363,unprocessed,,0,not_selected_or_gate_blocked
train-005367,unprocessed,,0,not_selected_or_gate_blocked
train-005368,unprocessed,,0,not_selected_or_gate_blocked
train-005369,unprocessed,,0,not_selected_or_gate_blocked
train-005371,unprocessed,,0,not_selected_or_gate_blocked
train-005373,unprocessed,,0,not_selected_or_gate_blocked
train-005374,unprocessed,,0,not_selected_or_gate_blocked
train-005376,unprocessed,,0,not_selected_or_gate_blocked
train-005377,unprocessed,,0,not_selected_or_gate_blocked
train-005378,unprocessed,,0,not_selected_or_gate_blocked
train-005379,unprocessed,,0,not_selected_or_gate_blocked
train-005381,unprocessed,,0,not_selected_or_gate_blocked
train-005382,unprocessed,,0,not_selected_or_gate_blocked
train-005383,unprocessed,,0,not_selected_or_gate_blocked
train-005384,unprocessed,,0,not_selected_or_gate_blocked
train-005387,unprocessed,,0,not_selected_or_gate_blocked
train-005389,unprocessed,,0,not_selected_or_gate_blocked
train-005390,unprocessed,,0,not_selected_or_gate_blocked
train-005391,unprocessed,,0,not_selected_or_gate_blocked
train-005392,unprocessed,,0,not_selected_or_gate_blocked
train-005393,unprocessed,,0,not_selected_or_gate_blocked
train-005394,unprocessed,,0,not_selected_or_gate_blocked
train-005395,unprocessed,,0,not_selected_or_gate_blocked
train-005396,unprocessed,,0,not_selected_or_gate_blocked
train-005398,unprocessed,,0,not_selected_or_gate_blocked
train-005399,unprocessed,,0,not_selected_or_gate_blocked
train-005400,unprocessed,,0,not_selected_or_gate_blocked
train-005401,unprocessed,,0,not_selected_or_gate_blocked
train-005402,unprocessed,,0,not_selected_or_gate_blocked
train-005403,unprocessed,,0,not_selected_or_gate_blocked
train-005404,unprocessed,,0,not_selected_or_gate_blocked
train-005406,unprocessed,,0,not_selected_or_gate_blocked
train-005407,unprocessed,,0,not_selected_or_gate_blocked
train-005408,unprocessed,,0,not_selected_or_gate_blocked
train-005410,unprocessed,,0,not_selected_or_gate_blocked
train-005411,unprocessed,,0,not_selected_or_gate_blocked
train-005413,unprocessed,,0,not_selected_or_gate_blocked
train-005414,unprocessed,,0,not_selected_or_gate_blocked
train-005415,unprocessed,,0,not_selected_or_gate_blocked
train-005416,unprocessed,,0,not_selected_or_gate_blocked
train-005417,unprocessed,,0,not_selected_or_gate_blocked
train-005422,unprocessed,,0,not_selected_or_gate_blocked
train-005426,unprocessed,,0,not_selected_or_gate_blocked
train-005428,unprocessed,,0,not_selected_or_gate_blocked
train-005429,unprocessed,,0,not_selected_or_gate_blocked
train-005430,unprocessed,,0,not_selected_or_gate_blocked
train-005431,unprocessed,,0,not_selected_or_gate_blocked
train-005432,unprocessed,,0,not_selected_or_gate_blocked
train-005434,unprocessed,,0,not_selected_or_gate_blocked
train-005436,unprocessed,,0,not_selected_or_gate_blocked
train-005438,unprocessed,,0,not_selected_or_gate_blocked
train-005439,unprocessed,,0,not_selected_or_gate_blocked
train-005440,unprocessed,,0,not_selected_or_gate_blocked
train-005441,unprocessed,,0,not_selected_or_gate_blocked
train-005442,unprocessed,,0,not_selected_or_gate_blocked
train-005443,unprocessed,,0,not_selected_or_gate_blocked
train-005444,unprocessed,,0,not_selected_or_gate_blocked
train-005446,unprocessed,,0,not_selected_or_gate_blocked
train-005447,unprocessed,,0,not_selected_or_gate_blocked
train-005449,unprocessed,,0,not_selected_or_gate_blocked
train-005452,unprocessed,,0,not_selected_or_gate_blocked
train-005453,unprocessed,,0,not_selected_or_gate_blocked
train-005454,unprocessed,,0,not_selected_or_gate_blocked
train-005455,unprocessed,,0,not_selected_or_gate_blocked
train-005457,unprocessed,,0,not_selected_or_gate_blocked
train-005458,unprocessed,,0,not_selected_or_gate_blocked
train-005459,unprocessed,,0,not_selected_or_gate_blocked
train-005460,unprocessed,,0,not_selected_or_gate_blocked
train-005461,unprocessed,,0,not_selected_or_gate_blocked
train-005462,unprocessed,,0,not_selected_or_gate_blocked
train-005463,unprocessed,,0,not_selected_or_gate_blocked
train-005464,unprocessed,,0,not_selected_or_gate_blocked
train-005466,unprocessed,,0,not_selected_or_gate_blocked
train-005467,unprocessed,,0,not_selected_or_gate_blocked
train-005468,unprocessed,,0,not_selected_or_gate_blocked
train-005469,unprocessed,,0,not_selected_or_gate_blocked
train-005472,unprocessed,,0,not_selected_or_gate_blocked
train-005474,unprocessed,,0,not_selected_or_gate_blocked
train-005475,unprocessed,,0,not_selected_or_gate_blocked
train-005477,unprocessed,,0,not_selected_or_gate_blocked
train-005479,unprocessed,,0,not_selected_or_gate_blocked
train-005480,unprocessed,,0,not_selected_or_gate_blocked
train-005481,unprocessed,,0,not_selected_or_gate_blocked
train-005482,unprocessed,,0,not_selected_or_gate_blocked
train-005484,unprocessed,,0,not_selected_or_gate_blocked
train-005485,unprocessed,,0,not_selected_or_gate_blocked
train-005487,unprocessed,,0,not_selected_or_gate_blocked
train-005488,unprocessed,,0,not_selected_or_gate_blocked
train-005489,unprocessed,,0,not_selected_or_gate_blocked
train-005490,unprocessed,,0,not_selected_or_gate_blocked
train-005492,unprocessed,,0,not_selected_or_gate_blocked
train-005493,unprocessed,,0,not_selected_or_gate_blocked
train-005495,unprocessed,,0,not_selected_or_gate_blocked
train-005497,unprocessed,,0,not_selected_or_gate_blocked
train-005498,unprocessed,,0,not_selected_or_gate_blocked
train-005499,unprocessed,,0,not_selected_or_gate_blocked
train-005500,unprocessed,,0,not_selected_or_gate_blocked
train-005501,unprocessed,,0,not_selected_or_gate_blocked
train-005502,unprocessed,,0,not_selected_or_gate_blocked
train-005503,unprocessed,,0,not_selected_or_gate_blocked
train-005504,unprocessed,,0,not_selected_or_gate_blocked
train-005505,unprocessed,,0,not_selected_or_gate_blocked
train-005506,unprocessed,,0,not_selected_or_gate_blocked
train-005507,unprocessed,,0,not_selected_or_gate_blocked
train-005508,unprocessed,,0,not_selected_or_gate_blocked
train-005510,unprocessed,,0,not_selected_or_gate_blocked
train-005511,unprocessed,,0,not_selected_or_gate_blocked
train-005512,unprocessed,,0,not_selected_or_gate_blocked
train-005514,unprocessed,,0,not_selected_or_gate_blocked
train-005515,unprocessed,,0,not_selected_or_gate_blocked
train-005516,unprocessed,,0,not_selected_or_gate_blocked
train-005517,unprocessed,,0,not_selected_or_gate_blocked
train-005518,unprocessed,,0,not_selected_or_gate_blocked
train-005521,unprocessed,,0,not_selected_or_gate_blocked
train-005525,unprocessed,,0,not_selected_or_gate_blocked
train-005526,unprocessed,,0,not_selected_or_gate_blocked
train-005527,unprocessed,,0,not_selected_or_gate_blocked
train-005529,unprocessed,,0,not_selected_or_gate_blocked
train-005531,unprocessed,,0,not_selected_or_gate_blocked
train-005532,unprocessed,,0,not_selected_or_gate_blocked
train-005533,unprocessed,,0,not_selected_or_gate_blocked
train-005534,unprocessed,,0,not_selected_or_gate_blocked
train-005535,unprocessed,,0,not_selected_or_gate_blocked
train-005536,unprocessed,,0,not_selected_or_gate_blocked
train-005537,unprocessed,,0,not_selected_or_gate_blocked
train-005538,unprocessed,,0,not_selected_or_gate_blocked
train-005539,unprocessed,,0,not_selected_or_gate_blocked
train-005540,unprocessed,,0,not_selected_or_gate_blocked
train-005541,unprocessed,,0,not_selected_or_gate_blocked
train-005542,unprocessed,,0,not_selected_or_gate_blocked
train-005544,unprocessed,,0,not_selected_or_gate_blocked
train-005545,unprocessed,,0,not_selected_or_gate_blocked
train-005546,unprocessed,,0,not_selected_or_gate_blocked
train-005547,unprocessed,,0,not_selected_or_gate_blocked
train-005548,unprocessed,,0,not_selected_or_gate_blocked
train-005549,unprocessed,,0,not_selected_or_gate_blocked
train-005552,unprocessed,,0,not_selected_or_gate_blocked
train-005553,unprocessed,,0,not_selected_or_gate_blocked
train-005554,unprocessed,,0,not_selected_or_gate_blocked
train-005555,unprocessed,,0,not_selected_or_gate_blocked
train-005556,unprocessed,,0,not_selected_or_gate_blocked
train-005557,unprocessed,,0,not_selected_or_gate_blocked
train-005558,unprocessed,,0,not_selected_or_gate_blocked
train-005562,unprocessed,,0,not_selected_or_gate_blocked
train-005563,unprocessed,,0,not_selected_or_gate_blocked
train-005564,unprocessed,,0,not_selected_or_gate_blocked
train-005565,unprocessed,,0,not_selected_or_gate_blocked
train-005566,unprocessed,,0,not_selected_or_gate_blocked
train-005567,unprocessed,,0,not_selected_or_gate_blocked
train-005568,unprocessed,,0,not_selected_or_gate_blocked
train-005572,unprocessed,,0,not_selected_or_gate_blocked
train-005573,unprocessed,,0,not_selected_or_gate_blocked
train-005576,unprocessed,,0,not_selected_or_gate_blocked
train-005579,unprocessed,,0,not_selected_or_gate_blocked
train-005580,unprocessed,,0,not_selected_or_gate_blocked
train-005581,unprocessed,,0,not_selected_or_gate_blocked
train-005582,unprocessed,,0,not_selected_or_gate_blocked
train-005583,unprocessed,,0,not_selected_or_gate_blocked
train-005585,unprocessed,,0,not_selected_or_gate_blocked
train-005586,unprocessed,,0,not_selected_or_gate_blocked
train-005588,unprocessed,,0,not_selected_or_gate_blocked
train-005590,unprocessed,,0,not_selected_or_gate_blocked
train-005591,unprocessed,,0,not_selected_or_gate_blocked
train-005592,unprocessed,,0,not_selected_or_gate_blocked
train-005593,unprocessed,,0,not_selected_or_gate_blocked
train-005594,unprocessed,,0,not_selected_or_gate_blocked
train-005595,unprocessed,,0,not_selected_or_gate_blocked
train-005596,unprocessed,,0,not_selected_or_gate_blocked
train-005598,unprocessed,,0,not_selected_or_gate_blocked
train-005602,unprocessed,,0,not_selected_or_gate_blocked
train-005604,unprocessed,,0,not_selected_or_gate_blocked
train-005605,unprocessed,,0,not_selected_or_gate_blocked
train-005607,unprocessed,,0,not_selected_or_gate_blocked
train-005608,unprocessed,,0,not_selected_or_gate_blocked
train-005610,unprocessed,,0,not_selected_or_gate_blocked
train-005612,unprocessed,,0,not_selected_or_gate_blocked
train-005616,unprocessed,,0,not_selected_or_gate_blocked
train-005620,unprocessed,,0,not_selected_or_gate_blocked
train-005621,unprocessed,,0,not_selected_or_gate_blocked
train-005622,unprocessed,,0,not_selected_or_gate_blocked
train-005623,unprocessed,,0,not_selected_or_gate_blocked
train-005624,unprocessed,,0,not_selected_or_gate_blocked
train-005626,unprocessed,,0,not_selected_or_gate_blocked
train-005627,unprocessed,,0,not_selected_or_gate_blocked
train-005628,unprocessed,,0,not_selected_or_gate_blocked
train-005629,unprocessed,,0,not_selected_or_gate_blocked
train-005631,unprocessed,,0,not_selected_or_gate_blocked
train-005632,unprocessed,,0,not_selected_or_gate_blocked
train-005633,unprocessed,,0,not_selected_or_gate_blocked
train-005634,unprocessed,,0,not_selected_or_gate_blocked
train-005635,unprocessed,,0,not_selected_or_gate_blocked
train-005636,unprocessed,,0,not_selected_or_gate_blocked
train-005637,unprocessed,,0,not_selected_or_gate_blocked
train-005639,unprocessed,,0,not_selected_or_gate_blocked
train-005640,unprocessed,,0,not_selected_or_gate_blocked
train-005642,unprocessed,,0,not_selected_or_gate_blocked
train-005643,unprocessed,,0,not_selected_or_gate_blocked
train-005644,unprocessed,,0,not_selected_or_gate_blocked
train-005645,unprocessed,,0,not_selected_or_gate_blocked
train-005646,unprocessed,,0,not_selected_or_gate_blocked
train-005648,unprocessed,,0,not_selected_or_gate_blocked
train-005649,unprocessed,,0,not_selected_or_gate_blocked
train-005650,unprocessed,,0,not_selected_or_gate_blocked
train-005652,unprocessed,,0,not_selected_or_gate_blocked
train-005654,unprocessed,,0,not_selected_or_gate_blocked
train-005658,unprocessed,,0,not_selected_or_gate_blocked
train-005659,unprocessed,,0,not_selected_or_gate_blocked
train-005660,unprocessed,,0,not_selected_or_gate_blocked
train-005661,unprocessed,,0,not_selected_or_gate_blocked
train-005663,unprocessed,,0,not_selected_or_gate_blocked
train-005664,unprocessed,,0,not_selected_or_gate_blocked
train-005665,unprocessed,,0,not_selected_or_gate_blocked
train-005666,unprocessed,,0,not_selected_or_gate_blocked
train-005667,unprocessed,,0,not_selected_or_gate_blocked
train-005669,unprocessed,,0,not_selected_or_gate_blocked
train-005670,unprocessed,,0,not_selected_or_gate_blocked
train-005671,unprocessed,,0,not_selected_or_gate_blocked
train-005672,unprocessed,,0,not_selected_or_gate_blocked
train-005675,unprocessed,,0,not_selected_or_gate_blocked
train-005676,unprocessed,,0,not_selected_or_gate_blocked
train-005677,unprocessed,,0,not_selected_or_gate_blocked
train-005678,unprocessed,,0,not_selected_or_gate_blocked
train-005681,unprocessed,,0,not_selected_or_gate_blocked
train-005682,unprocessed,,0,not_selected_or_gate_blocked
train-005683,unprocessed,,0,not_selected_or_gate_blocked
train-005684,unprocessed,,0,not_selected_or_gate_blocked
train-005685,unprocessed,,0,not_selected_or_gate_blocked
train-005686,unprocessed,,0,not_selected_or_gate_blocked
train-005687,unprocessed,,0,not_selected_or_gate_blocked
train-005689,unprocessed,,0,not_selected_or_gate_blocked
train-005691,unprocessed,,0,not_selected_or_gate_blocked
train-005692,unprocessed,,0,not_selected_or_gate_blocked
train-005693,unprocessed,,0,not_selected_or_gate_blocked
train-005696,unprocessed,,0,not_selected_or_gate_blocked
train-005697,unprocessed,,0,not_selected_or_gate_blocked
train-005699,unprocessed,,0,not_selected_or_gate_blocked
train-005700,unprocessed,,0,not_selected_or_gate_blocked
train-005701,unprocessed,,0,not_selected_or_gate_blocked
train-005704,unprocessed,,0,not_selected_or_gate_blocked
train-005705,unprocessed,,0,not_selected_or_gate_blocked
train-005706,unprocessed,,0,not_selected_or_gate_blocked
train-005708,unprocessed,,0,not_selected_or_gate_blocked
train-005709,unprocessed,,0,not_selected_or_gate_blocked
train-005710,unprocessed,,0,not_selected_or_gate_blocked
train-005711,unprocessed,,0,not_selected_or_gate_blocked
train-005712,unprocessed,,0,not_selected_or_gate_blocked
train-005713,unprocessed,,0,not_selected_or_gate_blocked
train-005715,unprocessed,,0,not_selected_or_gate_blocked
train-005716,unprocessed,,0,not_selected_or_gate_blocked
train-005717,unprocessed,,0,not_selected_or_gate_blocked
train-005718,unprocessed,,0,not_selected_or_gate_blocked
train-005719,unprocessed,,0,not_selected_or_gate_blocked
train-005721,unprocessed,,0,not_selected_or_gate_blocked
train-005722,unprocessed,,0,not_selected_or_gate_blocked
train-005723,unprocessed,,0,not_selected_or_gate_blocked
train-005724,unprocessed,,0,not_selected_or_gate_blocked
train-005725,unprocessed,,0,not_selected_or_gate_blocked
train-005727,unprocessed,,0,not_selected_or_gate_blocked
train-005728,unprocessed,,0,not_selected_or_gate_blocked
train-005729,unprocessed,,0,not_selected_or_gate_blocked
train-005730,unprocessed,,0,not_selected_or_gate_blocked
train-005731,unprocessed,,0,not_selected_or_gate_blocked
train-005732,unprocessed,,0,not_selected_or_gate_blocked
train-005733,unprocessed,,0,not_selected_or_gate_blocked
train-005734,unprocessed,,0,not_selected_or_gate_blocked
train-005735,unprocessed,,0,not_selected_or_gate_blocked
train-005736,unprocessed,,0,not_selected_or_gate_blocked
train-005737,unprocessed,,0,not_selected_or_gate_blocked
train-005739,unprocessed,,0,not_selected_or_gate_blocked
train-005740,unprocessed,,0,not_selected_or_gate_blocked
train-005741,unprocessed,,0,not_selected_or_gate_blocked
train-005742,unprocessed,,0,not_selected_or_gate_blocked
train-005743,unprocessed,,0,not_selected_or_gate_blocked
train-005744,unprocessed,,0,not_selected_or_gate_blocked
train-005745,unprocessed,,0,not_selected_or_gate_blocked
train-005746,unprocessed,,0,not_selected_or_gate_blocked
train-005747,unprocessed,,0,not_selected_or_gate_blocked
train-005748,unprocessed,,0,not_selected_or_gate_blocked
train-005749,unprocessed,,0,not_selected_or_gate_blocked
train-005750,unprocessed,,0,not_selected_or_gate_blocked
train-005751,unprocessed,,0,not_selected_or_gate_blocked
train-005753,unprocessed,,0,not_selected_or_gate_blocked
train-005757,unprocessed,,0,not_selected_or_gate_blocked
train-005759,unprocessed,,0,not_selected_or_gate_blocked
train-005760,unprocessed,,0,not_selected_or_gate_blocked
train-005762,unprocessed,,0,not_selected_or_gate_blocked
train-005763,unprocessed,,0,not_selected_or_gate_blocked
train-005764,unprocessed,,0,not_selected_or_gate_blocked
train-005765,unprocessed,,0,not_selected_or_gate_blocked
train-005766,unprocessed,,0,not_selected_or_gate_blocked
train-005768,unprocessed,,0,not_selected_or_gate_blocked
train-005769,unprocessed,,0,not_selected_or_gate_blocked
train-005770,unprocessed,,0,not_selected_or_gate_blocked
train-005771,unprocessed,,0,not_selected_or_gate_blocked
train-005772,unprocessed,,0,not_selected_or_gate_blocked
train-005775,unprocessed,,0,not_selected_or_gate_blocked
train-005776,unprocessed,,0,not_selected_or_gate_blocked
train-005777,unprocessed,,0,not_selected_or_gate_blocked
train-005778,unprocessed,,0,not_selected_or_gate_blocked
train-005779,unprocessed,,0,not_selected_or_gate_blocked
train-005780,unprocessed,,0,not_selected_or_gate_blocked
train-005783,unprocessed,,0,not_selected_or_gate_blocked
train-005784,unprocessed,,0,not_selected_or_gate_blocked
train-005786,unprocessed,,0,not_selected_or_gate_blocked
train-005788,unprocessed,,0,not_selected_or_gate_blocked
train-005789,unprocessed,,0,not_selected_or_gate_blocked
train-005791,unprocessed,,0,not_selected_or_gate_blocked
train-005792,unprocessed,,0,not_selected_or_gate_blocked
train-005793,unprocessed,,0,not_selected_or_gate_blocked
train-005794,unprocessed,,0,not_selected_or_gate_blocked
train-005795,unprocessed,,0,not_selected_or_gate_blocked
train-005796,unprocessed,,0,not_selected_or_gate_blocked
train-005797,unprocessed,,0,not_selected_or_gate_blocked
train-005798,unprocessed,,0,not_selected_or_gate_blocked
train-005800,unprocessed,,0,not_selected_or_gate_blocked
train-005801,unprocessed,,0,not_selected_or_gate_blocked
train-005802,unprocessed,,0,not_selected_or_gate_blocked
train-005803,unprocessed,,0,not_selected_or_gate_blocked
train-005804,unprocessed,,0,not_selected_or_gate_blocked
train-005805,unprocessed,,0,not_selected_or_gate_blocked
train-005806,unprocessed,,0,not_selected_or_gate_blocked
train-005808,unprocessed,,0,not_selected_or_gate_blocked
train-005809,unprocessed,,0,not_selected_or_gate_blocked
train-005810,unprocessed,,0,not_selected_or_gate_blocked
train-005811,unprocessed,,0,not_selected_or_gate_blocked
train-005813,unprocessed,,0,not_selected_or_gate_blocked
train-005814,unprocessed,,0,not_selected_or_gate_blocked
train-005817,unprocessed,,0,not_selected_or_gate_blocked
train-005818,unprocessed,,0,not_selected_or_gate_blocked
train-005819,unprocessed,,0,not_selected_or_gate_blocked
train-005820,unprocessed,,0,not_selected_or_gate_blocked
train-005821,unprocessed,,0,not_selected_or_gate_blocked
train-005823,unprocessed,,0,not_selected_or_gate_blocked
train-005825,unprocessed,,0,not_selected_or_gate_blocked
train-005826,unprocessed,,0,not_selected_or_gate_blocked
train-005827,unprocessed,,0,not_selected_or_gate_blocked
train-005828,unprocessed,,0,not_selected_or_gate_blocked
train-005829,unprocessed,,0,not_selected_or_gate_blocked
train-005830,unprocessed,,0,not_selected_or_gate_blocked
train-005832,unprocessed,,0,not_selected_or_gate_blocked
train-005836,unprocessed,,0,not_selected_or_gate_blocked
train-005837,unprocessed,,0,not_selected_or_gate_blocked
train-005839,unprocessed,,0,not_selected_or_gate_blocked
train-005840,unprocessed,,0,not_selected_or_gate_blocked
train-005841,unprocessed,,0,not_selected_or_gate_blocked
train-005843,unprocessed,,0,not_selected_or_gate_blocked
train-005845,unprocessed,,0,not_selected_or_gate_blocked
train-005846,unprocessed,,0,not_selected_or_gate_blocked
train-005847,unprocessed,,0,not_selected_or_gate_blocked
train-005850,unprocessed,,0,not_selected_or_gate_blocked
train-005851,unprocessed,,0,not_selected_or_gate_blocked
train-005852,unprocessed,,0,not_selected_or_gate_blocked
train-005853,unprocessed,,0,not_selected_or_gate_blocked
train-005854,unprocessed,,0,not_selected_or_gate_blocked
train-005856,unprocessed,,0,not_selected_or_gate_blocked
train-005857,unprocessed,,0,not_selected_or_gate_blocked
train-005858,unprocessed,,0,not_selected_or_gate_blocked
train-005861,unprocessed,,0,not_selected_or_gate_blocked
train-005863,unprocessed,,0,not_selected_or_gate_blocked
train-005866,unprocessed,,0,not_selected_or_gate_blocked
train-005867,unprocessed,,0,not_selected_or_gate_blocked
train-005868,unprocessed,,0,not_selected_or_gate_blocked
train-005870,unprocessed,,0,not_selected_or_gate_blocked
train-005871,unprocessed,,0,not_selected_or_gate_blocked
train-005872,unprocessed,,0,not_selected_or_gate_blocked
train-005873,unprocessed,,0,not_selected_or_gate_blocked
train-005874,unprocessed,,0,not_selected_or_gate_blocked
train-005876,unprocessed,,0,not_selected_or_gate_blocked
train-005878,unprocessed,,0,not_selected_or_gate_blocked
train-005880,unprocessed,,0,not_selected_or_gate_blocked
train-005881,unprocessed,,0,not_selected_or_gate_blocked
train-005882,unprocessed,,0,not_selected_or_gate_blocked
train-005883,unprocessed,,0,not_selected_or_gate_blocked
train-005884,unprocessed,,0,not_selected_or_gate_blocked
train-005885,unprocessed,,0,not_selected_or_gate_blocked
train-005887,unprocessed,,0,not_selected_or_gate_blocked
train-005888,unprocessed,,0,not_selected_or_gate_blocked
train-005890,unprocessed,,0,not_selected_or_gate_blocked
train-005891,unprocessed,,0,not_selected_or_gate_blocked
train-005892,unprocessed,,0,not_selected_or_gate_blocked
train-005893,unprocessed,,0,not_selected_or_gate_blocked
train-005894,unprocessed,,0,not_selected_or_gate_blocked
train-005895,unprocessed,,0,not_selected_or_gate_blocked
train-005896,unprocessed,,0,not_selected_or_gate_blocked
train-005897,unprocessed,,0,not_selected_or_gate_blocked
train-005898,unprocessed,,0,not_selected_or_gate_blocked
train-005899,unprocessed,,0,not_selected_or_gate_blocked
train-005900,unprocessed,,0,not_selected_or_gate_blocked
train-005902,unprocessed,,0,not_selected_or_gate_blocked
train-005903,unprocessed,,0,not_selected_or_gate_blocked
train-005904,unprocessed,,0,not_selected_or_gate_blocked
train-005905,unprocessed,,0,not_selected_or_gate_blocked
train-005906,unprocessed,,0,not_selected_or_gate_blocked
train-005910,unprocessed,,0,not_selected_or_gate_blocked
train-005913,unprocessed,,0,not_selected_or_gate_blocked
train-005914,unprocessed,,0,not_selected_or_gate_blocked
train-005916,unprocessed,,0,not_selected_or_gate_blocked
train-005917,unprocessed,,0,not_selected_or_gate_blocked
train-005919,unprocessed,,0,not_selected_or_gate_blocked
train-005920,unprocessed,,0,not_selected_or_gate_blocked
train-005921,unprocessed,,0,not_selected_or_gate_blocked
train-005922,unprocessed,,0,not_selected_or_gate_blocked
train-005923,unprocessed,,0,not_selected_or_gate_blocked
train-005925,unprocessed,,0,not_selected_or_gate_blocked
train-005926,unprocessed,,0,not_selected_or_gate_blocked
train-005927,unprocessed,,0,not_selected_or_gate_blocked
train-005928,unprocessed,,0,not_selected_or_gate_blocked
train-005929,unprocessed,,0,not_selected_or_gate_blocked
train-005930,unprocessed,,0,not_selected_or_gate_blocked
train-005931,unprocessed,,0,not_selected_or_gate_blocked
train-005932,unprocessed,,0,not_selected_or_gate_blocked
train-005933,unprocessed,,0,not_selected_or_gate_blocked
train-005934,unprocessed,,0,not_selected_or_gate_blocked
train-005935,unprocessed,,0,not_selected_or_gate_blocked
train-005936,unprocessed,,0,not_selected_or_gate_blocked
train-005937,unprocessed,,0,not_selected_or_gate_blocked
train-005940,unprocessed,,0,not_selected_or_gate_blocked
train-005943,unprocessed,,0,not_selected_or_gate_blocked
train-005945,unprocessed,,0,not_selected_or_gate_blocked
train-005946,unprocessed,,0,not_selected_or_gate_blocked
train-005947,unprocessed,,0,not_selected_or_gate_blocked
train-005948,unprocessed,,0,not_selected_or_gate_blocked
train-005949,unprocessed,,0,not_selected_or_gate_blocked
train-005950,unprocessed,,0,not_selected_or_gate_blocked
train-005951,unprocessed,,0,not_selected_or_gate_blocked
train-005952,unprocessed,,0,not_selected_or_gate_blocked
train-005953,unprocessed,,0,not_selected_or_gate_blocked
train-005955,unprocessed,,0,not_selected_or_gate_blocked
train-005956,unprocessed,,0,not_selected_or_gate_blocked
train-005957,unprocessed,,0,not_selected_or_gate_blocked
train-005958,unprocessed,,0,not_selected_or_gate_blocked
train-005959,unprocessed,,0,not_selected_or_gate_blocked
train-005960,unprocessed,,0,not_selected_or_gate_blocked
train-005961,unprocessed,,0,not_selected_or_gate_blocked
train-005962,unprocessed,,0,not_selected_or_gate_blocked
train-005963,unprocessed,,0,not_selected_or_gate_blocked
train-005965,unprocessed,,0,not_selected_or_gate_blocked
train-005966,unprocessed,,0,not_selected_or_gate_blocked
train-005967,unprocessed,,0,not_selected_or_gate_blocked
train-005970,unprocessed,,0,not_selected_or_gate_blocked
train-005971,unprocessed,,0,not_selected_or_gate_blocked
train-005972,unprocessed,,0,not_selected_or_gate_blocked
train-005975,unprocessed,,0,not_selected_or_gate_blocked
train-005976,unprocessed,,0,not_selected_or_gate_blocked
train-005978,unprocessed,,0,not_selected_or_gate_blocked
train-005979,unprocessed,,0,not_selected_or_gate_blocked
train-005983,unprocessed,,0,not_selected_or_gate_blocked
train-005984,unprocessed,,0,not_selected_or_gate_blocked
train-005985,unprocessed,,0,not_selected_or_gate_blocked
train-005986,unprocessed,,0,not_selected_or_gate_blocked
train-005987,unprocessed,,0,not_selected_or_gate_blocked
train-005988,unprocessed,,0,not_selected_or_gate_blocked
train-005989,unprocessed,,0,not_selected_or_gate_blocked
train-005990,unprocessed,,0,not_selected_or_gate_blocked
train-005991,unprocessed,,0,not_selected_or_gate_blocked
train-005994,unprocessed,,0,not_selected_or_gate_blocked
train-005995,unprocessed,,0,not_selected_or_gate_blocked
train-005996,unprocessed,,0,not_selected_or_gate_blocked
train-005997,unprocessed,,0,not_selected_or_gate_blocked
train-006000,unprocessed,,0,not_selected_or_gate_blocked
train-006001,unprocessed,,0,not_selected_or_gate_blocked
train-006002,unprocessed,,0,not_selected_or_gate_blocked
train-006003,unprocessed,,0,not_selected_or_gate_blocked
train-006004,unprocessed,,0,not_selected_or_gate_blocked
train-006005,unprocessed,,0,not_selected_or_gate_blocked
train-006006,unprocessed,,0,not_selected_or_gate_blocked
train-006007,unprocessed,,0,not_selected_or_gate_blocked
train-006009,unprocessed,,0,not_selected_or_gate_blocked
train-006011,unprocessed,,0,not_selected_or_gate_blocked
train-006012,unprocessed,,0,not_selected_or_gate_blocked
train-006013,unprocessed,,0,not_selected_or_gate_blocked
train-006014,unprocessed,,0,not_selected_or_gate_blocked
train-006015,unprocessed,,0,not_selected_or_gate_blocked
train-006017,unprocessed,,0,not_selected_or_gate_blocked
train-006018,unprocessed,,0,not_selected_or_gate_blocked
train-006020,unprocessed,,0,not_selected_or_gate_blocked
train-006021,unprocessed,,0,not_selected_or_gate_blocked
train-006023,unprocessed,,0,not_selected_or_gate_blocked
train-006024,unprocessed,,0,not_selected_or_gate_blocked
train-006025,unprocessed,,0,not_selected_or_gate_blocked
train-006026,unprocessed,,0,not_selected_or_gate_blocked
train-006029,unprocessed,,0,not_selected_or_gate_blocked
train-006030,unprocessed,,0,not_selected_or_gate_blocked
train-006031,unprocessed,,0,not_selected_or_gate_blocked
train-006034,unprocessed,,0,not_selected_or_gate_blocked
train-006037,unprocessed,,0,not_selected_or_gate_blocked
train-006039,unprocessed,,0,not_selected_or_gate_blocked
train-006040,unprocessed,,0,not_selected_or_gate_blocked
train-006042,unprocessed,,0,not_selected_or_gate_blocked
train-006043,unprocessed,,0,not_selected_or_gate_blocked
train-006044,unprocessed,,0,not_selected_or_gate_blocked
train-006045,unprocessed,,0,not_selected_or_gate_blocked
train-006048,unprocessed,,0,not_selected_or_gate_blocked
train-006050,unprocessed,,0,not_selected_or_gate_blocked
train-006051,unprocessed,,0,not_selected_or_gate_blocked
train-006052,unprocessed,,0,not_selected_or_gate_blocked
train-006054,unprocessed,,0,not_selected_or_gate_blocked
train-006056,unprocessed,,0,not_selected_or_gate_blocked
train-006060,unprocessed,,0,not_selected_or_gate_blocked
train-006061,unprocessed,,0,not_selected_or_gate_blocked
train-006063,unprocessed,,0,not_selected_or_gate_blocked
train-006064,unprocessed,,0,not_selected_or_gate_blocked
train-006065,unprocessed,,0,not_selected_or_gate_blocked
train-006066,unprocessed,,0,not_selected_or_gate_blocked
train-006067,unprocessed,,0,not_selected_or_gate_blocked
train-006069,unprocessed,,0,not_selected_or_gate_blocked
train-006070,unprocessed,,0,not_selected_or_gate_blocked
train-006073,unprocessed,,0,not_selected_or_gate_blocked
train-006074,unprocessed,,0,not_selected_or_gate_blocked
train-006078,unprocessed,,0,not_selected_or_gate_blocked
train-006080,unprocessed,,0,not_selected_or_gate_blocked
train-006083,unprocessed,,0,not_selected_or_gate_blocked
train-006085,unprocessed,,0,not_selected_or_gate_blocked
train-006086,unprocessed,,0,not_selected_or_gate_blocked
train-006087,unprocessed,,0,not_selected_or_gate_blocked
train-006089,unprocessed,,0,not_selected_or_gate_blocked
train-006091,unprocessed,,0,not_selected_or_gate_blocked
train-006092,unprocessed,,0,not_selected_or_gate_blocked
train-006095,unprocessed,,0,not_selected_or_gate_blocked
train-006097,unprocessed,,0,not_selected_or_gate_blocked
train-006098,unprocessed,,0,not_selected_or_gate_blocked
train-006100,unprocessed,,0,not_selected_or_gate_blocked
train-006102,unprocessed,,0,not_selected_or_gate_blocked
train-006103,unprocessed,,0,not_selected_or_gate_blocked
train-006104,unprocessed,,0,not_selected_or_gate_blocked
train-006105,unprocessed,,0,not_selected_or_gate_blocked
train-006106,unprocessed,,0,not_selected_or_gate_blocked
train-006107,unprocessed,,0,not_selected_or_gate_blocked
train-006108,unprocessed,,0,not_selected_or_gate_blocked
train-006109,unprocessed,,0,not_selected_or_gate_blocked
train-006110,unprocessed,,0,not_selected_or_gate_blocked
train-006111,unprocessed,,0,not_selected_or_gate_blocked
train-006112,unprocessed,,0,not_selected_or_gate_blocked
train-006113,unprocessed,,0,not_selected_or_gate_blocked
train-006114,unprocessed,,0,not_selected_or_gate_blocked
train-006115,unprocessed,,0,not_selected_or_gate_blocked
train-006117,unprocessed,,0,not_selected_or_gate_blocked
train-006119,unprocessed,,0,not_selected_or_gate_blocked
train-006120,unprocessed,,0,not_selected_or_gate_blocked
train-006122,unprocessed,,0,not_selected_or_gate_blocked
train-006124,unprocessed,,0,not_selected_or_gate_blocked
train-006125,unprocessed,,0,not_selected_or_gate_blocked
train-006127,unprocessed,,0,not_selected_or_gate_blocked
train-006128,unprocessed,,0,not_selected_or_gate_blocked
train-006129,unprocessed,,0,not_selected_or_gate_blocked
train-006130,unprocessed,,0,not_selected_or_gate_blocked
train-006131,unprocessed,,0,not_selected_or_gate_blocked
train-006132,unprocessed,,0,not_selected_or_gate_blocked
train-006133,unprocessed,,0,not_selected_or_gate_blocked
train-006134,unprocessed,,0,not_selected_or_gate_blocked
train-006135,unprocessed,,0,not_selected_or_gate_blocked
train-006139,unprocessed,,0,not_selected_or_gate_blocked
train-006140,unprocessed,,0,not_selected_or_gate_blocked
train-006141,unprocessed,,0,not_selected_or_gate_blocked
train-006143,unprocessed,,0,not_selected_or_gate_blocked
train-006144,unprocessed,,0,not_selected_or_gate_blocked
train-006145,unprocessed,,0,not_selected_or_gate_blocked
train-006146,unprocessed,,0,not_selected_or_gate_blocked
train-006147,unprocessed,,0,not_selected_or_gate_blocked
train-006149,unprocessed,,0,not_selected_or_gate_blocked
train-006151,unprocessed,,0,not_selected_or_gate_blocked
train-006152,unprocessed,,0,not_selected_or_gate_blocked
train-006153,unprocessed,,0,not_selected_or_gate_blocked
train-006154,unprocessed,,0,not_selected_or_gate_blocked
train-006155,unprocessed,,0,not_selected_or_gate_blocked
train-006156,unprocessed,,0,not_selected_or_gate_blocked
train-006157,unprocessed,,0,not_selected_or_gate_blocked
train-006158,unprocessed,,0,not_selected_or_gate_blocked
train-006159,unprocessed,,0,not_selected_or_gate_blocked
train-006160,unprocessed,,0,not_selected_or_gate_blocked
train-006161,unprocessed,,0,not_selected_or_gate_blocked
train-006164,unprocessed,,0,not_selected_or_gate_blocked
train-006167,unprocessed,,0,not_selected_or_gate_blocked
train-006168,unprocessed,,0,not_selected_or_gate_blocked
train-006169,unprocessed,,0,not_selected_or_gate_blocked
train-006173,unprocessed,,0,not_selected_or_gate_blocked
train-006174,unprocessed,,0,not_selected_or_gate_blocked
train-006175,unprocessed,,0,not_selected_or_gate_blocked
train-006176,unprocessed,,0,not_selected_or_gate_blocked
train-006177,unprocessed,,0,not_selected_or_gate_blocked
train-006178,unprocessed,,0,not_selected_or_gate_blocked
train-006179,unprocessed,,0,not_selected_or_gate_blocked
train-006180,unprocessed,,0,not_selected_or_gate_blocked
train-006182,unprocessed,,0,not_selected_or_gate_blocked
train-006184,unprocessed,,0,not_selected_or_gate_blocked
train-006186,unprocessed,,0,not_selected_or_gate_blocked
train-006187,unprocessed,,0,not_selected_or_gate_blocked
train-006188,unprocessed,,0,not_selected_or_gate_blocked
train-006190,unprocessed,,0,not_selected_or_gate_blocked
train-006191,unprocessed,,0,not_selected_or_gate_blocked
train-006192,unprocessed,,0,not_selected_or_gate_blocked
train-006196,unprocessed,,0,not_selected_or_gate_blocked
train-006199,unprocessed,,0,not_selected_or_gate_blocked
train-006200,unprocessed,,0,not_selected_or_gate_blocked
train-006202,unprocessed,,0,not_selected_or_gate_blocked
train-006203,unprocessed,,0,not_selected_or_gate_blocked
train-006204,unprocessed,,0,not_selected_or_gate_blocked
train-006205,unprocessed,,0,not_selected_or_gate_blocked
train-006206,unprocessed,,0,not_selected_or_gate_blocked
train-006207,unprocessed,,0,not_selected_or_gate_blocked
train-006208,unprocessed,,0,not_selected_or_gate_blocked
train-006209,unprocessed,,0,not_selected_or_gate_blocked
train-006210,unprocessed,,0,not_selected_or_gate_blocked
train-006213,unprocessed,,0,not_selected_or_gate_blocked
train-006214,unprocessed,,0,not_selected_or_gate_blocked
train-006215,unprocessed,,0,not_selected_or_gate_blocked
train-006216,unprocessed,,0,not_selected_or_gate_blocked
train-006217,unprocessed,,0,not_selected_or_gate_blocked
train-006218,unprocessed,,0,not_selected_or_gate_blocked
train-006220,unprocessed,,0,not_selected_or_gate_blocked
train-006222,unprocessed,,0,not_selected_or_gate_blocked
train-006223,unprocessed,,0,not_selected_or_gate_blocked
train-006224,unprocessed,,0,not_selected_or_gate_blocked
train-006226,unprocessed,,0,not_selected_or_gate_blocked
train-006227,unprocessed,,0,not_selected_or_gate_blocked
train-006228,unprocessed,,0,not_selected_or_gate_blocked
train-006229,unprocessed,,0,not_selected_or_gate_blocked
train-006230,unprocessed,,0,not_selected_or_gate_blocked
train-006231,unprocessed,,0,not_selected_or_gate_blocked
train-006232,unprocessed,,0,not_selected_or_gate_blocked
train-006233,unprocessed,,0,not_selected_or_gate_blocked
train-006235,unprocessed,,0,not_selected_or_gate_blocked
train-006236,unprocessed,,0,not_selected_or_gate_blocked
train-006238,unprocessed,,0,not_selected_or_gate_blocked
train-006239,unprocessed,,0,not_selected_or_gate_blocked
train-006243,unprocessed,,0,not_selected_or_gate_blocked
train-006245,unprocessed,,0,not_selected_or_gate_blocked
train-006246,unprocessed,,0,not_selected_or_gate_blocked
train-006247,unprocessed,,0,not_selected_or_gate_blocked
train-006248,unprocessed,,0,not_selected_or_gate_blocked
train-006249,unprocessed,,0,not_selected_or_gate_blocked
train-006250,unprocessed,,0,not_selected_or_gate_blocked
train-006251,unprocessed,,0,not_selected_or_gate_blocked
train-006253,unprocessed,,0,not_selected_or_gate_blocked
train-006254,unprocessed,,0,not_selected_or_gate_blocked
train-006255,unprocessed,,0,not_selected_or_gate_blocked
train-006256,unprocessed,,0,not_selected_or_gate_blocked
train-006257,unprocessed,,0,not_selected_or_gate_blocked
train-006258,unprocessed,,0,not_selected_or_gate_blocked
train-006259,unprocessed,,0,not_selected_or_gate_blocked
train-006260,unprocessed,,0,not_selected_or_gate_blocked
train-006261,unprocessed,,0,not_selected_or_gate_blocked
train-006262,unprocessed,,0,not_selected_or_gate_blocked
train-006263,unprocessed,,0,not_selected_or_gate_blocked
train-006264,unprocessed,,0,not_selected_or_gate_blocked
train-006265,unprocessed,,0,not_selected_or_gate_blocked
train-006266,unprocessed,,0,not_selected_or_gate_blocked
train-006267,unprocessed,,0,not_selected_or_gate_blocked
train-006269,unprocessed,,0,not_selected_or_gate_blocked
train-006270,unprocessed,,0,not_selected_or_gate_blocked
train-006271,unprocessed,,0,not_selected_or_gate_blocked
train-006272,unprocessed,,0,not_selected_or_gate_blocked
train-006273,unprocessed,,0,not_selected_or_gate_blocked
train-006274,unprocessed,,0,not_selected_or_gate_blocked
train-006276,unprocessed,,0,not_selected_or_gate_blocked
train-006277,unprocessed,,0,not_selected_or_gate_blocked
train-006278,unprocessed,,0,not_selected_or_gate_blocked
train-006279,unprocessed,,0,not_selected_or_gate_blocked
train-006280,unprocessed,,0,not_selected_or_gate_blocked
train-006281,unprocessed,,0,not_selected_or_gate_blocked
train-006282,unprocessed,,0,not_selected_or_gate_blocked
train-006283,unprocessed,,0,not_selected_or_gate_blocked
train-006284,unprocessed,,0,not_selected_or_gate_blocked
train-006286,unprocessed,,0,not_selected_or_gate_blocked
train-006287,unprocessed,,0,not_selected_or_gate_blocked
train-006288,unprocessed,,0,not_selected_or_gate_blocked
train-006289,unprocessed,,0,not_selected_or_gate_blocked
train-006290,unprocessed,,0,not_selected_or_gate_blocked
train-006291,unprocessed,,0,not_selected_or_gate_blocked
train-006292,unprocessed,,0,not_selected_or_gate_blocked
train-006293,unprocessed,,0,not_selected_or_gate_blocked
train-006296,unprocessed,,0,not_selected_or_gate_blocked
train-006298,unprocessed,,0,not_selected_or_gate_blocked
train-006299,unprocessed,,0,not_selected_or_gate_blocked
train-006300,unprocessed,,0,not_selected_or_gate_blocked
train-006302,unprocessed,,0,not_selected_or_gate_blocked
train-006303,unprocessed,,0,not_selected_or_gate_blocked
train-006304,unprocessed,,0,not_selected_or_gate_blocked
train-006305,unprocessed,,0,not_selected_or_gate_blocked
train-006308,unprocessed,,0,not_selected_or_gate_blocked
train-006310,unprocessed,,0,not_selected_or_gate_blocked
train-006315,unprocessed,,0,not_selected_or_gate_blocked
train-006316,unprocessed,,0,not_selected_or_gate_blocked
train-006317,unprocessed,,0,not_selected_or_gate_blocked
train-006318,unprocessed,,0,not_selected_or_gate_blocked
train-006319,unprocessed,,0,not_selected_or_gate_blocked
train-006320,unprocessed,,0,not_selected_or_gate_blocked
train-006321,unprocessed,,0,not_selected_or_gate_blocked
train-006322,unprocessed,,0,not_selected_or_gate_blocked
train-006323,unprocessed,,0,not_selected_or_gate_blocked
train-006324,unprocessed,,0,not_selected_or_gate_blocked
train-006325,unprocessed,,0,not_selected_or_gate_blocked
train-006326,unprocessed,,0,not_selected_or_gate_blocked
train-006327,unprocessed,,0,not_selected_or_gate_blocked
train-006330,unprocessed,,0,not_selected_or_gate_blocked
train-006331,unprocessed,,0,not_selected_or_gate_blocked
train-006332,unprocessed,,0,not_selected_or_gate_blocked
train-006333,unprocessed,,0,not_selected_or_gate_blocked
train-006334,unprocessed,,0,not_selected_or_gate_blocked
train-006335,unprocessed,,0,not_selected_or_gate_blocked
train-006336,unprocessed,,0,not_selected_or_gate_blocked
train-006337,unprocessed,,0,not_selected_or_gate_blocked
train-006338,unprocessed,,0,not_selected_or_gate_blocked
train-006339,unprocessed,,0,not_selected_or_gate_blocked
train-006340,unprocessed,,0,not_selected_or_gate_blocked
train-006341,unprocessed,,0,not_selected_or_gate_blocked
train-006344,unprocessed,,0,not_selected_or_gate_blocked
train-006345,unprocessed,,0,not_selected_or_gate_blocked
train-006346,unprocessed,,0,not_selected_or_gate_blocked
train-006348,unprocessed,,0,not_selected_or_gate_blocked
train-006349,unprocessed,,0,not_selected_or_gate_blocked
train-006350,unprocessed,,0,not_selected_or_gate_blocked
train-006351,unprocessed,,0,not_selected_or_gate_blocked
train-006352,unprocessed,,0,not_selected_or_gate_blocked
train-006354,unprocessed,,0,not_selected_or_gate_blocked
train-006356,unprocessed,,0,not_selected_or_gate_blocked
train-006357,unprocessed,,0,not_selected_or_gate_blocked
train-006358,unprocessed,,0,not_selected_or_gate_blocked
train-006359,unprocessed,,0,not_selected_or_gate_blocked
train-006361,unprocessed,,0,not_selected_or_gate_blocked
train-006362,unprocessed,,0,not_selected_or_gate_blocked
train-006363,unprocessed,,0,not_selected_or_gate_blocked
train-006364,unprocessed,,0,not_selected_or_gate_blocked
train-006365,unprocessed,,0,not_selected_or_gate_blocked
train-006366,unprocessed,,0,not_selected_or_gate_blocked
train-006368,unprocessed,,0,not_selected_or_gate_blocked
train-006369,unprocessed,,0,not_selected_or_gate_blocked
train-006371,unprocessed,,0,not_selected_or_gate_blocked
train-006373,unprocessed,,0,not_selected_or_gate_blocked
train-006374,unprocessed,,0,not_selected_or_gate_blocked
train-006375,unprocessed,,0,not_selected_or_gate_blocked
train-006376,unprocessed,,0,not_selected_or_gate_blocked
train-006377,unprocessed,,0,not_selected_or_gate_blocked
train-006378,unprocessed,,0,not_selected_or_gate_blocked
train-006379,unprocessed,,0,not_selected_or_gate_blocked
train-006380,unprocessed,,0,not_selected_or_gate_blocked
train-006384,unprocessed,,0,not_selected_or_gate_blocked
train-006385,unprocessed,,0,not_selected_or_gate_blocked
train-006389,unprocessed,,0,not_selected_or_gate_blocked
train-006391,unprocessed,,0,not_selected_or_gate_blocked
train-006392,unprocessed,,0,not_selected_or_gate_blocked
train-006393,unprocessed,,0,not_selected_or_gate_blocked
train-006397,unprocessed,,0,not_selected_or_gate_blocked
train-006399,unprocessed,,0,not_selected_or_gate_blocked
train-006400,unprocessed,,0,not_selected_or_gate_blocked
train-006403,unprocessed,,0,not_selected_or_gate_blocked
train-006404,unprocessed,,0,not_selected_or_gate_blocked
train-006405,unprocessed,,0,not_selected_or_gate_blocked
train-006406,unprocessed,,0,not_selected_or_gate_blocked
train-006407,unprocessed,,0,not_selected_or_gate_blocked
train-006408,unprocessed,,0,not_selected_or_gate_blocked
train-006410,unprocessed,,0,not_selected_or_gate_blocked
train-006411,unprocessed,,0,not_selected_or_gate_blocked
train-006413,unprocessed,,0,not_selected_or_gate_blocked
train-006415,unprocessed,,0,not_selected_or_gate_blocked
train-006417,unprocessed,,0,not_selected_or_gate_blocked
train-006419,unprocessed,,0,not_selected_or_gate_blocked
train-006420,unprocessed,,0,not_selected_or_gate_blocked
train-006421,unprocessed,,0,not_selected_or_gate_blocked
train-006422,unprocessed,,0,not_selected_or_gate_blocked
train-006423,unprocessed,,0,not_selected_or_gate_blocked
train-006424,unprocessed,,0,not_selected_or_gate_blocked
train-006427,unprocessed,,0,not_selected_or_gate_blocked
train-006428,unprocessed,,0,not_selected_or_gate_blocked
train-006429,unprocessed,,0,not_selected_or_gate_blocked
train-006430,unprocessed,,0,not_selected_or_gate_blocked
train-006432,unprocessed,,0,not_selected_or_gate_blocked
train-006433,unprocessed,,0,not_selected_or_gate_blocked
train-006434,unprocessed,,0,not_selected_or_gate_blocked
train-006436,unprocessed,,0,not_selected_or_gate_blocked
train-006438,unprocessed,,0,not_selected_or_gate_blocked
train-006442,unprocessed,,0,not_selected_or_gate_blocked
train-006443,unprocessed,,0,not_selected_or_gate_blocked
train-006444,unprocessed,,0,not_selected_or_gate_blocked
train-006445,unprocessed,,0,not_selected_or_gate_blocked
train-006446,unprocessed,,0,not_selected_or_gate_blocked
train-006447,unprocessed,,0,not_selected_or_gate_blocked
train-006448,unprocessed,,0,not_selected_or_gate_blocked
train-006449,unprocessed,,0,not_selected_or_gate_blocked
train-006450,unprocessed,,0,not_selected_or_gate_blocked
train-006451,unprocessed,,0,not_selected_or_gate_blocked
train-006452,unprocessed,,0,not_selected_or_gate_blocked
train-006454,unprocessed,,0,not_selected_or_gate_blocked
train-006455,unprocessed,,0,not_selected_or_gate_blocked
train-006456,unprocessed,,0,not_selected_or_gate_blocked
train-006457,unprocessed,,0,not_selected_or_gate_blocked
train-006458,unprocessed,,0,not_selected_or_gate_blocked
train-006461,unprocessed,,0,not_selected_or_gate_blocked
train-006463,unprocessed,,0,not_selected_or_gate_blocked
train-006464,unprocessed,,0,not_selected_or_gate_blocked
train-006465,unprocessed,,0,not_selected_or_gate_blocked
train-006466,unprocessed,,0,not_selected_or_gate_blocked
train-006467,unprocessed,,0,not_selected_or_gate_blocked
train-006469,unprocessed,,0,not_selected_or_gate_blocked
train-006470,unprocessed,,0,not_selected_or_gate_blocked
train-006471,unprocessed,,0,not_selected_or_gate_blocked
train-006476,unprocessed,,0,not_selected_or_gate_blocked
train-006477,unprocessed,,0,not_selected_or_gate_blocked
train-006478,unprocessed,,0,not_selected_or_gate_blocked
train-006479,unprocessed,,0,not_selected_or_gate_blocked
train-006482,unprocessed,,0,not_selected_or_gate_blocked
train-006483,unprocessed,,0,not_selected_or_gate_blocked
train-006485,unprocessed,,0,not_selected_or_gate_blocked
train-006486,unprocessed,,0,not_selected_or_gate_blocked
train-006488,unprocessed,,0,not_selected_or_gate_blocked
train-006489,unprocessed,,0,not_selected_or_gate_blocked
train-006490,unprocessed,,0,not_selected_or_gate_blocked
train-006491,unprocessed,,0,not_selected_or_gate_blocked
train-006492,unprocessed,,0,not_selected_or_gate_blocked
train-006494,unprocessed,,0,not_selected_or_gate_blocked
train-006495,unprocessed,,0,not_selected_or_gate_blocked
train-006497,unprocessed,,0,not_selected_or_gate_blocked
train-006498,unprocessed,,0,not_selected_or_gate_blocked
train-006499,unprocessed,,0,not_selected_or_gate_blocked
train-006501,unprocessed,,0,not_selected_or_gate_blocked
train-006502,unprocessed,,0,not_selected_or_gate_blocked
train-006503,unprocessed,,0,not_selected_or_gate_blocked
train-006504,unprocessed,,0,not_selected_or_gate_blocked
train-006505,unprocessed,,0,not_selected_or_gate_blocked
train-006506,unprocessed,,0,not_selected_or_gate_blocked
train-006508,unprocessed,,0,not_selected_or_gate_blocked
train-006509,unprocessed,,0,not_selected_or_gate_blocked
train-006510,unprocessed,,0,not_selected_or_gate_blocked
train-006511,unprocessed,,0,not_selected_or_gate_blocked
train-006513,unprocessed,,0,not_selected_or_gate_blocked
train-006514,unprocessed,,0,not_selected_or_gate_blocked
train-006516,unprocessed,,0,not_selected_or_gate_blocked
train-006517,unprocessed,,0,not_selected_or_gate_blocked
train-006518,unprocessed,,0,not_selected_or_gate_blocked
train-006519,unprocessed,,0,not_selected_or_gate_blocked
train-006521,unprocessed,,0,not_selected_or_gate_blocked
train-006522,unprocessed,,0,not_selected_or_gate_blocked
train-006523,unprocessed,,0,not_selected_or_gate_blocked
train-006524,unprocessed,,0,not_selected_or_gate_blocked
train-006527,unprocessed,,0,not_selected_or_gate_blocked
train-006531,unprocessed,,0,not_selected_or_gate_blocked
train-006532,unprocessed,,0,not_selected_or_gate_blocked
train-006533,unprocessed,,0,not_selected_or_gate_blocked
train-006534,unprocessed,,0,not_selected_or_gate_blocked
train-006536,unprocessed,,0,not_selected_or_gate_blocked
train-006537,unprocessed,,0,not_selected_or_gate_blocked
train-006539,unprocessed,,0,not_selected_or_gate_blocked
train-006540,unprocessed,,0,not_selected_or_gate_blocked
train-006541,unprocessed,,0,not_selected_or_gate_blocked
train-006542,unprocessed,,0,not_selected_or_gate_blocked
train-006543,unprocessed,,0,not_selected_or_gate_blocked
train-006545,unprocessed,,0,not_selected_or_gate_blocked
train-006546,unprocessed,,0,not_selected_or_gate_blocked
train-006547,unprocessed,,0,not_selected_or_gate_blocked
train-006548,unprocessed,,0,not_selected_or_gate_blocked
train-006549,unprocessed,,0,not_selected_or_gate_blocked
train-006550,unprocessed,,0,not_selected_or_gate_blocked
train-006551,unprocessed,,0,not_selected_or_gate_blocked
train-006552,unprocessed,,0,not_selected_or_gate_blocked
train-006553,unprocessed,,0,not_selected_or_gate_blocked
train-006554,unprocessed,,0,not_selected_or_gate_blocked
train-006555,unprocessed,,0,not_selected_or_gate_blocked
train-006556,unprocessed,,0,not_selected_or_gate_blocked
train-006557,unprocessed,,0,not_selected_or_gate_blocked
train-006559,unprocessed,,0,not_selected_or_gate_blocked
train-006560,unprocessed,,0,not_selected_or_gate_blocked
train-006561,unprocessed,,0,not_selected_or_gate_blocked
train-006562,unprocessed,,0,not_selected_or_gate_blocked
train-006565,unprocessed,,0,not_selected_or_gate_blocked
train-006566,unprocessed,,0,not_selected_or_gate_blocked
train-006567,unprocessed,,0,not_selected_or_gate_blocked
train-006568,unprocessed,,0,not_selected_or_gate_blocked
train-006569,unprocessed,,0,not_selected_or_gate_blocked
train-006570,unprocessed,,0,not_selected_or_gate_blocked
train-006571,unprocessed,,0,not_selected_or_gate_blocked
train-006572,unprocessed,,0,not_selected_or_gate_blocked
train-006573,unprocessed,,0,not_selected_or_gate_blocked
train-006574,unprocessed,,0,not_selected_or_gate_blocked
train-006575,unprocessed,,0,not_selected_or_gate_blocked
train-006576,unprocessed,,0,not_selected_or_gate_blocked
train-006577,unprocessed,,0,not_selected_or_gate_blocked
train-006578,unprocessed,,0,not_selected_or_gate_blocked
train-006579,unprocessed,,0,not_selected_or_gate_blocked
train-006580,unprocessed,,0,not_selected_or_gate_blocked
train-006581,unprocessed,,0,not_selected_or_gate_blocked
train-006582,unprocessed,,0,not_selected_or_gate_blocked
train-006583,unprocessed,,0,not_selected_or_gate_blocked
train-006584,unprocessed,,0,not_selected_or_gate_blocked
train-006585,unprocessed,,0,not_selected_or_gate_blocked
train-006586,unprocessed,,0,not_selected_or_gate_blocked
train-006587,unprocessed,,0,not_selected_or_gate_blocked
train-006588,unprocessed,,0,not_selected_or_gate_blocked
train-006591,unprocessed,,0,not_selected_or_gate_blocked
train-006592,unprocessed,,0,not_selected_or_gate_blocked
train-006593,unprocessed,,0,not_selected_or_gate_blocked
train-006595,unprocessed,,0,not_selected_or_gate_blocked
train-006596,unprocessed,,0,not_selected_or_gate_blocked
train-006599,unprocessed,,0,not_selected_or_gate_blocked
train-006600,unprocessed,,0,not_selected_or_gate_blocked
train-006601,unprocessed,,0,not_selected_or_gate_blocked
train-006602,unprocessed,,0,not_selected_or_gate_blocked
train-006603,unprocessed,,0,not_selected_or_gate_blocked
train-006604,unprocessed,,0,not_selected_or_gate_blocked
train-006607,unprocessed,,0,not_selected_or_gate_blocked
train-006610,unprocessed,,0,not_selected_or_gate_blocked
train-006613,unprocessed,,0,not_selected_or_gate_blocked
train-006614,unprocessed,,0,not_selected_or_gate_blocked
train-006615,unprocessed,,0,not_selected_or_gate_blocked
train-006616,unprocessed,,0,not_selected_or_gate_blocked
train-006617,unprocessed,,0,not_selected_or_gate_blocked
train-006621,unprocessed,,0,not_selected_or_gate_blocked
train-006622,unprocessed,,0,not_selected_or_gate_blocked
train-006624,unprocessed,,0,not_selected_or_gate_blocked
train-006625,unprocessed,,0,not_selected_or_gate_blocked
train-006627,unprocessed,,0,not_selected_or_gate_blocked
train-006628,unprocessed,,0,not_selected_or_gate_blocked
train-006629,unprocessed,,0,not_selected_or_gate_blocked
train-006630,unprocessed,,0,not_selected_or_gate_blocked
train-006631,unprocessed,,0,not_selected_or_gate_blocked
train-006632,unprocessed,,0,not_selected_or_gate_blocked
train-006633,unprocessed,,0,not_selected_or_gate_blocked
train-006634,unprocessed,,0,not_selected_or_gate_blocked
train-006635,unprocessed,,0,not_selected_or_gate_blocked
train-006636,unprocessed,,0,not_selected_or_gate_blocked
train-006637,unprocessed,,0,not_selected_or_gate_blocked
train-006638,unprocessed,,0,not_selected_or_gate_blocked
train-006639,unprocessed,,0,not_selected_or_gate_blocked
train-006643,unprocessed,,0,not_selected_or_gate_blocked
train-006644,unprocessed,,0,not_selected_or_gate_blocked
train-006645,unprocessed,,0,not_selected_or_gate_blocked
train-006647,unprocessed,,0,not_selected_or_gate_blocked
train-006648,unprocessed,,0,not_selected_or_gate_blocked
train-006649,unprocessed,,0,not_selected_or_gate_blocked
train-006650,unprocessed,,0,not_selected_or_gate_blocked
train-006651,unprocessed,,0,not_selected_or_gate_blocked
train-006654,unprocessed,,0,not_selected_or_gate_blocked
train-006657,unprocessed,,0,not_selected_or_gate_blocked
train-006658,unprocessed,,0,not_selected_or_gate_blocked
train-006659,unprocessed,,0,not_selected_or_gate_blocked
train-006661,unprocessed,,0,not_selected_or_gate_blocked
train-006662,unprocessed,,0,not_selected_or_gate_blocked
train-006663,unprocessed,,0,not_selected_or_gate_blocked
train-006664,unprocessed,,0,not_selected_or_gate_blocked
train-006666,unprocessed,,0,not_selected_or_gate_blocked
train-006667,unprocessed,,0,not_selected_or_gate_blocked
train-006668,unprocessed,,0,not_selected_or_gate_blocked
train-006671,unprocessed,,0,not_selected_or_gate_blocked
train-006673,unprocessed,,0,not_selected_or_gate_blocked
train-006675,unprocessed,,0,not_selected_or_gate_blocked
train-006676,unprocessed,,0,not_selected_or_gate_blocked
train-006677,unprocessed,,0,not_selected_or_gate_blocked
train-006679,unprocessed,,0,not_selected_or_gate_blocked
train-006680,unprocessed,,0,not_selected_or_gate_blocked
train-006681,unprocessed,,0,not_selected_or_gate_blocked
train-006682,unprocessed,,0,not_selected_or_gate_blocked
train-006683,unprocessed,,0,not_selected_or_gate_blocked
train-006685,unprocessed,,0,not_selected_or_gate_blocked
train-006686,unprocessed,,0,not_selected_or_gate_blocked
train-006687,unprocessed,,0,not_selected_or_gate_blocked
train-006688,unprocessed,,0,not_selected_or_gate_blocked
train-006689,unprocessed,,0,not_selected_or_gate_blocked
train-006691,unprocessed,,0,not_selected_or_gate_blocked
train-006692,unprocessed,,0,not_selected_or_gate_blocked
train-006694,unprocessed,,0,not_selected_or_gate_blocked
train-006695,unprocessed,,0,not_selected_or_gate_blocked
train-006696,unprocessed,,0,not_selected_or_gate_blocked
train-006697,unprocessed,,0,not_selected_or_gate_blocked
train-006698,unprocessed,,0,not_selected_or_gate_blocked
train-006701,unprocessed,,0,not_selected_or_gate_blocked
train-006702,unprocessed,,0,not_selected_or_gate_blocked
train-006703,unprocessed,,0,not_selected_or_gate_blocked
train-006704,unprocessed,,0,not_selected_or_gate_blocked
train-006705,unprocessed,,0,not_selected_or_gate_blocked
train-006706,unprocessed,,0,not_selected_or_gate_blocked
train-006707,unprocessed,,0,not_selected_or_gate_blocked
train-006708,unprocessed,,0,not_selected_or_gate_blocked
train-006710,unprocessed,,0,not_selected_or_gate_blocked
train-006712,unprocessed,,0,not_selected_or_gate_blocked
train-006715,unprocessed,,0,not_selected_or_gate_blocked
train-006716,unprocessed,,0,not_selected_or_gate_blocked
train-006717,unprocessed,,0,not_selected_or_gate_blocked
train-006718,unprocessed,,0,not_selected_or_gate_blocked
train-006719,unprocessed,,0,not_selected_or_gate_blocked
train-006720,unprocessed,,0,not_selected_or_gate_blocked
train-006721,unprocessed,,0,not_selected_or_gate_blocked
train-006722,unprocessed,,0,not_selected_or_gate_blocked
train-006723,unprocessed,,0,not_selected_or_gate_blocked
train-006724,unprocessed,,0,not_selected_or_gate_blocked
train-006727,unprocessed,,0,not_selected_or_gate_blocked
train-006728,unprocessed,,0,not_selected_or_gate_blocked
train-006731,unprocessed,,0,not_selected_or_gate_blocked
train-006733,unprocessed,,0,not_selected_or_gate_blocked
train-006734,unprocessed,,0,not_selected_or_gate_blocked
train-006735,unprocessed,,0,not_selected_or_gate_blocked
train-006737,unprocessed,,0,not_selected_or_gate_blocked
train-006739,unprocessed,,0,not_selected_or_gate_blocked
train-006740,unprocessed,,0,not_selected_or_gate_blocked
train-006741,unprocessed,,0,not_selected_or_gate_blocked
train-006743,unprocessed,,0,not_selected_or_gate_blocked
train-006745,unprocessed,,0,not_selected_or_gate_blocked
train-006746,unprocessed,,0,not_selected_or_gate_blocked
train-006747,unprocessed,,0,not_selected_or_gate_blocked
train-006748,unprocessed,,0,not_selected_or_gate_blocked
train-006749,unprocessed,,0,not_selected_or_gate_blocked
train-006751,unprocessed,,0,not_selected_or_gate_blocked
train-006752,unprocessed,,0,not_selected_or_gate_blocked
train-006753,unprocessed,,0,not_selected_or_gate_blocked
train-006754,unprocessed,,0,not_selected_or_gate_blocked
train-006755,unprocessed,,0,not_selected_or_gate_blocked
train-006756,unprocessed,,0,not_selected_or_gate_blocked
train-006757,unprocessed,,0,not_selected_or_gate_blocked
train-006758,unprocessed,,0,not_selected_or_gate_blocked
train-006759,unprocessed,,0,not_selected_or_gate_blocked
train-006760,unprocessed,,0,not_selected_or_gate_blocked
train-006761,unprocessed,,0,not_selected_or_gate_blocked
train-006762,unprocessed,,0,not_selected_or_gate_blocked
train-006763,unprocessed,,0,not_selected_or_gate_blocked
train-006764,unprocessed,,0,not_selected_or_gate_blocked
train-006765,unprocessed,,0,not_selected_or_gate_blocked
train-006767,unprocessed,,0,not_selected_or_gate_blocked
train-006771,unprocessed,,0,not_selected_or_gate_blocked
train-006772,unprocessed,,0,not_selected_or_gate_blocked
train-006773,unprocessed,,0,not_selected_or_gate_blocked
train-006774,unprocessed,,0,not_selected_or_gate_blocked
train-006775,unprocessed,,0,not_selected_or_gate_blocked
train-006776,unprocessed,,0,not_selected_or_gate_blocked
train-006777,unprocessed,,0,not_selected_or_gate_blocked
train-006779,unprocessed,,0,not_selected_or_gate_blocked
train-006780,unprocessed,,0,not_selected_or_gate_blocked
train-006781,unprocessed,,0,not_selected_or_gate_blocked
train-006782,unprocessed,,0,not_selected_or_gate_blocked
train-006783,unprocessed,,0,not_selected_or_gate_blocked
train-006784,unprocessed,,0,not_selected_or_gate_blocked
train-006785,unprocessed,,0,not_selected_or_gate_blocked
train-006786,unprocessed,,0,not_selected_or_gate_blocked
train-006787,unprocessed,,0,not_selected_or_gate_blocked
train-006788,unprocessed,,0,not_selected_or_gate_blocked
train-006789,unprocessed,,0,not_selected_or_gate_blocked
train-006790,unprocessed,,0,not_selected_or_gate_blocked
train-006791,unprocessed,,0,not_selected_or_gate_blocked
train-006792,unprocessed,,0,not_selected_or_gate_blocked
train-006794,unprocessed,,0,not_selected_or_gate_blocked
train-006795,unprocessed,,0,not_selected_or_gate_blocked
train-006797,unprocessed,,0,not_selected_or_gate_blocked
train-006801,unprocessed,,0,not_selected_or_gate_blocked
train-006803,unprocessed,,0,not_selected_or_gate_blocked
train-006804,unprocessed,,0,not_selected_or_gate_blocked
train-006805,unprocessed,,0,not_selected_or_gate_blocked
train-006806,unprocessed,,0,not_selected_or_gate_blocked
train-006807,unprocessed,,0,not_selected_or_gate_blocked
train-006808,unprocessed,,0,not_selected_or_gate_blocked
train-006809,unprocessed,,0,not_selected_or_gate_blocked
train-006810,unprocessed,,0,not_selected_or_gate_blocked
train-006812,unprocessed,,0,not_selected_or_gate_blocked
train-006813,unprocessed,,0,not_selected_or_gate_blocked
train-006814,unprocessed,,0,not_selected_or_gate_blocked
train-006815,unprocessed,,0,not_selected_or_gate_blocked
train-006816,unprocessed,,0,not_selected_or_gate_blocked
train-006818,unprocessed,,0,not_selected_or_gate_blocked
train-006819,unprocessed,,0,not_selected_or_gate_blocked
train-006821,unprocessed,,0,not_selected_or_gate_blocked
train-006824,unprocessed,,0,not_selected_or_gate_blocked
train-006825,unprocessed,,0,not_selected_or_gate_blocked
train-006826,unprocessed,,0,not_selected_or_gate_blocked
train-006827,unprocessed,,0,not_selected_or_gate_blocked
train-006828,unprocessed,,0,not_selected_or_gate_blocked
train-006830,unprocessed,,0,not_selected_or_gate_blocked
train-006832,unprocessed,,0,not_selected_or_gate_blocked
train-006833,unprocessed,,0,not_selected_or_gate_blocked
train-006834,unprocessed,,0,not_selected_or_gate_blocked
train-006836,unprocessed,,0,not_selected_or_gate_blocked
train-006838,unprocessed,,0,not_selected_or_gate_blocked
train-006839,unprocessed,,0,not_selected_or_gate_blocked
train-006840,unprocessed,,0,not_selected_or_gate_blocked
train-006843,unprocessed,,0,not_selected_or_gate_blocked
train-006844,unprocessed,,0,not_selected_or_gate_blocked
train-006845,unprocessed,,0,not_selected_or_gate_blocked
train-006849,unprocessed,,0,not_selected_or_gate_blocked
train-006850,unprocessed,,0,not_selected_or_gate_blocked
train-006851,unprocessed,,0,not_selected_or_gate_blocked
train-006853,unprocessed,,0,not_selected_or_gate_blocked
train-006856,unprocessed,,0,not_selected_or_gate_blocked
train-006857,unprocessed,,0,not_selected_or_gate_blocked
train-006858,unprocessed,,0,not_selected_or_gate_blocked
train-006860,unprocessed,,0,not_selected_or_gate_blocked
train-006861,unprocessed,,0,not_selected_or_gate_blocked
train-006862,unprocessed,,0,not_selected_or_gate_blocked
train-006863,unprocessed,,0,not_selected_or_gate_blocked
train-006864,unprocessed,,0,not_selected_or_gate_blocked
train-006866,unprocessed,,0,not_selected_or_gate_blocked
train-006867,unprocessed,,0,not_selected_or_gate_blocked
train-006868,unprocessed,,0,not_selected_or_gate_blocked
train-006869,unprocessed,,0,not_selected_or_gate_blocked
train-006870,unprocessed,,0,not_selected_or_gate_blocked
train-006871,unprocessed,,0,not_selected_or_gate_blocked
train-006872,unprocessed,,0,not_selected_or_gate_blocked
train-006873,unprocessed,,0,not_selected_or_gate_blocked
train-006874,unprocessed,,0,not_selected_or_gate_blocked
train-006876,unprocessed,,0,not_selected_or_gate_blocked
train-006877,unprocessed,,0,not_selected_or_gate_blocked
train-006878,unprocessed,,0,not_selected_or_gate_blocked
train-006879,unprocessed,,0,not_selected_or_gate_blocked
train-006880,unprocessed,,0,not_selected_or_gate_blocked
train-006881,unprocessed,,0,not_selected_or_gate_blocked
train-006882,unprocessed,,0,not_selected_or_gate_blocked
train-006883,unprocessed,,0,not_selected_or_gate_blocked
train-006884,unprocessed,,0,not_selected_or_gate_blocked
train-006885,unprocessed,,0,not_selected_or_gate_blocked
train-006886,unprocessed,,0,not_selected_or_gate_blocked
train-006887,unprocessed,,0,not_selected_or_gate_blocked
train-006888,unprocessed,,0,not_selected_or_gate_blocked
train-006889,unprocessed,,0,not_selected_or_gate_blocked
train-006890,unprocessed,,0,not_selected_or_gate_blocked
train-006891,unprocessed,,0,not_selected_or_gate_blocked
train-006892,unprocessed,,0,not_selected_or_gate_blocked
train-006893,unprocessed,,0,not_selected_or_gate_blocked
train-006894,unprocessed,,0,not_selected_or_gate_blocked
train-006895,unprocessed,,0,not_selected_or_gate_blocked
train-006896,unprocessed,,0,not_selected_or_gate_blocked
train-006897,unprocessed,,0,not_selected_or_gate_blocked
train-006898,unprocessed,,0,not_selected_or_gate_blocked
train-006899,unprocessed,,0,not_selected_or_gate_blocked
train-006901,unprocessed,,0,not_selected_or_gate_blocked
train-006902,unprocessed,,0,not_selected_or_gate_blocked
train-006903,unprocessed,,0,not_selected_or_gate_blocked
train-006904,unprocessed,,0,not_selected_or_gate_blocked
train-006905,unprocessed,,0,not_selected_or_gate_blocked
train-006906,unprocessed,,0,not_selected_or_gate_blocked
train-006907,unprocessed,,0,not_selected_or_gate_blocked
train-006908,unprocessed,,0,not_selected_or_gate_blocked
train-006910,unprocessed,,0,not_selected_or_gate_blocked
train-006911,unprocessed,,0,not_selected_or_gate_blocked
train-006912,unprocessed,,0,not_selected_or_gate_blocked
train-006913,unprocessed,,0,not_selected_or_gate_blocked
train-006914,unprocessed,,0,not_selected_or_gate_blocked
train-006915,unprocessed,,0,not_selected_or_gate_blocked
train-006916,unprocessed,,0,not_selected_or_gate_blocked
train-006917,unprocessed,,0,not_selected_or_gate_blocked
train-006918,unprocessed,,0,not_selected_or_gate_blocked
train-006919,unprocessed,,0,not_selected_or_gate_blocked
train-006920,unprocessed,,0,not_selected_or_gate_blocked
train-006921,unprocessed,,0,not_selected_or_gate_blocked
train-006922,unprocessed,,0,not_selected_or_gate_blocked
train-006923,unprocessed,,0,not_selected_or_gate_blocked
train-006924,unprocessed,,0,not_selected_or_gate_blocked
train-006925,unprocessed,,0,not_selected_or_gate_blocked
train-006926,unprocessed,,0,not_selected_or_gate_blocked
train-006927,unprocessed,,0,not_selected_or_gate_blocked
train-006928,unprocessed,,0,not_selected_or_gate_blocked
train-006929,unprocessed,,0,not_selected_or_gate_blocked
train-006930,unprocessed,,0,not_selected_or_gate_blocked
train-006931,unprocessed,,0,not_selected_or_gate_blocked
train-006934,unprocessed,,0,not_selected_or_gate_blocked
train-006935,unprocessed,,0,not_selected_or_gate_blocked
train-006936,unprocessed,,0,not_selected_or_gate_blocked
train-006937,unprocessed,,0,not_selected_or_gate_blocked
train-006938,unprocessed,,0,not_selected_or_gate_blocked
train-006939,unprocessed,,0,not_selected_or_gate_blocked
train-006940,unprocessed,,0,not_selected_or_gate_blocked
train-006941,unprocessed,,0,not_selected_or_gate_blocked
train-006942,unprocessed,,0,not_selected_or_gate_blocked
train-006943,unprocessed,,0,not_selected_or_gate_blocked
train-006946,unprocessed,,0,not_selected_or_gate_blocked
train-006948,unprocessed,,0,not_selected_or_gate_blocked
train-006950,unprocessed,,0,not_selected_or_gate_blocked
train-006951,unprocessed,,0,not_selected_or_gate_blocked
train-006952,unprocessed,,0,not_selected_or_gate_blocked
train-006954,unprocessed,,0,not_selected_or_gate_blocked
train-006955,unprocessed,,0,not_selected_or_gate_blocked
train-006957,unprocessed,,0,not_selected_or_gate_blocked
train-006958,unprocessed,,0,not_selected_or_gate_blocked
train-006959,unprocessed,,0,not_selected_or_gate_blocked
train-006960,unprocessed,,0,not_selected_or_gate_blocked
train-006961,unprocessed,,0,not_selected_or_gate_blocked
train-006962,unprocessed,,0,not_selected_or_gate_blocked
train-006963,unprocessed,,0,not_selected_or_gate_blocked
train-006965,unprocessed,,0,not_selected_or_gate_blocked
train-006966,unprocessed,,0,not_selected_or_gate_blocked
train-006967,unprocessed,,0,not_selected_or_gate_blocked
train-006968,unprocessed,,0,not_selected_or_gate_blocked
train-006969,unprocessed,,0,not_selected_or_gate_blocked
train-006970,unprocessed,,0,not_selected_or_gate_blocked
train-006971,unprocessed,,0,not_selected_or_gate_blocked
train-006973,unprocessed,,0,not_selected_or_gate_blocked
train-006974,unprocessed,,0,not_selected_or_gate_blocked
train-006976,unprocessed,,0,not_selected_or_gate_blocked
train-006977,unprocessed,,0,not_selected_or_gate_blocked
train-006979,unprocessed,,0,not_selected_or_gate_blocked
train-006980,unprocessed,,0,not_selected_or_gate_blocked
train-006981,unprocessed,,0,not_selected_or_gate_blocked
train-006982,unprocessed,,0,not_selected_or_gate_blocked
train-006983,unprocessed,,0,not_selected_or_gate_blocked
train-006985,unprocessed,,0,not_selected_or_gate_blocked
train-006986,unprocessed,,0,not_selected_or_gate_blocked
train-006988,unprocessed,,0,not_selected_or_gate_blocked
train-006990,unprocessed,,0,not_selected_or_gate_blocked
train-006991,unprocessed,,0,not_selected_or_gate_blocked
train-006992,unprocessed,,0,not_selected_or_gate_blocked
train-006993,unprocessed,,0,not_selected_or_gate_blocked
train-006994,unprocessed,,0,not_selected_or_gate_blocked
train-006997,unprocessed,,0,not_selected_or_gate_blocked
train-007000,unprocessed,,0,not_selected_or_gate_blocked
train-007001,unprocessed,,0,not_selected_or_gate_blocked
train-007002,unprocessed,,0,not_selected_or_gate_blocked
train-007003,unprocessed,,0,not_selected_or_gate_blocked
train-007004,unprocessed,,0,not_selected_or_gate_blocked
train-007005,unprocessed,,0,not_selected_or_gate_blocked
train-007006,unprocessed,,0,not_selected_or_gate_blocked
train-007007,unprocessed,,0,not_selected_or_gate_blocked
train-007008,unprocessed,,0,not_selected_or_gate_blocked
train-007009,unprocessed,,0,not_selected_or_gate_blocked
train-007010,unprocessed,,0,not_selected_or_gate_blocked
train-007012,unprocessed,,0,not_selected_or_gate_blocked
train-007014,unprocessed,,0,not_selected_or_gate_blocked
train-007016,unprocessed,,0,not_selected_or_gate_blocked
train-007020,unprocessed,,0,not_selected_or_gate_blocked
train-007021,unprocessed,,0,not_selected_or_gate_blocked
train-007023,unprocessed,,0,not_selected_or_gate_blocked
train-007024,unprocessed,,0,not_selected_or_gate_blocked
train-007025,unprocessed,,0,not_selected_or_gate_blocked
train-007027,unprocessed,,0,not_selected_or_gate_blocked
train-007028,unprocessed,,0,not_selected_or_gate_blocked
train-007029,unprocessed,,0,not_selected_or_gate_blocked
train-007032,unprocessed,,0,not_selected_or_gate_blocked
train-007034,unprocessed,,0,not_selected_or_gate_blocked
train-007035,unprocessed,,0,not_selected_or_gate_blocked
train-007036,unprocessed,,0,not_selected_or_gate_blocked
train-007038,unprocessed,,0,not_selected_or_gate_blocked
train-007039,unprocessed,,0,not_selected_or_gate_blocked
train-007040,unprocessed,,0,not_selected_or_gate_blocked
train-007041,unprocessed,,0,not_selected_or_gate_blocked
train-007042,unprocessed,,0,not_selected_or_gate_blocked
train-007043,unprocessed,,0,not_selected_or_gate_blocked
train-007044,unprocessed,,0,not_selected_or_gate_blocked
train-007047,unprocessed,,0,not_selected_or_gate_blocked
train-007048,unprocessed,,0,not_selected_or_gate_blocked
train-007049,unprocessed,,0,not_selected_or_gate_blocked
train-007050,unprocessed,,0,not_selected_or_gate_blocked
train-007051,unprocessed,,0,not_selected_or_gate_blocked
train-007052,unprocessed,,0,not_selected_or_gate_blocked
train-007053,unprocessed,,0,not_selected_or_gate_blocked
train-007054,unprocessed,,0,not_selected_or_gate_blocked
train-007055,unprocessed,,0,not_selected_or_gate_blocked
train-007056,unprocessed,,0,not_selected_or_gate_blocked
train-007057,unprocessed,,0,not_selected_or_gate_blocked
train-007058,unprocessed,,0,not_selected_or_gate_blocked
train-007059,unprocessed,,0,not_selected_or_gate_blocked
train-007060,unprocessed,,0,not_selected_or_gate_blocked
train-007061,unprocessed,,0,not_selected_or_gate_blocked
train-007062,unprocessed,,0,not_selected_or_gate_blocked
train-007063,unprocessed,,0,not_selected_or_gate_blocked
train-007064,unprocessed,,0,not_selected_or_gate_blocked
train-007065,unprocessed,,0,not_selected_or_gate_blocked
train-007066,unprocessed,,0,not_selected_or_gate_blocked
train-007067,unprocessed,,0,not_selected_or_gate_blocked
train-007068,unprocessed,,0,not_selected_or_gate_blocked
train-007071,unprocessed,,0,not_selected_or_gate_blocked
train-007073,unprocessed,,0,not_selected_or_gate_blocked
train-007075,unprocessed,,0,not_selected_or_gate_blocked
train-007076,unprocessed,,0,not_selected_or_gate_blocked
train-007078,unprocessed,,0,not_selected_or_gate_blocked
train-007079,unprocessed,,0,not_selected_or_gate_blocked
train-007080,unprocessed,,0,not_selected_or_gate_blocked
train-007082,unprocessed,,0,not_selected_or_gate_blocked
train-007083,unprocessed,,0,not_selected_or_gate_blocked
train-007085,unprocessed,,0,not_selected_or_gate_blocked
train-007086,unprocessed,,0,not_selected_or_gate_blocked
train-007087,unprocessed,,0,not_selected_or_gate_blocked
train-007088,unprocessed,,0,not_selected_or_gate_blocked
train-007089,unprocessed,,0,not_selected_or_gate_blocked
train-007090,unprocessed,,0,not_selected_or_gate_blocked
train-007091,unprocessed,,0,not_selected_or_gate_blocked
train-007092,unprocessed,,0,not_selected_or_gate_blocked
train-007093,unprocessed,,0,not_selected_or_gate_blocked
train-007096,unprocessed,,0,not_selected_or_gate_blocked
train-007097,unprocessed,,0,not_selected_or_gate_blocked
train-007098,unprocessed,,0,not_selected_or_gate_blocked
train-007099,unprocessed,,0,not_selected_or_gate_blocked
train-007100,unprocessed,,0,not_selected_or_gate_blocked
train-007101,unprocessed,,0,not_selected_or_gate_blocked
train-007102,unprocessed,,0,not_selected_or_gate_blocked
train-007103,unprocessed,,0,not_selected_or_gate_blocked
train-007105,unprocessed,,0,not_selected_or_gate_blocked
train-007106,unprocessed,,0,not_selected_or_gate_blocked
train-007107,unprocessed,,0,not_selected_or_gate_blocked
train-007108,unprocessed,,0,not_selected_or_gate_blocked
train-007109,unprocessed,,0,not_selected_or_gate_blocked
train-007110,unprocessed,,0,not_selected_or_gate_blocked
train-007111,unprocessed,,0,not_selected_or_gate_blocked
train-007112,unprocessed,,0,not_selected_or_gate_blocked
train-007113,unprocessed,,0,not_selected_or_gate_blocked
train-007114,unprocessed,,0,not_selected_or_gate_blocked
train-007117,unprocessed,,0,not_selected_or_gate_blocked
train-007118,unprocessed,,0,not_selected_or_gate_blocked
train-007119,unprocessed,,0,not_selected_or_gate_blocked
train-007121,unprocessed,,0,not_selected_or_gate_blocked
train-007122,unprocessed,,0,not_selected_or_gate_blocked
train-007123,unprocessed,,0,not_selected_or_gate_blocked
train-007126,unprocessed,,0,not_selected_or_gate_blocked
train-007128,unprocessed,,0,not_selected_or_gate_blocked
train-007129,unprocessed,,0,not_selected_or_gate_blocked
train-007130,unprocessed,,0,not_selected_or_gate_blocked
train-007131,unprocessed,,0,not_selected_or_gate_blocked
train-007132,unprocessed,,0,not_selected_or_gate_blocked
train-007133,unprocessed,,0,not_selected_or_gate_blocked
train-007134,unprocessed,,0,not_selected_or_gate_blocked
train-007136,unprocessed,,0,not_selected_or_gate_blocked
train-007137,unprocessed,,0,not_selected_or_gate_blocked
train-007138,unprocessed,,0,not_selected_or_gate_blocked
train-007139,unprocessed,,0,not_selected_or_gate_blocked
train-007140,unprocessed,,0,not_selected_or_gate_blocked
train-007141,unprocessed,,0,not_selected_or_gate_blocked
train-007146,unprocessed,,0,not_selected_or_gate_blocked
train-007147,unprocessed,,0,not_selected_or_gate_blocked
train-007149,unprocessed,,0,not_selected_or_gate_blocked
train-007150,unprocessed,,0,not_selected_or_gate_blocked
train-007153,unprocessed,,0,not_selected_or_gate_blocked
train-007154,unprocessed,,0,not_selected_or_gate_blocked
train-007156,unprocessed,,0,not_selected_or_gate_blocked
train-007157,unprocessed,,0,not_selected_or_gate_blocked
train-007159,unprocessed,,0,not_selected_or_gate_blocked
train-007160,unprocessed,,0,not_selected_or_gate_blocked
train-007161,unprocessed,,0,not_selected_or_gate_blocked
train-007163,unprocessed,,0,not_selected_or_gate_blocked
train-007164,unprocessed,,0,not_selected_or_gate_blocked
train-007165,unprocessed,,0,not_selected_or_gate_blocked
train-007166,unprocessed,,0,not_selected_or_gate_blocked
train-007167,unprocessed,,0,not_selected_or_gate_blocked
train-007168,unprocessed,,0,not_selected_or_gate_blocked
train-007169,unprocessed,,0,not_selected_or_gate_blocked
train-007172,unprocessed,,0,not_selected_or_gate_blocked
train-007173,unprocessed,,0,not_selected_or_gate_blocked
train-007174,unprocessed,,0,not_selected_or_gate_blocked
train-007176,unprocessed,,0,not_selected_or_gate_blocked
train-007177,unprocessed,,0,not_selected_or_gate_blocked
train-007178,unprocessed,,0,not_selected_or_gate_blocked
train-007179,unprocessed,,0,not_selected_or_gate_blocked
train-007181,unprocessed,,0,not_selected_or_gate_blocked
train-007182,unprocessed,,0,not_selected_or_gate_blocked
train-007183,unprocessed,,0,not_selected_or_gate_blocked
train-007185,unprocessed,,0,not_selected_or_gate_blocked
train-007187,unprocessed,,0,not_selected_or_gate_blocked
train-007191,unprocessed,,0,not_selected_or_gate_blocked
train-007193,unprocessed,,0,not_selected_or_gate_blocked
train-007195,unprocessed,,0,not_selected_or_gate_blocked
train-007196,unprocessed,,0,not_selected_or_gate_blocked
train-007197,unprocessed,,0,not_selected_or_gate_blocked
train-007198,unprocessed,,0,not_selected_or_gate_blocked
train-007199,unprocessed,,0,not_selected_or_gate_blocked
train-007200,unprocessed,,0,not_selected_or_gate_blocked
train-007201,unprocessed,,0,not_selected_or_gate_blocked
train-007205,unprocessed,,0,not_selected_or_gate_blocked
train-007206,unprocessed,,0,not_selected_or_gate_blocked
train-007208,unprocessed,,0,not_selected_or_gate_blocked
train-007209,unprocessed,,0,not_selected_or_gate_blocked
train-007210,unprocessed,,0,not_selected_or_gate_blocked
train-007212,unprocessed,,0,not_selected_or_gate_blocked
train-007213,unprocessed,,0,not_selected_or_gate_blocked
train-007215,unprocessed,,0,not_selected_or_gate_blocked
train-007216,unprocessed,,0,not_selected_or_gate_blocked
train-007217,unprocessed,,0,not_selected_or_gate_blocked
train-007218,unprocessed,,0,not_selected_or_gate_blocked
train-007220,unprocessed,,0,not_selected_or_gate_blocked
train-007221,unprocessed,,0,not_selected_or_gate_blocked
train-007222,unprocessed,,0,not_selected_or_gate_blocked
train-007223,unprocessed,,0,not_selected_or_gate_blocked
train-007224,unprocessed,,0,not_selected_or_gate_blocked
train-007227,unprocessed,,0,not_selected_or_gate_blocked
train-007228,unprocessed,,0,not_selected_or_gate_blocked
train-007229,unprocessed,,0,not_selected_or_gate_blocked
train-007231,unprocessed,,0,not_selected_or_gate_blocked
train-007232,unprocessed,,0,not_selected_or_gate_blocked
train-007234,unprocessed,,0,not_selected_or_gate_blocked
train-007235,unprocessed,,0,not_selected_or_gate_blocked
train-007236,unprocessed,,0,not_selected_or_gate_blocked
train-007237,unprocessed,,0,not_selected_or_gate_blocked
train-007238,unprocessed,,0,not_selected_or_gate_blocked
train-007239,unprocessed,,0,not_selected_or_gate_blocked
train-007240,unprocessed,,0,not_selected_or_gate_blocked
train-007241,unprocessed,,0,not_selected_or_gate_blocked
train-007242,unprocessed,,0,not_selected_or_gate_blocked
train-007245,unprocessed,,0,not_selected_or_gate_blocked
train-007246,unprocessed,,0,not_selected_or_gate_blocked
train-007247,unprocessed,,0,not_selected_or_gate_blocked
train-007248,unprocessed,,0,not_selected_or_gate_blocked
train-007250,unprocessed,,0,not_selected_or_gate_blocked
train-007252,unprocessed,,0,not_selected_or_gate_blocked
train-007253,unprocessed,,0,not_selected_or_gate_blocked
train-007256,unprocessed,,0,not_selected_or_gate_blocked
train-007257,unprocessed,,0,not_selected_or_gate_blocked
train-007258,unprocessed,,0,not_selected_or_gate_blocked
train-007260,unprocessed,,0,not_selected_or_gate_blocked
train-007261,unprocessed,,0,not_selected_or_gate_blocked
train-007262,unprocessed,,0,not_selected_or_gate_blocked
train-007263,unprocessed,,0,not_selected_or_gate_blocked
train-007265,unprocessed,,0,not_selected_or_gate_blocked
train-007266,unprocessed,,0,not_selected_or_gate_blocked
train-007267,unprocessed,,0,not_selected_or_gate_blocked
train-007268,unprocessed,,0,not_selected_or_gate_blocked
train-007269,unprocessed,,0,not_selected_or_gate_blocked
train-007270,unprocessed,,0,not_selected_or_gate_blocked
train-007271,unprocessed,,0,not_selected_or_gate_blocked
train-007273,unprocessed,,0,not_selected_or_gate_blocked
train-007274,unprocessed,,0,not_selected_or_gate_blocked
train-007275,unprocessed,,0,not_selected_or_gate_blocked
train-007276,unprocessed,,0,not_selected_or_gate_blocked
train-007277,unprocessed,,0,not_selected_or_gate_blocked
train-007279,unprocessed,,0,not_selected_or_gate_blocked
train-007280,unprocessed,,0,not_selected_or_gate_blocked
train-007281,unprocessed,,0,not_selected_or_gate_blocked
train-007282,unprocessed,,0,not_selected_or_gate_blocked
train-007283,unprocessed,,0,not_selected_or_gate_blocked
train-007284,unprocessed,,0,not_selected_or_gate_blocked
train-007285,unprocessed,,0,not_selected_or_gate_blocked
train-007286,unprocessed,,0,not_selected_or_gate_blocked
train-007288,unprocessed,,0,not_selected_or_gate_blocked
train-007289,unprocessed,,0,not_selected_or_gate_blocked
train-007291,unprocessed,,0,not_selected_or_gate_blocked
train-007293,unprocessed,,0,not_selected_or_gate_blocked
train-007294,unprocessed,,0,not_selected_or_gate_blocked
train-007296,unprocessed,,0,not_selected_or_gate_blocked
train-007298,unprocessed,,0,not_selected_or_gate_blocked
train-007299,unprocessed,,0,not_selected_or_gate_blocked
train-007300,unprocessed,,0,not_selected_or_gate_blocked
train-007302,unprocessed,,0,not_selected_or_gate_blocked
train-007303,unprocessed,,0,not_selected_or_gate_blocked
train-007304,unprocessed,,0,not_selected_or_gate_blocked
train-007305,unprocessed,,0,not_selected_or_gate_blocked
train-007306,unprocessed,,0,not_selected_or_gate_blocked
train-007307,unprocessed,,0,not_selected_or_gate_blocked
train-007308,unprocessed,,0,not_selected_or_gate_blocked
train-007311,unprocessed,,0,not_selected_or_gate_blocked
train-007312,unprocessed,,0,not_selected_or_gate_blocked
train-007314,unprocessed,,0,not_selected_or_gate_blocked
train-007315,unprocessed,,0,not_selected_or_gate_blocked
train-007316,unprocessed,,0,not_selected_or_gate_blocked
train-007318,unprocessed,,0,not_selected_or_gate_blocked
train-007320,unprocessed,,0,not_selected_or_gate_blocked
train-007321,unprocessed,,0,not_selected_or_gate_blocked
train-007322,unprocessed,,0,not_selected_or_gate_blocked
train-007323,unprocessed,,0,not_selected_or_gate_blocked
train-007324,unprocessed,,0,not_selected_or_gate_blocked
train-007325,unprocessed,,0,not_selected_or_gate_blocked
train-007326,unprocessed,,0,not_selected_or_gate_blocked
train-007327,unprocessed,,0,not_selected_or_gate_blocked
train-007329,unprocessed,,0,not_selected_or_gate_blocked
train-007330,unprocessed,,0,not_selected_or_gate_blocked
train-007331,unprocessed,,0,not_selected_or_gate_blocked
train-007333,unprocessed,,0,not_selected_or_gate_blocked
train-007334,unprocessed,,0,not_selected_or_gate_blocked
train-007335,unprocessed,,0,not_selected_or_gate_blocked
train-007336,unprocessed,,0,not_selected_or_gate_blocked
train-007337,unprocessed,,0,not_selected_or_gate_blocked
train-007338,unprocessed,,0,not_selected_or_gate_blocked
train-007340,unprocessed,,0,not_selected_or_gate_blocked
train-007341,unprocessed,,0,not_selected_or_gate_blocked
train-007343,unprocessed,,0,not_selected_or_gate_blocked
train-007345,unprocessed,,0,not_selected_or_gate_blocked
train-007346,unprocessed,,0,not_selected_or_gate_blocked
train-007347,unprocessed,,0,not_selected_or_gate_blocked
train-007348,unprocessed,,0,not_selected_or_gate_blocked
train-007349,unprocessed,,0,not_selected_or_gate_blocked
train-007350,unprocessed,,0,not_selected_or_gate_blocked
train-007351,unprocessed,,0,not_selected_or_gate_blocked
train-007352,unprocessed,,0,not_selected_or_gate_blocked
train-007353,unprocessed,,0,not_selected_or_gate_blocked
train-007356,unprocessed,,0,not_selected_or_gate_blocked
train-007357,unprocessed,,0,not_selected_or_gate_blocked
train-007358,unprocessed,,0,not_selected_or_gate_blocked
train-007360,unprocessed,,0,not_selected_or_gate_blocked
train-007361,unprocessed,,0,not_selected_or_gate_blocked
train-007362,unprocessed,,0,not_selected_or_gate_blocked
train-007363,unprocessed,,0,not_selected_or_gate_blocked
train-007364,unprocessed,,0,not_selected_or_gate_blocked
train-007366,unprocessed,,0,not_selected_or_gate_blocked
train-007367,unprocessed,,0,not_selected_or_gate_blocked
train-007369,unprocessed,,0,not_selected_or_gate_blocked
train-007370,unprocessed,,0,not_selected_or_gate_blocked
train-007371,unprocessed,,0,not_selected_or_gate_blocked
train-007372,unprocessed,,0,not_selected_or_gate_blocked
train-007373,unprocessed,,0,not_selected_or_gate_blocked
train-007375,unprocessed,,0,not_selected_or_gate_blocked
train-007376,unprocessed,,0,not_selected_or_gate_blocked
train-007377,unprocessed,,0,not_selected_or_gate_blocked
train-007378,unprocessed,,0,not_selected_or_gate_blocked
train-007379,unprocessed,,0,not_selected_or_gate_blocked
train-007381,unprocessed,,0,not_selected_or_gate_blocked
train-007383,unprocessed,,0,not_selected_or_gate_blocked
train-007384,unprocessed,,0,not_selected_or_gate_blocked
train-007385,unprocessed,,0,not_selected_or_gate_blocked
train-007386,unprocessed,,0,not_selected_or_gate_blocked
train-007387,unprocessed,,0,not_selected_or_gate_blocked
train-007392,unprocessed,,0,not_selected_or_gate_blocked
train-007393,unprocessed,,0,not_selected_or_gate_blocked
train-007395,unprocessed,,0,not_selected_or_gate_blocked
train-007396,unprocessed,,0,not_selected_or_gate_blocked
train-007397,unprocessed,,0,not_selected_or_gate_blocked
train-007398,unprocessed,,0,not_selected_or_gate_blocked
train-007399,unprocessed,,0,not_selected_or_gate_blocked
train-007401,unprocessed,,0,not_selected_or_gate_blocked
train-007402,unprocessed,,0,not_selected_or_gate_blocked
train-007403,unprocessed,,0,not_selected_or_gate_blocked
train-007404,unprocessed,,0,not_selected_or_gate_blocked
train-007405,unprocessed,,0,not_selected_or_gate_blocked
train-007406,unprocessed,,0,not_selected_or_gate_blocked
train-007409,unprocessed,,0,not_selected_or_gate_blocked
train-007411,unprocessed,,0,not_selected_or_gate_blocked
train-007412,unprocessed,,0,not_selected_or_gate_blocked
train-007413,unprocessed,,0,not_selected_or_gate_blocked
train-007414,unprocessed,,0,not_selected_or_gate_blocked
train-007415,unprocessed,,0,not_selected_or_gate_blocked
train-007417,unprocessed,,0,not_selected_or_gate_blocked
train-007418,unprocessed,,0,not_selected_or_gate_blocked
train-007419,unprocessed,,0,not_selected_or_gate_blocked
train-007422,unprocessed,,0,not_selected_or_gate_blocked
train-007423,unprocessed,,0,not_selected_or_gate_blocked
train-007425,unprocessed,,0,not_selected_or_gate_blocked
train-007426,unprocessed,,0,not_selected_or_gate_blocked
train-007427,unprocessed,,0,not_selected_or_gate_blocked
train-007429,unprocessed,,0,not_selected_or_gate_blocked
train-007430,unprocessed,,0,not_selected_or_gate_blocked
train-007431,unprocessed,,0,not_selected_or_gate_blocked
train-007432,unprocessed,,0,not_selected_or_gate_blocked
train-007434,unprocessed,,0,not_selected_or_gate_blocked
train-007435,unprocessed,,0,not_selected_or_gate_blocked
train-007437,unprocessed,,0,not_selected_or_gate_blocked
train-007438,unprocessed,,0,not_selected_or_gate_blocked
train-007441,unprocessed,,0,not_selected_or_gate_blocked
train-007442,unprocessed,,0,not_selected_or_gate_blocked
train-007443,unprocessed,,0,not_selected_or_gate_blocked
train-007444,unprocessed,,0,not_selected_or_gate_blocked
train-007445,unprocessed,,0,not_selected_or_gate_blocked
train-007446,unprocessed,,0,not_selected_or_gate_blocked
train-007447,unprocessed,,0,not_selected_or_gate_blocked
train-007448,unprocessed,,0,not_selected_or_gate_blocked
train-007449,unprocessed,,0,not_selected_or_gate_blocked
train-007451,unprocessed,,0,not_selected_or_gate_blocked
train-007452,unprocessed,,0,not_selected_or_gate_blocked
train-007453,unprocessed,,0,not_selected_or_gate_blocked
train-007455,unprocessed,,0,not_selected_or_gate_blocked
train-007456,unprocessed,,0,not_selected_or_gate_blocked
train-007459,unprocessed,,0,not_selected_or_gate_blocked
train-007461,unprocessed,,0,not_selected_or_gate_blocked
train-007462,unprocessed,,0,not_selected_or_gate_blocked
train-007463,unprocessed,,0,not_selected_or_gate_blocked
train-007464,unprocessed,,0,not_selected_or_gate_blocked
train-007465,unprocessed,,0,not_selected_or_gate_blocked
train-007467,unprocessed,,0,not_selected_or_gate_blocked
train-007469,unprocessed,,0,not_selected_or_gate_blocked
train-007470,unprocessed,,0,not_selected_or_gate_blocked
train-007471,unprocessed,,0,not_selected_or_gate_blocked
train-007472,unprocessed,,0,not_selected_or_gate_blocked
train-007473,unprocessed,,0,not_selected_or_gate_blocked
train-007474,unprocessed,,0,not_selected_or_gate_blocked
train-007476,unprocessed,,0,not_selected_or_gate_blocked
train-007478,unprocessed,,0,not_selected_or_gate_blocked
train-007479,unprocessed,,0,not_selected_or_gate_blocked
train-007481,unprocessed,,0,not_selected_or_gate_blocked
train-007482,unprocessed,,0,not_selected_or_gate_blocked
train-007483,unprocessed,,0,not_selected_or_gate_blocked
train-007484,unprocessed,,0,not_selected_or_gate_blocked
train-007485,unprocessed,,0,not_selected_or_gate_blocked
train-007487,unprocessed,,0,not_selected_or_gate_blocked
train-007488,unprocessed,,0,not_selected_or_gate_blocked
train-007489,unprocessed,,0,not_selected_or_gate_blocked
train-007490,unprocessed,,0,not_selected_or_gate_blocked
train-007493,unprocessed,,0,not_selected_or_gate_blocked
train-007495,unprocessed,,0,not_selected_or_gate_blocked
train-007496,unprocessed,,0,not_selected_or_gate_blocked
train-007499,unprocessed,,0,not_selected_or_gate_blocked
train-007500,unprocessed,,0,not_selected_or_gate_blocked
train-007501,unprocessed,,0,not_selected_or_gate_blocked
train-007502,unprocessed,,0,not_selected_or_gate_blocked
train-007503,unprocessed,,0,not_selected_or_gate_blocked
train-007504,unprocessed,,0,not_selected_or_gate_blocked
train-007505,unprocessed,,0,not_selected_or_gate_blocked
train-007508,unprocessed,,0,not_selected_or_gate_blocked
train-007509,unprocessed,,0,not_selected_or_gate_blocked
train-007512,unprocessed,,0,not_selected_or_gate_blocked
train-007513,unprocessed,,0,not_selected_or_gate_blocked
train-007514,unprocessed,,0,not_selected_or_gate_blocked
train-007515,unprocessed,,0,not_selected_or_gate_blocked
train-007518,unprocessed,,0,not_selected_or_gate_blocked
train-007519,unprocessed,,0,not_selected_or_gate_blocked
train-007522,unprocessed,,0,not_selected_or_gate_blocked
train-007523,unprocessed,,0,not_selected_or_gate_blocked
train-007524,unprocessed,,0,not_selected_or_gate_blocked
train-007526,unprocessed,,0,not_selected_or_gate_blocked
train-007527,unprocessed,,0,not_selected_or_gate_blocked
train-007528,unprocessed,,0,not_selected_or_gate_blocked
train-007530,unprocessed,,0,not_selected_or_gate_blocked
train-007532,unprocessed,,0,not_selected_or_gate_blocked
train-007533,unprocessed,,0,not_selected_or_gate_blocked
train-007534,unprocessed,,0,not_selected_or_gate_blocked
train-007535,unprocessed,,0,not_selected_or_gate_blocked
train-007536,unprocessed,,0,not_selected_or_gate_blocked
train-007539,unprocessed,,0,not_selected_or_gate_blocked
train-007540,unprocessed,,0,not_selected_or_gate_blocked
train-007541,unprocessed,,0,not_selected_or_gate_blocked
train-007542,unprocessed,,0,not_selected_or_gate_blocked
train-007543,unprocessed,,0,not_selected_or_gate_blocked
train-007544,unprocessed,,0,not_selected_or_gate_blocked
train-007546,unprocessed,,0,not_selected_or_gate_blocked
train-007547,unprocessed,,0,not_selected_or_gate_blocked
train-007548,unprocessed,,0,not_selected_or_gate_blocked
train-007551,unprocessed,,0,not_selected_or_gate_blocked
train-007552,unprocessed,,0,not_selected_or_gate_blocked
train-007553,unprocessed,,0,not_selected_or_gate_blocked
train-007554,unprocessed,,0,not_selected_or_gate_blocked
train-007555,unprocessed,,0,not_selected_or_gate_blocked
train-007556,unprocessed,,0,not_selected_or_gate_blocked
train-007558,unprocessed,,0,not_selected_or_gate_blocked
train-007559,unprocessed,,0,not_selected_or_gate_blocked
train-007560,unprocessed,,0,not_selected_or_gate_blocked
train-007561,unprocessed,,0,not_selected_or_gate_blocked
train-007562,unprocessed,,0,not_selected_or_gate_blocked
train-007563,unprocessed,,0,not_selected_or_gate_blocked
train-007565,unprocessed,,0,not_selected_or_gate_blocked
train-007566,unprocessed,,0,not_selected_or_gate_blocked
train-007568,unprocessed,,0,not_selected_or_gate_blocked
train-007569,unprocessed,,0,not_selected_or_gate_blocked
train-007571,unprocessed,,0,not_selected_or_gate_blocked
train-007574,unprocessed,,0,not_selected_or_gate_blocked
train-007575,unprocessed,,0,not_selected_or_gate_blocked
train-007576,unprocessed,,0,not_selected_or_gate_blocked
train-007578,unprocessed,,0,not_selected_or_gate_blocked
train-007579,unprocessed,,0,not_selected_or_gate_blocked
train-007580,unprocessed,,0,not_selected_or_gate_blocked
train-007581,unprocessed,,0,not_selected_or_gate_blocked
train-007582,unprocessed,,0,not_selected_or_gate_blocked
train-007583,unprocessed,,0,not_selected_or_gate_blocked
train-007584,unprocessed,,0,not_selected_or_gate_blocked
train-007585,unprocessed,,0,not_selected_or_gate_blocked
train-007586,unprocessed,,0,not_selected_or_gate_blocked
train-007587,unprocessed,,0,not_selected_or_gate_blocked
train-007588,unprocessed,,0,not_selected_or_gate_blocked
train-007590,unprocessed,,0,not_selected_or_gate_blocked
train-007592,unprocessed,,0,not_selected_or_gate_blocked
train-007593,unprocessed,,0,not_selected_or_gate_blocked
train-007594,unprocessed,,0,not_selected_or_gate_blocked
train-007595,unprocessed,,0,not_selected_or_gate_blocked
train-007596,unprocessed,,0,not_selected_or_gate_blocked
train-007597,unprocessed,,0,not_selected_or_gate_blocked
train-007598,unprocessed,,0,not_selected_or_gate_blocked
train-007599,unprocessed,,0,not_selected_or_gate_blocked
train-007600,unprocessed,,0,not_selected_or_gate_blocked
train-007601,unprocessed,,0,not_selected_or_gate_blocked
train-007603,unprocessed,,0,not_selected_or_gate_blocked
train-007604,unprocessed,,0,not_selected_or_gate_blocked
train-007605,unprocessed,,0,not_selected_or_gate_blocked
train-007606,unprocessed,,0,not_selected_or_gate_blocked
train-007607,unprocessed,,0,not_selected_or_gate_blocked
train-007608,unprocessed,,0,not_selected_or_gate_blocked
train-007610,unprocessed,,0,not_selected_or_gate_blocked
train-007612,unprocessed,,0,not_selected_or_gate_blocked
train-007613,unprocessed,,0,not_selected_or_gate_blocked
train-007614,unprocessed,,0,not_selected_or_gate_blocked
train-007615,unprocessed,,0,not_selected_or_gate_blocked
train-007616,unprocessed,,0,not_selected_or_gate_blocked
train-007617,unprocessed,,0,not_selected_or_gate_blocked
train-007618,unprocessed,,0,not_selected_or_gate_blocked
train-007620,unprocessed,,0,not_selected_or_gate_blocked
train-007621,unprocessed,,0,not_selected_or_gate_blocked
train-007623,unprocessed,,0,not_selected_or_gate_blocked
train-007624,unprocessed,,0,not_selected_or_gate_blocked
train-007625,unprocessed,,0,not_selected_or_gate_blocked
train-007627,unprocessed,,0,not_selected_or_gate_blocked
train-007630,unprocessed,,0,not_selected_or_gate_blocked
train-007631,unprocessed,,0,not_selected_or_gate_blocked
train-007632,unprocessed,,0,not_selected_or_gate_blocked
train-007633,unprocessed,,0,not_selected_or_gate_blocked
train-007634,unprocessed,,0,not_selected_or_gate_blocked
train-007635,unprocessed,,0,not_selected_or_gate_blocked
train-007637,unprocessed,,0,not_selected_or_gate_blocked
train-007639,unprocessed,,0,not_selected_or_gate_blocked
train-007640,unprocessed,,0,not_selected_or_gate_blocked
train-007641,unprocessed,,0,not_selected_or_gate_blocked
train-007642,unprocessed,,0,not_selected_or_gate_blocked
train-007643,unprocessed,,0,not_selected_or_gate_blocked
train-007644,unprocessed,,0,not_selected_or_gate_blocked
train-007645,unprocessed,,0,not_selected_or_gate_blocked
train-007647,unprocessed,,0,not_selected_or_gate_blocked
train-007648,unprocessed,,0,not_selected_or_gate_blocked
train-007649,unprocessed,,0,not_selected_or_gate_blocked
train-007651,unprocessed,,0,not_selected_or_gate_blocked
train-007652,unprocessed,,0,not_selected_or_gate_blocked
train-007653,unprocessed,,0,not_selected_or_gate_blocked
train-007654,unprocessed,,0,not_selected_or_gate_blocked
train-007657,unprocessed,,0,not_selected_or_gate_blocked
train-007658,unprocessed,,0,not_selected_or_gate_blocked
train-007659,unprocessed,,0,not_selected_or_gate_blocked
train-007660,unprocessed,,0,not_selected_or_gate_blocked
train-007663,unprocessed,,0,not_selected_or_gate_blocked
train-007664,unprocessed,,0,not_selected_or_gate_blocked
train-007666,unprocessed,,0,not_selected_or_gate_blocked
train-007668,unprocessed,,0,not_selected_or_gate_blocked
train-007669,unprocessed,,0,not_selected_or_gate_blocked
train-007670,unprocessed,,0,not_selected_or_gate_blocked
train-007671,unprocessed,,0,not_selected_or_gate_blocked
train-007672,unprocessed,,0,not_selected_or_gate_blocked
train-007674,unprocessed,,0,not_selected_or_gate_blocked
train-007675,unprocessed,,0,not_selected_or_gate_blocked
train-007677,unprocessed,,0,not_selected_or_gate_blocked
train-007678,unprocessed,,0,not_selected_or_gate_blocked
train-007679,unprocessed,,0,not_selected_or_gate_blocked
train-007680,unprocessed,,0,not_selected_or_gate_blocked
train-007681,unprocessed,,0,not_selected_or_gate_blocked
train-007683,unprocessed,,0,not_selected_or_gate_blocked
train-007685,unprocessed,,0,not_selected_or_gate_blocked
train-007687,unprocessed,,0,not_selected_or_gate_blocked
train-007688,unprocessed,,0,not_selected_or_gate_blocked
train-007689,unprocessed,,0,not_selected_or_gate_blocked
train-007690,unprocessed,,0,not_selected_or_gate_blocked
train-007693,unprocessed,,0,not_selected_or_gate_blocked
train-007695,unprocessed,,0,not_selected_or_gate_blocked
train-007696,unprocessed,,0,not_selected_or_gate_blocked
train-007698,unprocessed,,0,not_selected_or_gate_blocked
train-007700,unprocessed,,0,not_selected_or_gate_blocked
train-007701,unprocessed,,0,not_selected_or_gate_blocked
train-007702,unprocessed,,0,not_selected_or_gate_blocked
train-007703,unprocessed,,0,not_selected_or_gate_blocked
train-007705,unprocessed,,0,not_selected_or_gate_blocked
train-007707,unprocessed,,0,not_selected_or_gate_blocked
train-007709,unprocessed,,0,not_selected_or_gate_blocked
train-007710,unprocessed,,0,not_selected_or_gate_blocked
train-007712,unprocessed,,0,not_selected_or_gate_blocked
train-007714,unprocessed,,0,not_selected_or_gate_blocked
train-007715,unprocessed,,0,not_selected_or_gate_blocked
train-007716,unprocessed,,0,not_selected_or_gate_blocked
train-007717,unprocessed,,0,not_selected_or_gate_blocked
train-007718,unprocessed,,0,not_selected_or_gate_blocked
train-007719,unprocessed,,0,not_selected_or_gate_blocked
train-007720,unprocessed,,0,not_selected_or_gate_blocked
train-007721,unprocessed,,0,not_selected_or_gate_blocked
train-007722,unprocessed,,0,not_selected_or_gate_blocked
train-007723,unprocessed,,0,not_selected_or_gate_blocked
train-007724,unprocessed,,0,not_selected_or_gate_blocked
train-007725,unprocessed,,0,not_selected_or_gate_blocked
train-007726,unprocessed,,0,not_selected_or_gate_blocked
train-007728,unprocessed,,0,not_selected_or_gate_blocked
train-007729,unprocessed,,0,not_selected_or_gate_blocked
train-007731,unprocessed,,0,not_selected_or_gate_blocked
train-007733,unprocessed,,0,not_selected_or_gate_blocked
train-007736,unprocessed,,0,not_selected_or_gate_blocked
train-007737,unprocessed,,0,not_selected_or_gate_blocked
train-007741,unprocessed,,0,not_selected_or_gate_blocked
train-007743,unprocessed,,0,not_selected_or_gate_blocked
train-007744,unprocessed,,0,not_selected_or_gate_blocked
train-007745,unprocessed,,0,not_selected_or_gate_blocked
train-007746,unprocessed,,0,not_selected_or_gate_blocked
train-007747,unprocessed,,0,not_selected_or_gate_blocked
train-007748,unprocessed,,0,not_selected_or_gate_blocked
train-007750,unprocessed,,0,not_selected_or_gate_blocked
train-007751,unprocessed,,0,not_selected_or_gate_blocked
train-007755,unprocessed,,0,not_selected_or_gate_blocked
train-007756,unprocessed,,0,not_selected_or_gate_blocked
train-007757,unprocessed,,0,not_selected_or_gate_blocked
train-007758,unprocessed,,0,not_selected_or_gate_blocked
train-007759,unprocessed,,0,not_selected_or_gate_blocked
train-007760,unprocessed,,0,not_selected_or_gate_blocked
train-007761,unprocessed,,0,not_selected_or_gate_blocked
train-007762,unprocessed,,0,not_selected_or_gate_blocked
train-007764,unprocessed,,0,not_selected_or_gate_blocked
train-007765,unprocessed,,0,not_selected_or_gate_blocked
train-007766,unprocessed,,0,not_selected_or_gate_blocked
train-007767,unprocessed,,0,not_selected_or_gate_blocked
train-007768,unprocessed,,0,not_selected_or_gate_blocked
train-007769,unprocessed,,0,not_selected_or_gate_blocked
train-007770,unprocessed,,0,not_selected_or_gate_blocked
train-007771,unprocessed,,0,not_selected_or_gate_blocked
train-007773,unprocessed,,0,not_selected_or_gate_blocked
train-007774,unprocessed,,0,not_selected_or_gate_blocked
train-007775,unprocessed,,0,not_selected_or_gate_blocked
train-007776,unprocessed,,0,not_selected_or_gate_blocked
train-007779,unprocessed,,0,not_selected_or_gate_blocked
train-007780,unprocessed,,0,not_selected_or_gate_blocked
train-007782,unprocessed,,0,not_selected_or_gate_blocked
train-007783,unprocessed,,0,not_selected_or_gate_blocked
train-007785,unprocessed,,0,not_selected_or_gate_blocked
train-007786,unprocessed,,0,not_selected_or_gate_blocked
train-007787,unprocessed,,0,not_selected_or_gate_blocked
train-007788,unprocessed,,0,not_selected_or_gate_blocked
train-007789,unprocessed,,0,not_selected_or_gate_blocked
train-007790,unprocessed,,0,not_selected_or_gate_blocked
train-007794,unprocessed,,0,not_selected_or_gate_blocked
train-007796,unprocessed,,0,not_selected_or_gate_blocked
train-007797,unprocessed,,0,not_selected_or_gate_blocked
train-007798,unprocessed,,0,not_selected_or_gate_blocked
train-007799,unprocessed,,0,not_selected_or_gate_blocked
train-007800,unprocessed,,0,not_selected_or_gate_blocked
train-007801,unprocessed,,0,not_selected_or_gate_blocked
train-007802,unprocessed,,0,not_selected_or_gate_blocked
train-007803,unprocessed,,0,not_selected_or_gate_blocked
train-007804,unprocessed,,0,not_selected_or_gate_blocked
train-007805,unprocessed,,0,not_selected_or_gate_blocked
train-007806,unprocessed,,0,not_selected_or_gate_blocked
train-007808,unprocessed,,0,not_selected_or_gate_blocked
train-007810,unprocessed,,0,not_selected_or_gate_blocked
train-007811,unprocessed,,0,not_selected_or_gate_blocked
train-007812,unprocessed,,0,not_selected_or_gate_blocked
train-007813,unprocessed,,0,not_selected_or_gate_blocked
train-007814,unprocessed,,0,not_selected_or_gate_blocked
train-007816,unprocessed,,0,not_selected_or_gate_blocked
train-007817,unprocessed,,0,not_selected_or_gate_blocked
train-007818,unprocessed,,0,not_selected_or_gate_blocked
train-007821,unprocessed,,0,not_selected_or_gate_blocked
train-007822,unprocessed,,0,not_selected_or_gate_blocked
train-007826,unprocessed,,0,not_selected_or_gate_blocked
train-007827,unprocessed,,0,not_selected_or_gate_blocked
train-007828,unprocessed,,0,not_selected_or_gate_blocked
train-007831,unprocessed,,0,not_selected_or_gate_blocked
train-007832,unprocessed,,0,not_selected_or_gate_blocked
train-007833,unprocessed,,0,not_selected_or_gate_blocked
train-007837,unprocessed,,0,not_selected_or_gate_blocked
train-007838,unprocessed,,0,not_selected_or_gate_blocked
train-007840,unprocessed,,0,not_selected_or_gate_blocked
train-007841,unprocessed,,0,not_selected_or_gate_blocked
train-007842,unprocessed,,0,not_selected_or_gate_blocked
train-007844,unprocessed,,0,not_selected_or_gate_blocked
train-007845,unprocessed,,0,not_selected_or_gate_blocked
train-007846,unprocessed,,0,not_selected_or_gate_blocked
train-007847,unprocessed,,0,not_selected_or_gate_blocked
train-007849,unprocessed,,0,not_selected_or_gate_blocked
train-007852,unprocessed,,0,not_selected_or_gate_blocked
train-007854,unprocessed,,0,not_selected_or_gate_blocked
train-007858,unprocessed,,0,not_selected_or_gate_blocked
train-007859,unprocessed,,0,not_selected_or_gate_blocked
train-007864,unprocessed,,0,not_selected_or_gate_blocked
train-007865,unprocessed,,0,not_selected_or_gate_blocked
train-007866,unprocessed,,0,not_selected_or_gate_blocked
train-007867,unprocessed,,0,not_selected_or_gate_blocked
train-007868,unprocessed,,0,not_selected_or_gate_blocked
train-007871,unprocessed,,0,not_selected_or_gate_blocked
train-007875,unprocessed,,0,not_selected_or_gate_blocked
train-007879,unprocessed,,0,not_selected_or_gate_blocked
train-007880,unprocessed,,0,not_selected_or_gate_blocked
train-007881,unprocessed,,0,not_selected_or_gate_blocked
train-007883,unprocessed,,0,not_selected_or_gate_blocked
train-007885,unprocessed,,0,not_selected_or_gate_blocked
train-007886,unprocessed,,0,not_selected_or_gate_blocked
train-007887,unprocessed,,0,not_selected_or_gate_blocked
train-007888,unprocessed,,0,not_selected_or_gate_blocked
train-007889,unprocessed,,0,not_selected_or_gate_blocked
train-007890,unprocessed,,0,not_selected_or_gate_blocked
train-007891,unprocessed,,0,not_selected_or_gate_blocked
train-007893,unprocessed,,0,not_selected_or_gate_blocked
train-007894,unprocessed,,0,not_selected_or_gate_blocked
train-007896,unprocessed,,0,not_selected_or_gate_blocked
train-007897,unprocessed,,0,not_selected_or_gate_blocked
train-007898,unprocessed,,0,not_selected_or_gate_blocked
train-007900,unprocessed,,0,not_selected_or_gate_blocked
train-007902,unprocessed,,0,not_selected_or_gate_blocked
train-007903,unprocessed,,0,not_selected_or_gate_blocked
train-007904,unprocessed,,0,not_selected_or_gate_blocked
train-007906,unprocessed,,0,not_selected_or_gate_blocked
train-007907,unprocessed,,0,not_selected_or_gate_blocked
train-007908,unprocessed,,0,not_selected_or_gate_blocked
train-007909,unprocessed,,0,not_selected_or_gate_blocked
train-007910,unprocessed,,0,not_selected_or_gate_blocked
train-007911,unprocessed,,0,not_selected_or_gate_blocked
train-007912,unprocessed,,0,not_selected_or_gate_blocked
train-007913,unprocessed,,0,not_selected_or_gate_blocked
train-007914,unprocessed,,0,not_selected_or_gate_blocked
train-007916,unprocessed,,0,not_selected_or_gate_blocked
train-007917,unprocessed,,0,not_selected_or_gate_blocked
train-007918,unprocessed,,0,not_selected_or_gate_blocked
train-007920,unprocessed,,0,not_selected_or_gate_blocked
train-007921,unprocessed,,0,not_selected_or_gate_blocked
train-007922,unprocessed,,0,not_selected_or_gate_blocked
train-007923,unprocessed,,0,not_selected_or_gate_blocked
train-007926,unprocessed,,0,not_selected_or_gate_blocked
train-007927,unprocessed,,0,not_selected_or_gate_blocked
train-007928,unprocessed,,0,not_selected_or_gate_blocked
train-007929,unprocessed,,0,not_selected_or_gate_blocked
train-007930,unprocessed,,0,not_selected_or_gate_blocked
train-007931,unprocessed,,0,not_selected_or_gate_blocked
train-007934,unprocessed,,0,not_selected_or_gate_blocked
train-007936,unprocessed,,0,not_selected_or_gate_blocked
train-007938,unprocessed,,0,not_selected_or_gate_blocked
train-007939,unprocessed,,0,not_selected_or_gate_blocked
train-007940,unprocessed,,0,not_selected_or_gate_blocked
train-007941,unprocessed,,0,not_selected_or_gate_blocked
train-007943,unprocessed,,0,not_selected_or_gate_blocked
train-007944,unprocessed,,0,not_selected_or_gate_blocked
train-007945,unprocessed,,0,not_selected_or_gate_blocked
train-007947,unprocessed,,0,not_selected_or_gate_blocked
train-007948,unprocessed,,0,not_selected_or_gate_blocked
train-007949,unprocessed,,0,not_selected_or_gate_blocked
train-007950,unprocessed,,0,not_selected_or_gate_blocked
train-007951,unprocessed,,0,not_selected_or_gate_blocked
train-007953,unprocessed,,0,not_selected_or_gate_blocked
train-007954,unprocessed,,0,not_selected_or_gate_blocked
train-007956,unprocessed,,0,not_selected_or_gate_blocked
train-007957,unprocessed,,0,not_selected_or_gate_blocked
train-007958,unprocessed,,0,not_selected_or_gate_blocked
train-007959,unprocessed,,0,not_selected_or_gate_blocked
train-007960,unprocessed,,0,not_selected_or_gate_blocked
train-007961,unprocessed,,0,not_selected_or_gate_blocked
train-007964,unprocessed,,0,not_selected_or_gate_blocked
train-007965,unprocessed,,0,not_selected_or_gate_blocked
train-007968,unprocessed,,0,not_selected_or_gate_blocked
train-007969,unprocessed,,0,not_selected_or_gate_blocked
train-007970,unprocessed,,0,not_selected_or_gate_blocked
train-007972,unprocessed,,0,not_selected_or_gate_blocked
train-007973,unprocessed,,0,not_selected_or_gate_blocked
train-007974,unprocessed,,0,not_selected_or_gate_blocked
train-007976,unprocessed,,0,not_selected_or_gate_blocked
train-007977,unprocessed,,0,not_selected_or_gate_blocked
train-007978,unprocessed,,0,not_selected_or_gate_blocked
train-007979,unprocessed,,0,not_selected_or_gate_blocked
train-007981,unprocessed,,0,not_selected_or_gate_blocked
train-007983,unprocessed,,0,not_selected_or_gate_blocked
train-007984,unprocessed,,0,not_selected_or_gate_blocked
train-007985,unprocessed,,0,not_selected_or_gate_blocked
train-007986,unprocessed,,0,not_selected_or_gate_blocked
train-007987,unprocessed,,0,not_selected_or_gate_blocked
train-007990,unprocessed,,0,not_selected_or_gate_blocked
train-007991,unprocessed,,0,not_selected_or_gate_blocked
train-007992,unprocessed,,0,not_selected_or_gate_blocked
train-007994,unprocessed,,0,not_selected_or_gate_blocked
train-007995,unprocessed,,0,not_selected_or_gate_blocked
train-007996,unprocessed,,0,not_selected_or_gate_blocked
train-007997,unprocessed,,0,not_selected_or_gate_blocked
train-007998,unprocessed,,0,not_selected_or_gate_blocked
train-008002,unprocessed,,0,not_selected_or_gate_blocked
train-008003,unprocessed,,0,not_selected_or_gate_blocked
train-008006,unprocessed,,0,not_selected_or_gate_blocked
train-008007,unprocessed,,0,not_selected_or_gate_blocked
train-008012,unprocessed,,0,not_selected_or_gate_blocked
train-008013,unprocessed,,0,not_selected_or_gate_blocked
train-008015,unprocessed,,0,not_selected_or_gate_blocked
train-008017,unprocessed,,0,not_selected_or_gate_blocked
train-008018,unprocessed,,0,not_selected_or_gate_blocked
train-008019,unprocessed,,0,not_selected_or_gate_blocked
train-008020,unprocessed,,0,not_selected_or_gate_blocked
train-008021,unprocessed,,0,not_selected_or_gate_blocked
train-008023,unprocessed,,0,not_selected_or_gate_blocked
train-008024,unprocessed,,0,not_selected_or_gate_blocked
train-008025,unprocessed,,0,not_selected_or_gate_blocked
train-008026,unprocessed,,0,not_selected_or_gate_blocked
train-008027,unprocessed,,0,not_selected_or_gate_blocked
train-008028,unprocessed,,0,not_selected_or_gate_blocked
train-008030,unprocessed,,0,not_selected_or_gate_blocked
train-008032,unprocessed,,0,not_selected_or_gate_blocked
train-008034,unprocessed,,0,not_selected_or_gate_blocked
train-008036,unprocessed,,0,not_selected_or_gate_blocked
train-008037,unprocessed,,0,not_selected_or_gate_blocked
train-008038,unprocessed,,0,not_selected_or_gate_blocked
train-008040,unprocessed,,0,not_selected_or_gate_blocked
train-008042,unprocessed,,0,not_selected_or_gate_blocked
train-008045,unprocessed,,0,not_selected_or_gate_blocked
train-008047,unprocessed,,0,not_selected_or_gate_blocked
train-008048,unprocessed,,0,not_selected_or_gate_blocked
train-008051,unprocessed,,0,not_selected_or_gate_blocked
train-008052,unprocessed,,0,not_selected_or_gate_blocked
train-008053,unprocessed,,0,not_selected_or_gate_blocked
train-008054,unprocessed,,0,not_selected_or_gate_blocked
train-008056,unprocessed,,0,not_selected_or_gate_blocked
train-008058,unprocessed,,0,not_selected_or_gate_blocked
train-008061,unprocessed,,0,not_selected_or_gate_blocked
train-008062,unprocessed,,0,not_selected_or_gate_blocked
train-008063,unprocessed,,0,not_selected_or_gate_blocked
train-008064,unprocessed,,0,not_selected_or_gate_blocked
train-008065,unprocessed,,0,not_selected_or_gate_blocked
train-008066,unprocessed,,0,not_selected_or_gate_blocked
train-008067,unprocessed,,0,not_selected_or_gate_blocked
train-008068,unprocessed,,0,not_selected_or_gate_blocked
train-008071,unprocessed,,0,not_selected_or_gate_blocked
train-008072,unprocessed,,0,not_selected_or_gate_blocked
train-008073,unprocessed,,0,not_selected_or_gate_blocked
train-008074,unprocessed,,0,not_selected_or_gate_blocked
train-008075,unprocessed,,0,not_selected_or_gate_blocked
train-008078,unprocessed,,0,not_selected_or_gate_blocked
train-008079,unprocessed,,0,not_selected_or_gate_blocked
train-008080,unprocessed,,0,not_selected_or_gate_blocked
train-008081,unprocessed,,0,not_selected_or_gate_blocked
train-008082,unprocessed,,0,not_selected_or_gate_blocked
train-008083,unprocessed,,0,not_selected_or_gate_blocked
train-008084,unprocessed,,0,not_selected_or_gate_blocked
train-008085,unprocessed,,0,not_selected_or_gate_blocked
train-008086,unprocessed,,0,not_selected_or_gate_blocked
train-008087,unprocessed,,0,not_selected_or_gate_blocked
train-008088,unprocessed,,0,not_selected_or_gate_blocked
train-008089,unprocessed,,0,not_selected_or_gate_blocked
train-008090,unprocessed,,0,not_selected_or_gate_blocked
train-008091,unprocessed,,0,not_selected_or_gate_blocked
train-008093,unprocessed,,0,not_selected_or_gate_blocked
train-008094,unprocessed,,0,not_selected_or_gate_blocked
train-008095,unprocessed,,0,not_selected_or_gate_blocked
train-008098,unprocessed,,0,not_selected_or_gate_blocked
train-008099,unprocessed,,0,not_selected_or_gate_blocked
train-008100,unprocessed,,0,not_selected_or_gate_blocked
train-008101,unprocessed,,0,not_selected_or_gate_blocked
train-008102,unprocessed,,0,not_selected_or_gate_blocked
train-008103,unprocessed,,0,not_selected_or_gate_blocked
train-008104,unprocessed,,0,not_selected_or_gate_blocked
train-008106,unprocessed,,0,not_selected_or_gate_blocked
train-008108,unprocessed,,0,not_selected_or_gate_blocked
train-008110,unprocessed,,0,not_selected_or_gate_blocked
train-008112,unprocessed,,0,not_selected_or_gate_blocked
train-008115,unprocessed,,0,not_selected_or_gate_blocked
train-008116,unprocessed,,0,not_selected_or_gate_blocked
train-008117,unprocessed,,0,not_selected_or_gate_blocked
train-008118,unprocessed,,0,not_selected_or_gate_blocked
train-008119,unprocessed,,0,not_selected_or_gate_blocked
train-008120,unprocessed,,0,not_selected_or_gate_blocked
train-008121,unprocessed,,0,not_selected_or_gate_blocked
train-008123,unprocessed,,0,not_selected_or_gate_blocked
train-008125,unprocessed,,0,not_selected_or_gate_blocked
train-008126,unprocessed,,0,not_selected_or_gate_blocked
train-008128,unprocessed,,0,not_selected_or_gate_blocked
train-008131,unprocessed,,0,not_selected_or_gate_blocked
train-008132,unprocessed,,0,not_selected_or_gate_blocked
train-008134,unprocessed,,0,not_selected_or_gate_blocked
train-008135,unprocessed,,0,not_selected_or_gate_blocked
train-008136,unprocessed,,0,not_selected_or_gate_blocked
train-008139,unprocessed,,0,not_selected_or_gate_blocked
train-008140,unprocessed,,0,not_selected_or_gate_blocked
train-008141,unprocessed,,0,not_selected_or_gate_blocked
train-008142,unprocessed,,0,not_selected_or_gate_blocked
train-008143,unprocessed,,0,not_selected_or_gate_blocked
train-008144,unprocessed,,0,not_selected_or_gate_blocked
train-008148,unprocessed,,0,not_selected_or_gate_blocked
train-008151,unprocessed,,0,not_selected_or_gate_blocked
train-008152,unprocessed,,0,not_selected_or_gate_blocked
train-008153,unprocessed,,0,not_selected_or_gate_blocked
train-008154,unprocessed,,0,not_selected_or_gate_blocked
train-008156,unprocessed,,0,not_selected_or_gate_blocked
train-008158,unprocessed,,0,not_selected_or_gate_blocked
train-008159,unprocessed,,0,not_selected_or_gate_blocked
train-008160,unprocessed,,0,not_selected_or_gate_blocked
train-008164,unprocessed,,0,not_selected_or_gate_blocked
train-008166,unprocessed,,0,not_selected_or_gate_blocked
train-008167,unprocessed,,0,not_selected_or_gate_blocked
train-008170,unprocessed,,0,not_selected_or_gate_blocked
train-008171,unprocessed,,0,not_selected_or_gate_blocked
train-008172,unprocessed,,0,not_selected_or_gate_blocked
train-008173,unprocessed,,0,not_selected_or_gate_blocked
train-008175,unprocessed,,0,not_selected_or_gate_blocked
train-008177,unprocessed,,0,not_selected_or_gate_blocked
train-008178,unprocessed,,0,not_selected_or_gate_blocked
train-008179,unprocessed,,0,not_selected_or_gate_blocked
train-008180,unprocessed,,0,not_selected_or_gate_blocked
train-008181,unprocessed,,0,not_selected_or_gate_blocked
train-008182,unprocessed,,0,not_selected_or_gate_blocked
train-008183,unprocessed,,0,not_selected_or_gate_blocked
train-008184,unprocessed,,0,not_selected_or_gate_blocked
train-008185,unprocessed,,0,not_selected_or_gate_blocked
train-008187,unprocessed,,0,not_selected_or_gate_blocked
train-008189,unprocessed,,0,not_selected_or_gate_blocked
train-008190,unprocessed,,0,not_selected_or_gate_blocked
train-008191,unprocessed,,0,not_selected_or_gate_blocked
train-008192,unprocessed,,0,not_selected_or_gate_blocked
train-008195,unprocessed,,0,not_selected_or_gate_blocked
train-008196,unprocessed,,0,not_selected_or_gate_blocked
train-008197,unprocessed,,0,not_selected_or_gate_blocked
train-008199,unprocessed,,0,not_selected_or_gate_blocked
train-008200,unprocessed,,0,not_selected_or_gate_blocked
train-008203,unprocessed,,0,not_selected_or_gate_blocked
train-008206,unprocessed,,0,not_selected_or_gate_blocked
train-008207,unprocessed,,0,not_selected_or_gate_blocked
train-008208,unprocessed,,0,not_selected_or_gate_blocked
train-008209,unprocessed,,0,not_selected_or_gate_blocked
train-008210,unprocessed,,0,not_selected_or_gate_blocked
train-008211,unprocessed,,0,not_selected_or_gate_blocked
train-008212,unprocessed,,0,not_selected_or_gate_blocked
train-008213,unprocessed,,0,not_selected_or_gate_blocked
train-008214,unprocessed,,0,not_selected_or_gate_blocked
train-008215,unprocessed,,0,not_selected_or_gate_blocked
train-008216,unprocessed,,0,not_selected_or_gate_blocked
train-008217,unprocessed,,0,not_selected_or_gate_blocked
train-008218,unprocessed,,0,not_selected_or_gate_blocked
train-008219,unprocessed,,0,not_selected_or_gate_blocked
train-008221,unprocessed,,0,not_selected_or_gate_blocked
train-008223,unprocessed,,0,not_selected_or_gate_blocked
train-008224,unprocessed,,0,not_selected_or_gate_blocked
train-008225,unprocessed,,0,not_selected_or_gate_blocked
train-008226,unprocessed,,0,not_selected_or_gate_blocked
train-008228,unprocessed,,0,not_selected_or_gate_blocked
train-008230,unprocessed,,0,not_selected_or_gate_blocked
train-008232,unprocessed,,0,not_selected_or_gate_blocked
train-008234,unprocessed,,0,not_selected_or_gate_blocked
train-008235,unprocessed,,0,not_selected_or_gate_blocked
train-008236,unprocessed,,0,not_selected_or_gate_blocked
train-008237,unprocessed,,0,not_selected_or_gate_blocked
train-008238,unprocessed,,0,not_selected_or_gate_blocked
train-008239,unprocessed,,0,not_selected_or_gate_blocked
train-008241,unprocessed,,0,not_selected_or_gate_blocked
train-008243,unprocessed,,0,not_selected_or_gate_blocked
train-008245,unprocessed,,0,not_selected_or_gate_blocked
train-008247,unprocessed,,0,not_selected_or_gate_blocked
train-008248,unprocessed,,0,not_selected_or_gate_blocked
train-008250,unprocessed,,0,not_selected_or_gate_blocked
train-008251,unprocessed,,0,not_selected_or_gate_blocked
train-008252,unprocessed,,0,not_selected_or_gate_blocked
train-008253,unprocessed,,0,not_selected_or_gate_blocked
train-008254,unprocessed,,0,not_selected_or_gate_blocked
train-008256,unprocessed,,0,not_selected_or_gate_blocked
train-008257,unprocessed,,0,not_selected_or_gate_blocked
train-008258,unprocessed,,0,not_selected_or_gate_blocked
train-008259,unprocessed,,0,not_selected_or_gate_blocked
train-008260,unprocessed,,0,not_selected_or_gate_blocked
train-008261,unprocessed,,0,not_selected_or_gate_blocked
train-008263,unprocessed,,0,not_selected_or_gate_blocked
train-008264,unprocessed,,0,not_selected_or_gate_blocked
train-008266,unprocessed,,0,not_selected_or_gate_blocked
train-008267,unprocessed,,0,not_selected_or_gate_blocked
train-008268,unprocessed,,0,not_selected_or_gate_blocked
train-008269,unprocessed,,0,not_selected_or_gate_blocked
train-008270,unprocessed,,0,not_selected_or_gate_blocked
train-008272,unprocessed,,0,not_selected_or_gate_blocked
train-008273,unprocessed,,0,not_selected_or_gate_blocked
train-008274,unprocessed,,0,not_selected_or_gate_blocked
train-008276,unprocessed,,0,not_selected_or_gate_blocked
train-008278,unprocessed,,0,not_selected_or_gate_blocked
train-008279,unprocessed,,0,not_selected_or_gate_blocked
train-008281,unprocessed,,0,not_selected_or_gate_blocked
train-008282,unprocessed,,0,not_selected_or_gate_blocked
train-008283,unprocessed,,0,not_selected_or_gate_blocked
train-008284,unprocessed,,0,not_selected_or_gate_blocked
train-008286,unprocessed,,0,not_selected_or_gate_blocked
train-008287,unprocessed,,0,not_selected_or_gate_blocked
train-008289,unprocessed,,0,not_selected_or_gate_blocked
train-008290,unprocessed,,0,not_selected_or_gate_blocked
train-008291,unprocessed,,0,not_selected_or_gate_blocked
train-008292,unprocessed,,0,not_selected_or_gate_blocked
train-008293,unprocessed,,0,not_selected_or_gate_blocked
train-008294,unprocessed,,0,not_selected_or_gate_blocked
train-008295,unprocessed,,0,not_selected_or_gate_blocked
train-008297,unprocessed,,0,not_selected_or_gate_blocked
train-008298,unprocessed,,0,not_selected_or_gate_blocked
train-008299,unprocessed,,0,not_selected_or_gate_blocked
train-008300,unprocessed,,0,not_selected_or_gate_blocked
train-008301,unprocessed,,0,not_selected_or_gate_blocked
train-008302,unprocessed,,0,not_selected_or_gate_blocked
train-008305,unprocessed,,0,not_selected_or_gate_blocked
train-008306,unprocessed,,0,not_selected_or_gate_blocked
train-008307,unprocessed,,0,not_selected_or_gate_blocked
train-008308,unprocessed,,0,not_selected_or_gate_blocked
train-008309,unprocessed,,0,not_selected_or_gate_blocked
train-008312,unprocessed,,0,not_selected_or_gate_blocked
train-008313,unprocessed,,0,not_selected_or_gate_blocked
train-008315,unprocessed,,0,not_selected_or_gate_blocked
train-008316,unprocessed,,0,not_selected_or_gate_blocked
train-008318,unprocessed,,0,not_selected_or_gate_blocked
train-008319,unprocessed,,0,not_selected_or_gate_blocked
train-008320,unprocessed,,0,not_selected_or_gate_blocked
train-008321,unprocessed,,0,not_selected_or_gate_blocked
train-008323,unprocessed,,0,not_selected_or_gate_blocked
train-008324,unprocessed,,0,not_selected_or_gate_blocked
train-008326,unprocessed,,0,not_selected_or_gate_blocked
train-008327,unprocessed,,0,not_selected_or_gate_blocked
train-008328,unprocessed,,0,not_selected_or_gate_blocked
train-008330,unprocessed,,0,not_selected_or_gate_blocked
train-008331,unprocessed,,0,not_selected_or_gate_blocked
train-008333,unprocessed,,0,not_selected_or_gate_blocked
train-008334,unprocessed,,0,not_selected_or_gate_blocked
train-008336,unprocessed,,0,not_selected_or_gate_blocked
train-008338,unprocessed,,0,not_selected_or_gate_blocked
train-008341,unprocessed,,0,not_selected_or_gate_blocked
train-008342,unprocessed,,0,not_selected_or_gate_blocked
train-008344,unprocessed,,0,not_selected_or_gate_blocked
train-008345,unprocessed,,0,not_selected_or_gate_blocked
train-008347,unprocessed,,0,not_selected_or_gate_blocked
train-008348,unprocessed,,0,not_selected_or_gate_blocked
train-008349,unprocessed,,0,not_selected_or_gate_blocked
train-008350,unprocessed,,0,not_selected_or_gate_blocked
train-008351,unprocessed,,0,not_selected_or_gate_blocked
train-008353,unprocessed,,0,not_selected_or_gate_blocked
train-008354,unprocessed,,0,not_selected_or_gate_blocked
train-008357,unprocessed,,0,not_selected_or_gate_blocked
train-008359,unprocessed,,0,not_selected_or_gate_blocked
train-008360,unprocessed,,0,not_selected_or_gate_blocked
train-008362,unprocessed,,0,not_selected_or_gate_blocked
train-008363,unprocessed,,0,not_selected_or_gate_blocked
train-008364,unprocessed,,0,not_selected_or_gate_blocked
train-008368,unprocessed,,0,not_selected_or_gate_blocked
train-008370,unprocessed,,0,not_selected_or_gate_blocked
train-008371,unprocessed,,0,not_selected_or_gate_blocked
train-008374,unprocessed,,0,not_selected_or_gate_blocked
train-008375,unprocessed,,0,not_selected_or_gate_blocked
train-008377,unprocessed,,0,not_selected_or_gate_blocked
train-008378,unprocessed,,0,not_selected_or_gate_blocked
train-008380,unprocessed,,0,not_selected_or_gate_blocked
train-008382,unprocessed,,0,not_selected_or_gate_blocked
train-008383,unprocessed,,0,not_selected_or_gate_blocked
train-008384,unprocessed,,0,not_selected_or_gate_blocked
train-008386,unprocessed,,0,not_selected_or_gate_blocked
train-008387,unprocessed,,0,not_selected_or_gate_blocked
train-008389,unprocessed,,0,not_selected_or_gate_blocked
train-008391,unprocessed,,0,not_selected_or_gate_blocked
train-008393,unprocessed,,0,not_selected_or_gate_blocked
train-008395,unprocessed,,0,not_selected_or_gate_blocked
train-008396,unprocessed,,0,not_selected_or_gate_blocked
train-008397,unprocessed,,0,not_selected_or_gate_blocked
train-008398,unprocessed,,0,not_selected_or_gate_blocked
train-008399,unprocessed,,0,not_selected_or_gate_blocked
train-008401,unprocessed,,0,not_selected_or_gate_blocked
train-008402,unprocessed,,0,not_selected_or_gate_blocked
train-008403,unprocessed,,0,not_selected_or_gate_blocked
train-008404,unprocessed,,0,not_selected_or_gate_blocked
train-008406,unprocessed,,0,not_selected_or_gate_blocked
train-008407,unprocessed,,0,not_selected_or_gate_blocked
train-008408,unprocessed,,0,not_selected_or_gate_blocked
train-008409,unprocessed,,0,not_selected_or_gate_blocked
train-008411,unprocessed,,0,not_selected_or_gate_blocked
train-008412,unprocessed,,0,not_selected_or_gate_blocked
train-008413,unprocessed,,0,not_selected_or_gate_blocked
train-008416,unprocessed,,0,not_selected_or_gate_blocked
train-008418,unprocessed,,0,not_selected_or_gate_blocked
train-008419,unprocessed,,0,not_selected_or_gate_blocked
train-008421,unprocessed,,0,not_selected_or_gate_blocked
train-008422,unprocessed,,0,not_selected_or_gate_blocked
train-008428,unprocessed,,0,not_selected_or_gate_blocked
train-008429,unprocessed,,0,not_selected_or_gate_blocked
train-008430,unprocessed,,0,not_selected_or_gate_blocked
train-008431,unprocessed,,0,not_selected_or_gate_blocked
train-008433,unprocessed,,0,not_selected_or_gate_blocked
train-008434,unprocessed,,0,not_selected_or_gate_blocked
train-008435,unprocessed,,0,not_selected_or_gate_blocked
train-008436,unprocessed,,0,not_selected_or_gate_blocked
train-008440,unprocessed,,0,not_selected_or_gate_blocked
train-008441,unprocessed,,0,not_selected_or_gate_blocked
train-008442,unprocessed,,0,not_selected_or_gate_blocked
train-008443,unprocessed,,0,not_selected_or_gate_blocked
train-008444,unprocessed,,0,not_selected_or_gate_blocked
train-008446,unprocessed,,0,not_selected_or_gate_blocked
train-008447,unprocessed,,0,not_selected_or_gate_blocked
train-008449,unprocessed,,0,not_selected_or_gate_blocked
train-008450,unprocessed,,0,not_selected_or_gate_blocked
train-008451,unprocessed,,0,not_selected_or_gate_blocked
train-008452,unprocessed,,0,not_selected_or_gate_blocked
train-008453,unprocessed,,0,not_selected_or_gate_blocked
train-008454,unprocessed,,0,not_selected_or_gate_blocked
train-008455,unprocessed,,0,not_selected_or_gate_blocked
train-008456,unprocessed,,0,not_selected_or_gate_blocked
train-008458,unprocessed,,0,not_selected_or_gate_blocked
train-008459,unprocessed,,0,not_selected_or_gate_blocked
train-008460,unprocessed,,0,not_selected_or_gate_blocked
train-008461,unprocessed,,0,not_selected_or_gate_blocked
train-008462,unprocessed,,0,not_selected_or_gate_blocked
train-008463,unprocessed,,0,not_selected_or_gate_blocked
train-008464,unprocessed,,0,not_selected_or_gate_blocked
train-008466,unprocessed,,0,not_selected_or_gate_blocked
train-008467,unprocessed,,0,not_selected_or_gate_blocked
train-008469,unprocessed,,0,not_selected_or_gate_blocked
train-008470,unprocessed,,0,not_selected_or_gate_blocked
train-008471,unprocessed,,0,not_selected_or_gate_blocked
train-008472,unprocessed,,0,not_selected_or_gate_blocked
train-008473,unprocessed,,0,not_selected_or_gate_blocked
train-008475,unprocessed,,0,not_selected_or_gate_blocked
train-008476,unprocessed,,0,not_selected_or_gate_blocked
train-008477,unprocessed,,0,not_selected_or_gate_blocked
train-008478,unprocessed,,0,not_selected_or_gate_blocked
train-008479,unprocessed,,0,not_selected_or_gate_blocked
train-008480,unprocessed,,0,not_selected_or_gate_blocked
train-008481,unprocessed,,0,not_selected_or_gate_blocked
train-008482,unprocessed,,0,not_selected_or_gate_blocked
train-008484,unprocessed,,0,not_selected_or_gate_blocked
train-008485,unprocessed,,0,not_selected_or_gate_blocked
train-008486,unprocessed,,0,not_selected_or_gate_blocked
train-008488,unprocessed,,0,not_selected_or_gate_blocked
train-008489,unprocessed,,0,not_selected_or_gate_blocked
train-008490,unprocessed,,0,not_selected_or_gate_blocked
train-008491,unprocessed,,0,not_selected_or_gate_blocked
train-008492,unprocessed,,0,not_selected_or_gate_blocked
train-008493,unprocessed,,0,not_selected_or_gate_blocked
train-008495,unprocessed,,0,not_selected_or_gate_blocked
train-008497,unprocessed,,0,not_selected_or_gate_blocked
train-008501,unprocessed,,0,not_selected_or_gate_blocked
train-008502,unprocessed,,0,not_selected_or_gate_blocked
train-008503,unprocessed,,0,not_selected_or_gate_blocked
train-008504,unprocessed,,0,not_selected_or_gate_blocked
train-008505,unprocessed,,0,not_selected_or_gate_blocked
train-008507,unprocessed,,0,not_selected_or_gate_blocked
train-008509,unprocessed,,0,not_selected_or_gate_blocked
train-008510,unprocessed,,0,not_selected_or_gate_blocked
train-008511,unprocessed,,0,not_selected_or_gate_blocked
train-008513,unprocessed,,0,not_selected_or_gate_blocked
train-008515,unprocessed,,0,not_selected_or_gate_blocked
train-008516,unprocessed,,0,not_selected_or_gate_blocked
train-008517,unprocessed,,0,not_selected_or_gate_blocked
train-008518,unprocessed,,0,not_selected_or_gate_blocked
train-008522,unprocessed,,0,not_selected_or_gate_blocked
train-008523,unprocessed,,0,not_selected_or_gate_blocked
train-008524,unprocessed,,0,not_selected_or_gate_blocked
train-008525,unprocessed,,0,not_selected_or_gate_blocked
train-008526,unprocessed,,0,not_selected_or_gate_blocked
train-008528,unprocessed,,0,not_selected_or_gate_blocked
train-008529,unprocessed,,0,not_selected_or_gate_blocked
train-008531,unprocessed,,0,not_selected_or_gate_blocked
train-008533,unprocessed,,0,not_selected_or_gate_blocked
train-008534,unprocessed,,0,not_selected_or_gate_blocked
train-008537,unprocessed,,0,not_selected_or_gate_blocked
train-008538,unprocessed,,0,not_selected_or_gate_blocked
train-008539,unprocessed,,0,not_selected_or_gate_blocked
train-008540,unprocessed,,0,not_selected_or_gate_blocked
train-008541,unprocessed,,0,not_selected_or_gate_blocked
train-008542,unprocessed,,0,not_selected_or_gate_blocked
train-008543,unprocessed,,0,not_selected_or_gate_blocked
train-008545,unprocessed,,0,not_selected_or_gate_blocked
train-008546,unprocessed,,0,not_selected_or_gate_blocked
train-008548,unprocessed,,0,not_selected_or_gate_blocked
train-008549,unprocessed,,0,not_selected_or_gate_blocked
train-008552,unprocessed,,0,not_selected_or_gate_blocked
train-008553,unprocessed,,0,not_selected_or_gate_blocked
train-008554,unprocessed,,0,not_selected_or_gate_blocked
train-008555,unprocessed,,0,not_selected_or_gate_blocked
train-008557,unprocessed,,0,not_selected_or_gate_blocked
train-008558,unprocessed,,0,not_selected_or_gate_blocked
train-008559,unprocessed,,0,not_selected_or_gate_blocked
train-008560,unprocessed,,0,not_selected_or_gate_blocked
train-008562,unprocessed,,0,not_selected_or_gate_blocked
train-008564,unprocessed,,0,not_selected_or_gate_blocked
train-008565,unprocessed,,0,not_selected_or_gate_blocked
train-008566,unprocessed,,0,not_selected_or_gate_blocked
train-008567,unprocessed,,0,not_selected_or_gate_blocked
train-008568,unprocessed,,0,not_selected_or_gate_blocked
train-008570,unprocessed,,0,not_selected_or_gate_blocked
train-008571,unprocessed,,0,not_selected_or_gate_blocked
train-008572,unprocessed,,0,not_selected_or_gate_blocked
train-008573,unprocessed,,0,not_selected_or_gate_blocked
train-008578,unprocessed,,0,not_selected_or_gate_blocked
train-008579,unprocessed,,0,not_selected_or_gate_blocked
train-008580,unprocessed,,0,not_selected_or_gate_blocked
train-008582,unprocessed,,0,not_selected_or_gate_blocked
train-008585,unprocessed,,0,not_selected_or_gate_blocked
train-008587,unprocessed,,0,not_selected_or_gate_blocked
train-008589,unprocessed,,0,not_selected_or_gate_blocked
train-008592,unprocessed,,0,not_selected_or_gate_blocked
train-008593,unprocessed,,0,not_selected_or_gate_blocked
train-008595,unprocessed,,0,not_selected_or_gate_blocked
train-008596,unprocessed,,0,not_selected_or_gate_blocked
train-008597,unprocessed,,0,not_selected_or_gate_blocked
train-008600,unprocessed,,0,not_selected_or_gate_blocked
train-008601,unprocessed,,0,not_selected_or_gate_blocked
train-008602,unprocessed,,0,not_selected_or_gate_blocked
train-008603,unprocessed,,0,not_selected_or_gate_blocked
train-008604,unprocessed,,0,not_selected_or_gate_blocked
train-008605,unprocessed,,0,not_selected_or_gate_blocked
train-008607,unprocessed,,0,not_selected_or_gate_blocked
train-008609,unprocessed,,0,not_selected_or_gate_blocked
train-008610,unprocessed,,0,not_selected_or_gate_blocked
train-008611,unprocessed,,0,not_selected_or_gate_blocked
train-008612,unprocessed,,0,not_selected_or_gate_blocked
train-008613,unprocessed,,0,not_selected_or_gate_blocked
train-008614,unprocessed,,0,not_selected_or_gate_blocked
train-008615,unprocessed,,0,not_selected_or_gate_blocked
train-008616,unprocessed,,0,not_selected_or_gate_blocked
train-008617,unprocessed,,0,not_selected_or_gate_blocked
train-008619,unprocessed,,0,not_selected_or_gate_blocked
train-008620,unprocessed,,0,not_selected_or_gate_blocked
train-008623,unprocessed,,0,not_selected_or_gate_blocked
train-008624,unprocessed,,0,not_selected_or_gate_blocked
train-008625,unprocessed,,0,not_selected_or_gate_blocked
train-008626,unprocessed,,0,not_selected_or_gate_blocked
train-008628,unprocessed,,0,not_selected_or_gate_blocked
train-008629,unprocessed,,0,not_selected_or_gate_blocked
train-008630,unprocessed,,0,not_selected_or_gate_blocked
train-008632,unprocessed,,0,not_selected_or_gate_blocked
train-008633,unprocessed,,0,not_selected_or_gate_blocked
train-008634,unprocessed,,0,not_selected_or_gate_blocked
train-008636,unprocessed,,0,not_selected_or_gate_blocked
train-008637,unprocessed,,0,not_selected_or_gate_blocked
train-008638,unprocessed,,0,not_selected_or_gate_blocked
train-008641,unprocessed,,0,not_selected_or_gate_blocked
train-008642,unprocessed,,0,not_selected_or_gate_blocked
train-008643,unprocessed,,0,not_selected_or_gate_blocked
train-008644,unprocessed,,0,not_selected_or_gate_blocked
train-008645,unprocessed,,0,not_selected_or_gate_blocked
train-008647,unprocessed,,0,not_selected_or_gate_blocked
train-008648,unprocessed,,0,not_selected_or_gate_blocked
train-008650,unprocessed,,0,not_selected_or_gate_blocked
train-008652,unprocessed,,0,not_selected_or_gate_blocked
train-008653,unprocessed,,0,not_selected_or_gate_blocked
train-008654,unprocessed,,0,not_selected_or_gate_blocked
train-008655,unprocessed,,0,not_selected_or_gate_blocked
train-008656,unprocessed,,0,not_selected_or_gate_blocked
train-008657,unprocessed,,0,not_selected_or_gate_blocked
train-008658,unprocessed,,0,not_selected_or_gate_blocked
train-008659,unprocessed,,0,not_selected_or_gate_blocked
train-008663,unprocessed,,0,not_selected_or_gate_blocked
train-008664,unprocessed,,0,not_selected_or_gate_blocked
train-008665,unprocessed,,0,not_selected_or_gate_blocked
train-008667,unprocessed,,0,not_selected_or_gate_blocked
train-008668,unprocessed,,0,not_selected_or_gate_blocked
train-008669,unprocessed,,0,not_selected_or_gate_blocked
train-008671,unprocessed,,0,not_selected_or_gate_blocked
train-008672,unprocessed,,0,not_selected_or_gate_blocked
train-008674,unprocessed,,0,not_selected_or_gate_blocked
train-008675,unprocessed,,0,not_selected_or_gate_blocked
train-008676,unprocessed,,0,not_selected_or_gate_blocked
train-008678,unprocessed,,0,not_selected_or_gate_blocked
train-008679,unprocessed,,0,not_selected_or_gate_blocked
train-008682,unprocessed,,0,not_selected_or_gate_blocked
train-008683,unprocessed,,0,not_selected_or_gate_blocked
train-008684,unprocessed,,0,not_selected_or_gate_blocked
train-008686,unprocessed,,0,not_selected_or_gate_blocked
train-008687,unprocessed,,0,not_selected_or_gate_blocked
train-008688,unprocessed,,0,not_selected_or_gate_blocked
train-008689,unprocessed,,0,not_selected_or_gate_blocked
train-008690,unprocessed,,0,not_selected_or_gate_blocked
train-008691,unprocessed,,0,not_selected_or_gate_blocked
train-008693,unprocessed,,0,not_selected_or_gate_blocked
train-008694,unprocessed,,0,not_selected_or_gate_blocked
train-008695,unprocessed,,0,not_selected_or_gate_blocked
train-008696,unprocessed,,0,not_selected_or_gate_blocked
train-008697,unprocessed,,0,not_selected_or_gate_blocked
train-008698,unprocessed,,0,not_selected_or_gate_blocked
train-008699,unprocessed,,0,not_selected_or_gate_blocked
train-008701,unprocessed,,0,not_selected_or_gate_blocked
train-008702,unprocessed,,0,not_selected_or_gate_blocked
train-008703,unprocessed,,0,not_selected_or_gate_blocked
train-008704,unprocessed,,0,not_selected_or_gate_blocked
train-008706,unprocessed,,0,not_selected_or_gate_blocked
train-008707,unprocessed,,0,not_selected_or_gate_blocked
train-008710,unprocessed,,0,not_selected_or_gate_blocked
train-008711,unprocessed,,0,not_selected_or_gate_blocked
train-008712,unprocessed,,0,not_selected_or_gate_blocked
train-008713,unprocessed,,0,not_selected_or_gate_blocked
train-008714,unprocessed,,0,not_selected_or_gate_blocked
train-008716,unprocessed,,0,not_selected_or_gate_blocked
train-008717,unprocessed,,0,not_selected_or_gate_blocked
train-008719,unprocessed,,0,not_selected_or_gate_blocked
train-008720,unprocessed,,0,not_selected_or_gate_blocked
train-008721,unprocessed,,0,not_selected_or_gate_blocked
train-008722,unprocessed,,0,not_selected_or_gate_blocked
train-008723,unprocessed,,0,not_selected_or_gate_blocked
train-008724,unprocessed,,0,not_selected_or_gate_blocked
train-008725,unprocessed,,0,not_selected_or_gate_blocked
train-008726,unprocessed,,0,not_selected_or_gate_blocked
train-008727,unprocessed,,0,not_selected_or_gate_blocked
train-008728,unprocessed,,0,not_selected_or_gate_blocked
train-008729,unprocessed,,0,not_selected_or_gate_blocked
train-008730,unprocessed,,0,not_selected_or_gate_blocked
train-008732,unprocessed,,0,not_selected_or_gate_blocked
train-008733,unprocessed,,0,not_selected_or_gate_blocked
train-008734,unprocessed,,0,not_selected_or_gate_blocked
train-008735,unprocessed,,0,not_selected_or_gate_blocked
train-008738,unprocessed,,0,not_selected_or_gate_blocked
train-008744,unprocessed,,0,not_selected_or_gate_blocked
train-008745,unprocessed,,0,not_selected_or_gate_blocked
train-008746,unprocessed,,0,not_selected_or_gate_blocked
train-008747,unprocessed,,0,not_selected_or_gate_blocked
train-008748,unprocessed,,0,not_selected_or_gate_blocked
train-008749,unprocessed,,0,not_selected_or_gate_blocked
train-008750,unprocessed,,0,not_selected_or_gate_blocked
train-008752,unprocessed,,0,not_selected_or_gate_blocked
train-008756,unprocessed,,0,not_selected_or_gate_blocked
train-008758,unprocessed,,0,not_selected_or_gate_blocked
train-008759,unprocessed,,0,not_selected_or_gate_blocked
train-008761,unprocessed,,0,not_selected_or_gate_blocked
train-008762,unprocessed,,0,not_selected_or_gate_blocked
train-008763,unprocessed,,0,not_selected_or_gate_blocked
train-008764,unprocessed,,0,not_selected_or_gate_blocked
train-008765,unprocessed,,0,not_selected_or_gate_blocked
train-008766,unprocessed,,0,not_selected_or_gate_blocked
train-008767,unprocessed,,0,not_selected_or_gate_blocked
train-008768,unprocessed,,0,not_selected_or_gate_blocked
train-008770,unprocessed,,0,not_selected_or_gate_blocked
train-008771,unprocessed,,0,not_selected_or_gate_blocked
train-008773,unprocessed,,0,not_selected_or_gate_blocked
train-008774,unprocessed,,0,not_selected_or_gate_blocked
train-008776,unprocessed,,0,not_selected_or_gate_blocked
train-008777,unprocessed,,0,not_selected_or_gate_blocked
train-008778,unprocessed,,0,not_selected_or_gate_blocked
train-008779,unprocessed,,0,not_selected_or_gate_blocked
train-008780,unprocessed,,0,not_selected_or_gate_blocked
train-008781,unprocessed,,0,not_selected_or_gate_blocked
train-008782,unprocessed,,0,not_selected_or_gate_blocked
train-008783,unprocessed,,0,not_selected_or_gate_blocked
train-008784,unprocessed,,0,not_selected_or_gate_blocked
train-008786,unprocessed,,0,not_selected_or_gate_blocked
train-008787,unprocessed,,0,not_selected_or_gate_blocked
train-008788,unprocessed,,0,not_selected_or_gate_blocked
train-008790,unprocessed,,0,not_selected_or_gate_blocked
train-008791,unprocessed,,0,not_selected_or_gate_blocked
train-008792,unprocessed,,0,not_selected_or_gate_blocked
train-008793,unprocessed,,0,not_selected_or_gate_blocked
train-008794,unprocessed,,0,not_selected_or_gate_blocked
train-008795,unprocessed,,0,not_selected_or_gate_blocked
train-008796,unprocessed,,0,not_selected_or_gate_blocked
train-008798,unprocessed,,0,not_selected_or_gate_blocked
train-008799,unprocessed,,0,not_selected_or_gate_blocked
train-008800,unprocessed,,0,not_selected_or_gate_blocked
train-008801,unprocessed,,0,not_selected_or_gate_blocked
train-008803,unprocessed,,0,not_selected_or_gate_blocked
train-008804,unprocessed,,0,not_selected_or_gate_blocked
train-008806,unprocessed,,0,not_selected_or_gate_blocked
train-008807,unprocessed,,0,not_selected_or_gate_blocked
train-008809,unprocessed,,0,not_selected_or_gate_blocked
train-008811,unprocessed,,0,not_selected_or_gate_blocked
train-008812,unprocessed,,0,not_selected_or_gate_blocked
train-008813,unprocessed,,0,not_selected_or_gate_blocked
train-008814,unprocessed,,0,not_selected_or_gate_blocked
train-008816,unprocessed,,0,not_selected_or_gate_blocked
train-008817,unprocessed,,0,not_selected_or_gate_blocked
train-008818,unprocessed,,0,not_selected_or_gate_blocked
train-008819,unprocessed,,0,not_selected_or_gate_blocked
train-008820,unprocessed,,0,not_selected_or_gate_blocked
train-008821,unprocessed,,0,not_selected_or_gate_blocked
train-008823,unprocessed,,0,not_selected_or_gate_blocked
train-008824,unprocessed,,0,not_selected_or_gate_blocked
train-008826,unprocessed,,0,not_selected_or_gate_blocked
train-008827,unprocessed,,0,not_selected_or_gate_blocked
train-008828,unprocessed,,0,not_selected_or_gate_blocked
train-008830,unprocessed,,0,not_selected_or_gate_blocked
train-008831,unprocessed,,0,not_selected_or_gate_blocked
train-008833,unprocessed,,0,not_selected_or_gate_blocked
train-008835,unprocessed,,0,not_selected_or_gate_blocked
train-008837,unprocessed,,0,not_selected_or_gate_blocked
train-008838,unprocessed,,0,not_selected_or_gate_blocked
train-008839,unprocessed,,0,not_selected_or_gate_blocked
train-008840,unprocessed,,0,not_selected_or_gate_blocked
train-008841,unprocessed,,0,not_selected_or_gate_blocked
train-008843,unprocessed,,0,not_selected_or_gate_blocked
train-008844,unprocessed,,0,not_selected_or_gate_blocked
train-008845,unprocessed,,0,not_selected_or_gate_blocked
train-008847,unprocessed,,0,not_selected_or_gate_blocked
train-008848,unprocessed,,0,not_selected_or_gate_blocked
train-008849,unprocessed,,0,not_selected_or_gate_blocked
train-008850,unprocessed,,0,not_selected_or_gate_blocked
train-008852,unprocessed,,0,not_selected_or_gate_blocked
train-008853,unprocessed,,0,not_selected_or_gate_blocked
train-008854,unprocessed,,0,not_selected_or_gate_blocked
train-008855,unprocessed,,0,not_selected_or_gate_blocked
train-008856,unprocessed,,0,not_selected_or_gate_blocked
train-008857,unprocessed,,0,not_selected_or_gate_blocked
train-008858,unprocessed,,0,not_selected_or_gate_blocked
train-008859,unprocessed,,0,not_selected_or_gate_blocked
train-008860,unprocessed,,0,not_selected_or_gate_blocked
train-008862,unprocessed,,0,not_selected_or_gate_blocked
train-008864,unprocessed,,0,not_selected_or_gate_blocked
train-008866,unprocessed,,0,not_selected_or_gate_blocked
train-008868,unprocessed,,0,not_selected_or_gate_blocked
train-008870,unprocessed,,0,not_selected_or_gate_blocked
train-008871,unprocessed,,0,not_selected_or_gate_blocked
train-008872,unprocessed,,0,not_selected_or_gate_blocked
train-008873,unprocessed,,0,not_selected_or_gate_blocked
train-008875,unprocessed,,0,not_selected_or_gate_blocked
train-008876,unprocessed,,0,not_selected_or_gate_blocked
train-008877,unprocessed,,0,not_selected_or_gate_blocked
train-008879,unprocessed,,0,not_selected_or_gate_blocked
train-008881,unprocessed,,0,not_selected_or_gate_blocked
train-008882,unprocessed,,0,not_selected_or_gate_blocked
train-008883,unprocessed,,0,not_selected_or_gate_blocked
train-008885,unprocessed,,0,not_selected_or_gate_blocked
train-008886,unprocessed,,0,not_selected_or_gate_blocked
train-008887,unprocessed,,0,not_selected_or_gate_blocked
train-008888,unprocessed,,0,not_selected_or_gate_blocked
train-008889,unprocessed,,0,not_selected_or_gate_blocked
train-008891,unprocessed,,0,not_selected_or_gate_blocked
train-008892,unprocessed,,0,not_selected_or_gate_blocked
train-008895,unprocessed,,0,not_selected_or_gate_blocked
train-008896,unprocessed,,0,not_selected_or_gate_blocked
train-008897,unprocessed,,0,not_selected_or_gate_blocked
train-008899,unprocessed,,0,not_selected_or_gate_blocked
train-008900,unprocessed,,0,not_selected_or_gate_blocked
train-008901,unprocessed,,0,not_selected_or_gate_blocked
train-008904,unprocessed,,0,not_selected_or_gate_blocked
train-008905,unprocessed,,0,not_selected_or_gate_blocked
train-008906,unprocessed,,0,not_selected_or_gate_blocked
train-008907,unprocessed,,0,not_selected_or_gate_blocked
train-008908,unprocessed,,0,not_selected_or_gate_blocked
train-008909,unprocessed,,0,not_selected_or_gate_blocked
train-008910,unprocessed,,0,not_selected_or_gate_blocked
train-008911,unprocessed,,0,not_selected_or_gate_blocked
train-008913,unprocessed,,0,not_selected_or_gate_blocked
train-008914,unprocessed,,0,not_selected_or_gate_blocked
train-008915,unprocessed,,0,not_selected_or_gate_blocked
train-008919,unprocessed,,0,not_selected_or_gate_blocked
train-008920,unprocessed,,0,not_selected_or_gate_blocked
train-008921,unprocessed,,0,not_selected_or_gate_blocked
train-008922,unprocessed,,0,not_selected_or_gate_blocked
train-008923,unprocessed,,0,not_selected_or_gate_blocked
train-008924,unprocessed,,0,not_selected_or_gate_blocked
train-008925,unprocessed,,0,not_selected_or_gate_blocked
train-008926,unprocessed,,0,not_selected_or_gate_blocked
train-008928,unprocessed,,0,not_selected_or_gate_blocked
train-008929,unprocessed,,0,not_selected_or_gate_blocked
train-008930,unprocessed,,0,not_selected_or_gate_blocked
train-008931,unprocessed,,0,not_selected_or_gate_blocked
train-008932,unprocessed,,0,not_selected_or_gate_blocked
train-008933,unprocessed,,0,not_selected_or_gate_blocked
train-008934,unprocessed,,0,not_selected_or_gate_blocked
train-008935,unprocessed,,0,not_selected_or_gate_blocked
train-008937,unprocessed,,0,not_selected_or_gate_blocked
train-008938,unprocessed,,0,not_selected_or_gate_blocked
train-008939,unprocessed,,0,not_selected_or_gate_blocked
train-008941,unprocessed,,0,not_selected_or_gate_blocked
train-008942,unprocessed,,0,not_selected_or_gate_blocked
train-008944,unprocessed,,0,not_selected_or_gate_blocked
train-008946,unprocessed,,0,not_selected_or_gate_blocked
train-008947,unprocessed,,0,not_selected_or_gate_blocked
train-008949,unprocessed,,0,not_selected_or_gate_blocked
train-008952,unprocessed,,0,not_selected_or_gate_blocked
train-008955,unprocessed,,0,not_selected_or_gate_blocked
train-008956,unprocessed,,0,not_selected_or_gate_blocked
train-008957,unprocessed,,0,not_selected_or_gate_blocked
train-008959,unprocessed,,0,not_selected_or_gate_blocked
train-008961,unprocessed,,0,not_selected_or_gate_blocked
train-008962,unprocessed,,0,not_selected_or_gate_blocked
train-008963,unprocessed,,0,not_selected_or_gate_blocked
train-008965,unprocessed,,0,not_selected_or_gate_blocked
train-008966,unprocessed,,0,not_selected_or_gate_blocked
train-008968,unprocessed,,0,not_selected_or_gate_blocked
train-008971,unprocessed,,0,not_selected_or_gate_blocked
train-008972,unprocessed,,0,not_selected_or_gate_blocked
train-008973,unprocessed,,0,not_selected_or_gate_blocked
train-008975,unprocessed,,0,not_selected_or_gate_blocked
train-008976,unprocessed,,0,not_selected_or_gate_blocked
train-008977,unprocessed,,0,not_selected_or_gate_blocked
train-008978,unprocessed,,0,not_selected_or_gate_blocked
train-008981,unprocessed,,0,not_selected_or_gate_blocked
train-008982,unprocessed,,0,not_selected_or_gate_blocked
train-008984,unprocessed,,0,not_selected_or_gate_blocked
train-008985,unprocessed,,0,not_selected_or_gate_blocked
train-008986,unprocessed,,0,not_selected_or_gate_blocked
train-008987,unprocessed,,0,not_selected_or_gate_blocked
train-008989,unprocessed,,0,not_selected_or_gate_blocked
train-008991,unprocessed,,0,not_selected_or_gate_blocked
train-008992,unprocessed,,0,not_selected_or_gate_blocked
train-008993,unprocessed,,0,not_selected_or_gate_blocked
train-008994,unprocessed,,0,not_selected_or_gate_blocked
train-008995,unprocessed,,0,not_selected_or_gate_blocked
train-008997,unprocessed,,0,not_selected_or_gate_blocked
train-008998,unprocessed,,0,not_selected_or_gate_blocked
train-008999,unprocessed,,0,not_selected_or_gate_blocked
train-009000,unprocessed,,0,not_selected_or_gate_blocked
train-009004,unprocessed,,0,not_selected_or_gate_blocked
train-009005,unprocessed,,0,not_selected_or_gate_blocked
train-009007,unprocessed,,0,not_selected_or_gate_blocked
train-009008,unprocessed,,0,not_selected_or_gate_blocked
train-009010,unprocessed,,0,not_selected_or_gate_blocked
train-009012,unprocessed,,0,not_selected_or_gate_blocked
train-009014,unprocessed,,0,not_selected_or_gate_blocked
train-009015,unprocessed,,0,not_selected_or_gate_blocked
train-009018,unprocessed,,0,not_selected_or_gate_blocked
train-009020,unprocessed,,0,not_selected_or_gate_blocked
train-009021,unprocessed,,0,not_selected_or_gate_blocked
train-009022,unprocessed,,0,not_selected_or_gate_blocked
train-009024,unprocessed,,0,not_selected_or_gate_blocked
train-009025,unprocessed,,0,not_selected_or_gate_blocked
train-009029,unprocessed,,0,not_selected_or_gate_blocked
train-009030,unprocessed,,0,not_selected_or_gate_blocked
train-009031,unprocessed,,0,not_selected_or_gate_blocked
train-009033,unprocessed,,0,not_selected_or_gate_blocked
train-009034,unprocessed,,0,not_selected_or_gate_blocked
train-009036,unprocessed,,0,not_selected_or_gate_blocked
train-009037,unprocessed,,0,not_selected_or_gate_blocked
train-009038,unprocessed,,0,not_selected_or_gate_blocked
train-009039,unprocessed,,0,not_selected_or_gate_blocked
train-009041,unprocessed,,0,not_selected_or_gate_blocked
train-009043,unprocessed,,0,not_selected_or_gate_blocked
train-009044,unprocessed,,0,not_selected_or_gate_blocked
train-009045,unprocessed,,0,not_selected_or_gate_blocked
train-009046,unprocessed,,0,not_selected_or_gate_blocked
train-009047,unprocessed,,0,not_selected_or_gate_blocked
train-009048,unprocessed,,0,not_selected_or_gate_blocked
train-009049,unprocessed,,0,not_selected_or_gate_blocked
train-009050,unprocessed,,0,not_selected_or_gate_blocked
train-009051,unprocessed,,0,not_selected_or_gate_blocked
train-009052,unprocessed,,0,not_selected_or_gate_blocked
train-009053,unprocessed,,0,not_selected_or_gate_blocked
train-009057,unprocessed,,0,not_selected_or_gate_blocked
train-009058,unprocessed,,0,not_selected_or_gate_blocked
train-009060,unprocessed,,0,not_selected_or_gate_blocked
train-009061,unprocessed,,0,not_selected_or_gate_blocked
train-009062,unprocessed,,0,not_selected_or_gate_blocked
train-009063,unprocessed,,0,not_selected_or_gate_blocked
train-009064,unprocessed,,0,not_selected_or_gate_blocked
train-009067,unprocessed,,0,not_selected_or_gate_blocked
train-009068,unprocessed,,0,not_selected_or_gate_blocked
train-009069,unprocessed,,0,not_selected_or_gate_blocked
train-009071,unprocessed,,0,not_selected_or_gate_blocked
train-009072,unprocessed,,0,not_selected_or_gate_blocked
train-009074,unprocessed,,0,not_selected_or_gate_blocked
train-009078,unprocessed,,0,not_selected_or_gate_blocked
train-009080,unprocessed,,0,not_selected_or_gate_blocked
train-009082,unprocessed,,0,not_selected_or_gate_blocked
train-009084,unprocessed,,0,not_selected_or_gate_blocked
train-009085,unprocessed,,0,not_selected_or_gate_blocked
train-009086,unprocessed,,0,not_selected_or_gate_blocked
train-009087,unprocessed,,0,not_selected_or_gate_blocked
train-009088,unprocessed,,0,not_selected_or_gate_blocked
train-009089,unprocessed,,0,not_selected_or_gate_blocked
train-009090,unprocessed,,0,not_selected_or_gate_blocked
train-009091,unprocessed,,0,not_selected_or_gate_blocked
train-009092,unprocessed,,0,not_selected_or_gate_blocked
train-009093,unprocessed,,0,not_selected_or_gate_blocked
train-009094,unprocessed,,0,not_selected_or_gate_blocked
train-009095,unprocessed,,0,not_selected_or_gate_blocked
train-009096,unprocessed,,0,not_selected_or_gate_blocked
train-009097,unprocessed,,0,not_selected_or_gate_blocked
train-009098,unprocessed,,0,not_selected_or_gate_blocked
train-009099,unprocessed,,0,not_selected_or_gate_blocked
train-009100,unprocessed,,0,not_selected_or_gate_blocked
train-009101,unprocessed,,0,not_selected_or_gate_blocked
train-009102,unprocessed,,0,not_selected_or_gate_blocked
train-009105,unprocessed,,0,not_selected_or_gate_blocked
train-009107,unprocessed,,0,not_selected_or_gate_blocked
train-009108,unprocessed,,0,not_selected_or_gate_blocked
train-009111,unprocessed,,0,not_selected_or_gate_blocked
train-009112,unprocessed,,0,not_selected_or_gate_blocked
train-009116,unprocessed,,0,not_selected_or_gate_blocked
train-009119,unprocessed,,0,not_selected_or_gate_blocked
train-009123,unprocessed,,0,not_selected_or_gate_blocked
train-009124,unprocessed,,0,not_selected_or_gate_blocked
train-009127,unprocessed,,0,not_selected_or_gate_blocked
train-009128,unprocessed,,0,not_selected_or_gate_blocked
train-009129,unprocessed,,0,not_selected_or_gate_blocked
train-009131,unprocessed,,0,not_selected_or_gate_blocked
train-009133,unprocessed,,0,not_selected_or_gate_blocked
train-009134,unprocessed,,0,not_selected_or_gate_blocked
train-009135,unprocessed,,0,not_selected_or_gate_blocked
train-009136,unprocessed,,0,not_selected_or_gate_blocked
train-009137,unprocessed,,0,not_selected_or_gate_blocked
train-009138,unprocessed,,0,not_selected_or_gate_blocked
train-009141,unprocessed,,0,not_selected_or_gate_blocked
train-009145,unprocessed,,0,not_selected_or_gate_blocked
train-009146,unprocessed,,0,not_selected_or_gate_blocked
train-009147,unprocessed,,0,not_selected_or_gate_blocked
train-009148,unprocessed,,0,not_selected_or_gate_blocked
train-009149,unprocessed,,0,not_selected_or_gate_blocked
train-009150,unprocessed,,0,not_selected_or_gate_blocked
train-009151,unprocessed,,0,not_selected_or_gate_blocked
train-009152,unprocessed,,0,not_selected_or_gate_blocked
train-009153,unprocessed,,0,not_selected_or_gate_blocked
train-009154,unprocessed,,0,not_selected_or_gate_blocked
train-009156,unprocessed,,0,not_selected_or_gate_blocked
train-009158,unprocessed,,0,not_selected_or_gate_blocked
train-009159,unprocessed,,0,not_selected_or_gate_blocked
train-009160,unprocessed,,0,not_selected_or_gate_blocked
train-009161,unprocessed,,0,not_selected_or_gate_blocked
train-009162,unprocessed,,0,not_selected_or_gate_blocked
train-009163,unprocessed,,0,not_selected_or_gate_blocked
train-009164,unprocessed,,0,not_selected_or_gate_blocked
train-009166,unprocessed,,0,not_selected_or_gate_blocked
train-009167,unprocessed,,0,not_selected_or_gate_blocked
train-009168,unprocessed,,0,not_selected_or_gate_blocked
train-009169,unprocessed,,0,not_selected_or_gate_blocked
train-009170,unprocessed,,0,not_selected_or_gate_blocked
train-009171,unprocessed,,0,not_selected_or_gate_blocked
train-009175,unprocessed,,0,not_selected_or_gate_blocked
train-009177,unprocessed,,0,not_selected_or_gate_blocked
train-009178,unprocessed,,0,not_selected_or_gate_blocked
train-009179,unprocessed,,0,not_selected_or_gate_blocked
train-009180,unprocessed,,0,not_selected_or_gate_blocked
train-009181,unprocessed,,0,not_selected_or_gate_blocked
train-009182,unprocessed,,0,not_selected_or_gate_blocked
train-009183,unprocessed,,0,not_selected_or_gate_blocked
train-009184,unprocessed,,0,not_selected_or_gate_blocked
train-009185,unprocessed,,0,not_selected_or_gate_blocked
train-009186,unprocessed,,0,not_selected_or_gate_blocked
train-009187,unprocessed,,0,not_selected_or_gate_blocked
train-009188,unprocessed,,0,not_selected_or_gate_blocked
train-009190,unprocessed,,0,not_selected_or_gate_blocked
train-009191,unprocessed,,0,not_selected_or_gate_blocked
train-009192,unprocessed,,0,not_selected_or_gate_blocked
train-009193,unprocessed,,0,not_selected_or_gate_blocked
train-009198,unprocessed,,0,not_selected_or_gate_blocked
train-009200,unprocessed,,0,not_selected_or_gate_blocked
train-009201,unprocessed,,0,not_selected_or_gate_blocked
train-009202,unprocessed,,0,not_selected_or_gate_blocked
train-009203,unprocessed,,0,not_selected_or_gate_blocked
train-009204,unprocessed,,0,not_selected_or_gate_blocked
train-009205,unprocessed,,0,not_selected_or_gate_blocked
train-009206,unprocessed,,0,not_selected_or_gate_blocked
train-009207,unprocessed,,0,not_selected_or_gate_blocked
train-009208,unprocessed,,0,not_selected_or_gate_blocked
train-009209,unprocessed,,0,not_selected_or_gate_blocked
train-009211,unprocessed,,0,not_selected_or_gate_blocked
train-009212,unprocessed,,0,not_selected_or_gate_blocked
train-009213,unprocessed,,0,not_selected_or_gate_blocked
train-009214,unprocessed,,0,not_selected_or_gate_blocked
train-009215,unprocessed,,0,not_selected_or_gate_blocked
train-009216,unprocessed,,0,not_selected_or_gate_blocked
train-009218,unprocessed,,0,not_selected_or_gate_blocked
train-009219,unprocessed,,0,not_selected_or_gate_blocked
train-009221,unprocessed,,0,not_selected_or_gate_blocked
train-009222,unprocessed,,0,not_selected_or_gate_blocked
train-009223,unprocessed,,0,not_selected_or_gate_blocked
train-009224,unprocessed,,0,not_selected_or_gate_blocked
train-009225,unprocessed,,0,not_selected_or_gate_blocked
train-009227,unprocessed,,0,not_selected_or_gate_blocked
train-009228,unprocessed,,0,not_selected_or_gate_blocked
train-009229,unprocessed,,0,not_selected_or_gate_blocked
train-009233,unprocessed,,0,not_selected_or_gate_blocked
train-009234,unprocessed,,0,not_selected_or_gate_blocked
train-009235,unprocessed,,0,not_selected_or_gate_blocked
train-009236,unprocessed,,0,not_selected_or_gate_blocked
train-009237,unprocessed,,0,not_selected_or_gate_blocked
train-009238,unprocessed,,0,not_selected_or_gate_blocked
train-009239,unprocessed,,0,not_selected_or_gate_blocked
train-009240,unprocessed,,0,not_selected_or_gate_blocked
train-009241,unprocessed,,0,not_selected_or_gate_blocked
train-009242,unprocessed,,0,not_selected_or_gate_blocked
train-009243,unprocessed,,0,not_selected_or_gate_blocked
train-009244,unprocessed,,0,not_selected_or_gate_blocked
train-009245,unprocessed,,0,not_selected_or_gate_blocked
train-009246,unprocessed,,0,not_selected_or_gate_blocked
train-009248,unprocessed,,0,not_selected_or_gate_blocked
train-009249,unprocessed,,0,not_selected_or_gate_blocked
train-009251,unprocessed,,0,not_selected_or_gate_blocked
train-009252,unprocessed,,0,not_selected_or_gate_blocked
train-009253,unprocessed,,0,not_selected_or_gate_blocked
train-009254,unprocessed,,0,not_selected_or_gate_blocked
train-009255,unprocessed,,0,not_selected_or_gate_blocked
train-009257,unprocessed,,0,not_selected_or_gate_blocked
train-009258,unprocessed,,0,not_selected_or_gate_blocked
train-009259,unprocessed,,0,not_selected_or_gate_blocked
train-009260,unprocessed,,0,not_selected_or_gate_blocked
train-009261,unprocessed,,0,not_selected_or_gate_blocked
train-009262,unprocessed,,0,not_selected_or_gate_blocked
train-009263,unprocessed,,0,not_selected_or_gate_blocked
train-009264,unprocessed,,0,not_selected_or_gate_blocked
train-009265,unprocessed,,0,not_selected_or_gate_blocked
train-009266,unprocessed,,0,not_selected_or_gate_blocked
train-009268,unprocessed,,0,not_selected_or_gate_blocked
train-009269,unprocessed,,0,not_selected_or_gate_blocked
train-009270,unprocessed,,0,not_selected_or_gate_blocked
train-009271,unprocessed,,0,not_selected_or_gate_blocked
train-009272,unprocessed,,0,not_selected_or_gate_blocked
train-009273,unprocessed,,0,not_selected_or_gate_blocked
train-009274,unprocessed,,0,not_selected_or_gate_blocked
train-009277,unprocessed,,0,not_selected_or_gate_blocked
train-009278,unprocessed,,0,not_selected_or_gate_blocked
train-009279,unprocessed,,0,not_selected_or_gate_blocked
train-009280,unprocessed,,0,not_selected_or_gate_blocked
train-009281,unprocessed,,0,not_selected_or_gate_blocked
train-009282,unprocessed,,0,not_selected_or_gate_blocked
train-009284,unprocessed,,0,not_selected_or_gate_blocked
train-009285,unprocessed,,0,not_selected_or_gate_blocked
train-009287,unprocessed,,0,not_selected_or_gate_blocked
train-009288,unprocessed,,0,not_selected_or_gate_blocked
train-009291,unprocessed,,0,not_selected_or_gate_blocked
train-009292,unprocessed,,0,not_selected_or_gate_blocked
train-009294,unprocessed,,0,not_selected_or_gate_blocked
train-009295,unprocessed,,0,not_selected_or_gate_blocked
train-009297,unprocessed,,0,not_selected_or_gate_blocked
train-009298,unprocessed,,0,not_selected_or_gate_blocked
train-009300,unprocessed,,0,not_selected_or_gate_blocked
train-009301,unprocessed,,0,not_selected_or_gate_blocked
train-009303,unprocessed,,0,not_selected_or_gate_blocked
train-009304,unprocessed,,0,not_selected_or_gate_blocked
train-009305,unprocessed,,0,not_selected_or_gate_blocked
train-009306,unprocessed,,0,not_selected_or_gate_blocked
train-009309,unprocessed,,0,not_selected_or_gate_blocked
train-009311,unprocessed,,0,not_selected_or_gate_blocked
train-009313,unprocessed,,0,not_selected_or_gate_blocked
train-009315,unprocessed,,0,not_selected_or_gate_blocked
train-009316,unprocessed,,0,not_selected_or_gate_blocked
train-009317,unprocessed,,0,not_selected_or_gate_blocked
train-009319,unprocessed,,0,not_selected_or_gate_blocked
train-009320,unprocessed,,0,not_selected_or_gate_blocked
train-009321,unprocessed,,0,not_selected_or_gate_blocked
train-009323,unprocessed,,0,not_selected_or_gate_blocked
train-009324,unprocessed,,0,not_selected_or_gate_blocked
train-009325,unprocessed,,0,not_selected_or_gate_blocked
train-009327,unprocessed,,0,not_selected_or_gate_blocked
train-009329,unprocessed,,0,not_selected_or_gate_blocked
train-009331,unprocessed,,0,not_selected_or_gate_blocked
train-009332,unprocessed,,0,not_selected_or_gate_blocked
train-009333,unprocessed,,0,not_selected_or_gate_blocked
train-009335,unprocessed,,0,not_selected_or_gate_blocked
train-009336,unprocessed,,0,not_selected_or_gate_blocked
train-009337,unprocessed,,0,not_selected_or_gate_blocked
train-009338,unprocessed,,0,not_selected_or_gate_blocked
train-009339,unprocessed,,0,not_selected_or_gate_blocked
train-009340,unprocessed,,0,not_selected_or_gate_blocked
train-009341,unprocessed,,0,not_selected_or_gate_blocked
train-009342,unprocessed,,0,not_selected_or_gate_blocked
train-009344,unprocessed,,0,not_selected_or_gate_blocked
train-009345,unprocessed,,0,not_selected_or_gate_blocked
train-009346,unprocessed,,0,not_selected_or_gate_blocked
train-009347,unprocessed,,0,not_selected_or_gate_blocked
train-009348,unprocessed,,0,not_selected_or_gate_blocked
train-009349,unprocessed,,0,not_selected_or_gate_blocked
train-009350,unprocessed,,0,not_selected_or_gate_blocked
train-009351,unprocessed,,0,not_selected_or_gate_blocked
train-009352,unprocessed,,0,not_selected_or_gate_blocked
train-009353,unprocessed,,0,not_selected_or_gate_blocked
train-009357,unprocessed,,0,not_selected_or_gate_blocked
train-009358,unprocessed,,0,not_selected_or_gate_blocked
train-009359,unprocessed,,0,not_selected_or_gate_blocked
train-009362,unprocessed,,0,not_selected_or_gate_blocked
train-009363,unprocessed,,0,not_selected_or_gate_blocked
train-009364,unprocessed,,0,not_selected_or_gate_blocked
train-009365,unprocessed,,0,not_selected_or_gate_blocked
train-009366,unprocessed,,0,not_selected_or_gate_blocked
train-009367,unprocessed,,0,not_selected_or_gate_blocked
train-009368,unprocessed,,0,not_selected_or_gate_blocked
train-009369,unprocessed,,0,not_selected_or_gate_blocked
train-009370,unprocessed,,0,not_selected_or_gate_blocked
train-009372,unprocessed,,0,not_selected_or_gate_blocked
train-009373,unprocessed,,0,not_selected_or_gate_blocked
train-009374,unprocessed,,0,not_selected_or_gate_blocked
train-009375,unprocessed,,0,not_selected_or_gate_blocked
train-009376,unprocessed,,0,not_selected_or_gate_blocked
train-009377,unprocessed,,0,not_selected_or_gate_blocked
train-009378,unprocessed,,0,not_selected_or_gate_blocked
train-009379,unprocessed,,0,not_selected_or_gate_blocked
train-009380,unprocessed,,0,not_selected_or_gate_blocked
train-009381,unprocessed,,0,not_selected_or_gate_blocked
train-009382,unprocessed,,0,not_selected_or_gate_blocked
train-009384,unprocessed,,0,not_selected_or_gate_blocked
train-009385,unprocessed,,0,not_selected_or_gate_blocked
train-009386,unprocessed,,0,not_selected_or_gate_blocked
train-009388,unprocessed,,0,not_selected_or_gate_blocked
train-009389,unprocessed,,0,not_selected_or_gate_blocked
train-009392,unprocessed,,0,not_selected_or_gate_blocked
train-009393,unprocessed,,0,not_selected_or_gate_blocked
train-009395,unprocessed,,0,not_selected_or_gate_blocked
train-009396,unprocessed,,0,not_selected_or_gate_blocked
train-009397,unprocessed,,0,not_selected_or_gate_blocked
train-009398,unprocessed,,0,not_selected_or_gate_blocked
train-009399,unprocessed,,0,not_selected_or_gate_blocked
train-009401,unprocessed,,0,not_selected_or_gate_blocked
train-009403,unprocessed,,0,not_selected_or_gate_blocked
train-009404,unprocessed,,0,not_selected_or_gate_blocked
train-009407,unprocessed,,0,not_selected_or_gate_blocked
train-009408,unprocessed,,0,not_selected_or_gate_blocked
train-009409,unprocessed,,0,not_selected_or_gate_blocked
train-009412,unprocessed,,0,not_selected_or_gate_blocked
train-009413,unprocessed,,0,not_selected_or_gate_blocked
train-009415,unprocessed,,0,not_selected_or_gate_blocked
train-009416,unprocessed,,0,not_selected_or_gate_blocked
train-009417,unprocessed,,0,not_selected_or_gate_blocked
train-009418,unprocessed,,0,not_selected_or_gate_blocked
train-009419,unprocessed,,0,not_selected_or_gate_blocked
train-009420,unprocessed,,0,not_selected_or_gate_blocked
train-009422,unprocessed,,0,not_selected_or_gate_blocked
train-009423,unprocessed,,0,not_selected_or_gate_blocked
train-009424,unprocessed,,0,not_selected_or_gate_blocked
train-009426,unprocessed,,0,not_selected_or_gate_blocked
train-009428,unprocessed,,0,not_selected_or_gate_blocked
train-009429,unprocessed,,0,not_selected_or_gate_blocked
train-009430,unprocessed,,0,not_selected_or_gate_blocked
train-009431,unprocessed,,0,not_selected_or_gate_blocked
train-009432,unprocessed,,0,not_selected_or_gate_blocked
train-009433,unprocessed,,0,not_selected_or_gate_blocked
train-009434,unprocessed,,0,not_selected_or_gate_blocked
train-009435,unprocessed,,0,not_selected_or_gate_blocked
train-009436,unprocessed,,0,not_selected_or_gate_blocked
train-009437,unprocessed,,0,not_selected_or_gate_blocked
train-009439,unprocessed,,0,not_selected_or_gate_blocked
train-009440,unprocessed,,0,not_selected_or_gate_blocked
train-009441,unprocessed,,0,not_selected_or_gate_blocked
train-009442,unprocessed,,0,not_selected_or_gate_blocked
train-009443,unprocessed,,0,not_selected_or_gate_blocked
train-009446,unprocessed,,0,not_selected_or_gate_blocked
train-009447,unprocessed,,0,not_selected_or_gate_blocked
train-009448,unprocessed,,0,not_selected_or_gate_blocked
train-009451,unprocessed,,0,not_selected_or_gate_blocked
train-009452,unprocessed,,0,not_selected_or_gate_blocked
train-009453,unprocessed,,0,not_selected_or_gate_blocked
train-009454,unprocessed,,0,not_selected_or_gate_blocked
train-009456,unprocessed,,0,not_selected_or_gate_blocked
train-009460,unprocessed,,0,not_selected_or_gate_blocked
train-009461,unprocessed,,0,not_selected_or_gate_blocked
train-009462,unprocessed,,0,not_selected_or_gate_blocked
train-009463,unprocessed,,0,not_selected_or_gate_blocked
train-009468,unprocessed,,0,not_selected_or_gate_blocked
train-009469,unprocessed,,0,not_selected_or_gate_blocked
train-009470,unprocessed,,0,not_selected_or_gate_blocked
train-009471,unprocessed,,0,not_selected_or_gate_blocked
train-009475,unprocessed,,0,not_selected_or_gate_blocked
train-009476,unprocessed,,0,not_selected_or_gate_blocked
train-009478,unprocessed,,0,not_selected_or_gate_blocked
train-009479,unprocessed,,0,not_selected_or_gate_blocked
train-009480,unprocessed,,0,not_selected_or_gate_blocked
train-009481,unprocessed,,0,not_selected_or_gate_blocked
train-009482,unprocessed,,0,not_selected_or_gate_blocked
train-009483,unprocessed,,0,not_selected_or_gate_blocked
train-009484,unprocessed,,0,not_selected_or_gate_blocked
train-009485,unprocessed,,0,not_selected_or_gate_blocked
train-009486,unprocessed,,0,not_selected_or_gate_blocked
train-009487,unprocessed,,0,not_selected_or_gate_blocked
train-009489,unprocessed,,0,not_selected_or_gate_blocked
train-009490,unprocessed,,0,not_selected_or_gate_blocked
train-009491,unprocessed,,0,not_selected_or_gate_blocked
train-009495,unprocessed,,0,not_selected_or_gate_blocked
train-009498,unprocessed,,0,not_selected_or_gate_blocked
train-009499,unprocessed,,0,not_selected_or_gate_blocked
train-009500,unprocessed,,0,not_selected_or_gate_blocked
train-009501,unprocessed,,0,not_selected_or_gate_blocked
train-009502,unprocessed,,0,not_selected_or_gate_blocked
train-009504,unprocessed,,0,not_selected_or_gate_blocked
train-009505,unprocessed,,0,not_selected_or_gate_blocked
train-009506,unprocessed,,0,not_selected_or_gate_blocked
train-009508,unprocessed,,0,not_selected_or_gate_blocked
train-009509,unprocessed,,0,not_selected_or_gate_blocked
train-009512,unprocessed,,0,not_selected_or_gate_blocked
train-009514,unprocessed,,0,not_selected_or_gate_blocked
train-009515,unprocessed,,0,not_selected_or_gate_blocked
train-009516,unprocessed,,0,not_selected_or_gate_blocked
train-009518,unprocessed,,0,not_selected_or_gate_blocked
train-009519,unprocessed,,0,not_selected_or_gate_blocked
train-009523,unprocessed,,0,not_selected_or_gate_blocked
train-009526,unprocessed,,0,not_selected_or_gate_blocked
train-009527,unprocessed,,0,not_selected_or_gate_blocked
train-009528,unprocessed,,0,not_selected_or_gate_blocked
train-009529,unprocessed,,0,not_selected_or_gate_blocked
train-009530,unprocessed,,0,not_selected_or_gate_blocked
train-009531,unprocessed,,0,not_selected_or_gate_blocked
train-009532,unprocessed,,0,not_selected_or_gate_blocked
train-009533,unprocessed,,0,not_selected_or_gate_blocked
train-009534,unprocessed,,0,not_selected_or_gate_blocked
train-009535,unprocessed,,0,not_selected_or_gate_blocked
train-009536,unprocessed,,0,not_selected_or_gate_blocked
train-009538,unprocessed,,0,not_selected_or_gate_blocked
train-009539,unprocessed,,0,not_selected_or_gate_blocked
train-009540,unprocessed,,0,not_selected_or_gate_blocked
train-009542,unprocessed,,0,not_selected_or_gate_blocked
train-009543,unprocessed,,0,not_selected_or_gate_blocked
train-009544,unprocessed,,0,not_selected_or_gate_blocked
train-009545,unprocessed,,0,not_selected_or_gate_blocked
train-009546,unprocessed,,0,not_selected_or_gate_blocked
train-009547,unprocessed,,0,not_selected_or_gate_blocked
train-009549,unprocessed,,0,not_selected_or_gate_blocked
train-009550,unprocessed,,0,not_selected_or_gate_blocked
train-009551,unprocessed,,0,not_selected_or_gate_blocked
train-009552,unprocessed,,0,not_selected_or_gate_blocked
train-009553,unprocessed,,0,not_selected_or_gate_blocked
train-009554,unprocessed,,0,not_selected_or_gate_blocked
train-009556,unprocessed,,0,not_selected_or_gate_blocked
train-009557,unprocessed,,0,not_selected_or_gate_blocked
train-009558,unprocessed,,0,not_selected_or_gate_blocked
train-009559,unprocessed,,0,not_selected_or_gate_blocked
train-009560,unprocessed,,0,not_selected_or_gate_blocked
train-009561,unprocessed,,0,not_selected_or_gate_blocked
train-009562,unprocessed,,0,not_selected_or_gate_blocked
train-009565,unprocessed,,0,not_selected_or_gate_blocked
train-009566,unprocessed,,0,not_selected_or_gate_blocked
train-009569,unprocessed,,0,not_selected_or_gate_blocked
train-009570,unprocessed,,0,not_selected_or_gate_blocked
train-009574,unprocessed,,0,not_selected_or_gate_blocked
train-009575,unprocessed,,0,not_selected_or_gate_blocked
train-009576,unprocessed,,0,not_selected_or_gate_blocked
train-009577,unprocessed,,0,not_selected_or_gate_blocked
train-009580,unprocessed,,0,not_selected_or_gate_blocked
train-009583,unprocessed,,0,not_selected_or_gate_blocked
train-009587,unprocessed,,0,not_selected_or_gate_blocked
train-009588,unprocessed,,0,not_selected_or_gate_blocked
train-009589,unprocessed,,0,not_selected_or_gate_blocked
train-009593,unprocessed,,0,not_selected_or_gate_blocked
train-009594,unprocessed,,0,not_selected_or_gate_blocked
train-009595,unprocessed,,0,not_selected_or_gate_blocked
train-009597,unprocessed,,0,not_selected_or_gate_blocked
train-009598,unprocessed,,0,not_selected_or_gate_blocked
train-009599,unprocessed,,0,not_selected_or_gate_blocked
train-009600,unprocessed,,0,not_selected_or_gate_blocked
train-009601,unprocessed,,0,not_selected_or_gate_blocked
train-009603,unprocessed,,0,not_selected_or_gate_blocked
train-009604,unprocessed,,0,not_selected_or_gate_blocked
train-009606,unprocessed,,0,not_selected_or_gate_blocked
train-009609,unprocessed,,0,not_selected_or_gate_blocked
train-009610,unprocessed,,0,not_selected_or_gate_blocked
train-009611,unprocessed,,0,not_selected_or_gate_blocked
train-009613,unprocessed,,0,not_selected_or_gate_blocked
train-009616,unprocessed,,0,not_selected_or_gate_blocked
train-009617,unprocessed,,0,not_selected_or_gate_blocked
train-009619,unprocessed,,0,not_selected_or_gate_blocked
train-009620,unprocessed,,0,not_selected_or_gate_blocked
train-009621,unprocessed,,0,not_selected_or_gate_blocked
train-009622,unprocessed,,0,not_selected_or_gate_blocked
train-009623,unprocessed,,0,not_selected_or_gate_blocked
train-009625,unprocessed,,0,not_selected_or_gate_blocked
train-009626,unprocessed,,0,not_selected_or_gate_blocked
train-009627,unprocessed,,0,not_selected_or_gate_blocked
train-009628,unprocessed,,0,not_selected_or_gate_blocked
train-009630,unprocessed,,0,not_selected_or_gate_blocked
train-009631,unprocessed,,0,not_selected_or_gate_blocked
train-009633,unprocessed,,0,not_selected_or_gate_blocked
train-009634,unprocessed,,0,not_selected_or_gate_blocked
train-009635,unprocessed,,0,not_selected_or_gate_blocked
train-009636,unprocessed,,0,not_selected_or_gate_blocked
train-009637,unprocessed,,0,not_selected_or_gate_blocked
train-009639,unprocessed,,0,not_selected_or_gate_blocked
train-009640,unprocessed,,0,not_selected_or_gate_blocked
train-009641,unprocessed,,0,not_selected_or_gate_blocked
train-009642,unprocessed,,0,not_selected_or_gate_blocked
train-009643,unprocessed,,0,not_selected_or_gate_blocked
train-009644,unprocessed,,0,not_selected_or_gate_blocked
train-009645,unprocessed,,0,not_selected_or_gate_blocked
train-009646,unprocessed,,0,not_selected_or_gate_blocked
train-009647,unprocessed,,0,not_selected_or_gate_blocked
train-009648,unprocessed,,0,not_selected_or_gate_blocked
train-009649,unprocessed,,0,not_selected_or_gate_blocked
train-009650,unprocessed,,0,not_selected_or_gate_blocked
train-009651,unprocessed,,0,not_selected_or_gate_blocked
train-009652,unprocessed,,0,not_selected_or_gate_blocked
train-009653,unprocessed,,0,not_selected_or_gate_blocked
train-009654,unprocessed,,0,not_selected_or_gate_blocked
train-009655,unprocessed,,0,not_selected_or_gate_blocked
train-009656,unprocessed,,0,not_selected_or_gate_blocked
train-009657,unprocessed,,0,not_selected_or_gate_blocked
train-009659,unprocessed,,0,not_selected_or_gate_blocked
train-009661,unprocessed,,0,not_selected_or_gate_blocked
train-009663,unprocessed,,0,not_selected_or_gate_blocked
train-009664,unprocessed,,0,not_selected_or_gate_blocked
train-009665,unprocessed,,0,not_selected_or_gate_blocked
train-009666,unprocessed,,0,not_selected_or_gate_blocked
train-009667,unprocessed,,0,not_selected_or_gate_blocked
train-009668,unprocessed,,0,not_selected_or_gate_blocked
train-009670,unprocessed,,0,not_selected_or_gate_blocked
train-009671,unprocessed,,0,not_selected_or_gate_blocked
train-009672,unprocessed,,0,not_selected_or_gate_blocked
train-009673,unprocessed,,0,not_selected_or_gate_blocked
train-009675,unprocessed,,0,not_selected_or_gate_blocked
train-009676,unprocessed,,0,not_selected_or_gate_blocked
train-009677,unprocessed,,0,not_selected_or_gate_blocked
train-009679,unprocessed,,0,not_selected_or_gate_blocked
train-009681,unprocessed,,0,not_selected_or_gate_blocked
train-009682,unprocessed,,0,not_selected_or_gate_blocked
train-009683,unprocessed,,0,not_selected_or_gate_blocked
train-009684,unprocessed,,0,not_selected_or_gate_blocked
train-009685,unprocessed,,0,not_selected_or_gate_blocked
train-009686,unprocessed,,0,not_selected_or_gate_blocked
train-009687,unprocessed,,0,not_selected_or_gate_blocked
train-009688,unprocessed,,0,not_selected_or_gate_blocked
train-009690,unprocessed,,0,not_selected_or_gate_blocked
train-009691,unprocessed,,0,not_selected_or_gate_blocked
train-009693,unprocessed,,0,not_selected_or_gate_blocked
train-009695,unprocessed,,0,not_selected_or_gate_blocked
train-009696,unprocessed,,0,not_selected_or_gate_blocked
train-009697,unprocessed,,0,not_selected_or_gate_blocked
train-009698,unprocessed,,0,not_selected_or_gate_blocked
train-009699,unprocessed,,0,not_selected_or_gate_blocked
train-009700,unprocessed,,0,not_selected_or_gate_blocked
train-009701,unprocessed,,0,not_selected_or_gate_blocked
train-009702,unprocessed,,0,not_selected_or_gate_blocked
train-009703,unprocessed,,0,not_selected_or_gate_blocked
train-009704,unprocessed,,0,not_selected_or_gate_blocked
train-009705,unprocessed,,0,not_selected_or_gate_blocked
train-009706,unprocessed,,0,not_selected_or_gate_blocked
train-009707,unprocessed,,0,not_selected_or_gate_blocked
train-009708,unprocessed,,0,not_selected_or_gate_blocked
train-009709,unprocessed,,0,not_selected_or_gate_blocked
train-009710,unprocessed,,0,not_selected_or_gate_blocked
train-009711,unprocessed,,0,not_selected_or_gate_blocked
train-009712,unprocessed,,0,not_selected_or_gate_blocked
train-009713,unprocessed,,0,not_selected_or_gate_blocked
train-009714,unprocessed,,0,not_selected_or_gate_blocked
train-009716,unprocessed,,0,not_selected_or_gate_blocked
train-009717,unprocessed,,0,not_selected_or_gate_blocked
train-009718,unprocessed,,0,not_selected_or_gate_blocked
train-009721,unprocessed,,0,not_selected_or_gate_blocked
train-009723,unprocessed,,0,not_selected_or_gate_blocked
train-009725,unprocessed,,0,not_selected_or_gate_blocked
train-009727,unprocessed,,0,not_selected_or_gate_blocked
train-009728,unprocessed,,0,not_selected_or_gate_blocked
train-009729,unprocessed,,0,not_selected_or_gate_blocked
train-009730,unprocessed,,0,not_selected_or_gate_blocked
train-009731,unprocessed,,0,not_selected_or_gate_blocked
train-009732,unprocessed,,0,not_selected_or_gate_blocked
train-009733,unprocessed,,0,not_selected_or_gate_blocked
train-009735,unprocessed,,0,not_selected_or_gate_blocked
train-009736,unprocessed,,0,not_selected_or_gate_blocked
train-009737,unprocessed,,0,not_selected_or_gate_blocked
train-009738,unprocessed,,0,not_selected_or_gate_blocked
train-009739,unprocessed,,0,not_selected_or_gate_blocked
train-009741,unprocessed,,0,not_selected_or_gate_blocked
train-009742,unprocessed,,0,not_selected_or_gate_blocked
train-009743,unprocessed,,0,not_selected_or_gate_blocked
train-009745,unprocessed,,0,not_selected_or_gate_blocked
train-009746,unprocessed,,0,not_selected_or_gate_blocked
train-009748,unprocessed,,0,not_selected_or_gate_blocked
train-009750,unprocessed,,0,not_selected_or_gate_blocked
train-009751,unprocessed,,0,not_selected_or_gate_blocked
train-009752,unprocessed,,0,not_selected_or_gate_blocked
train-009755,unprocessed,,0,not_selected_or_gate_blocked
train-009756,unprocessed,,0,not_selected_or_gate_blocked
train-009759,unprocessed,,0,not_selected_or_gate_blocked
train-009761,unprocessed,,0,not_selected_or_gate_blocked
train-009763,unprocessed,,0,not_selected_or_gate_blocked
train-009765,unprocessed,,0,not_selected_or_gate_blocked
train-009766,unprocessed,,0,not_selected_or_gate_blocked
train-009768,unprocessed,,0,not_selected_or_gate_blocked
train-009769,unprocessed,,0,not_selected_or_gate_blocked
train-009772,unprocessed,,0,not_selected_or_gate_blocked
train-009773,unprocessed,,0,not_selected_or_gate_blocked
train-009775,unprocessed,,0,not_selected_or_gate_blocked
train-009776,unprocessed,,0,not_selected_or_gate_blocked
train-009778,unprocessed,,0,not_selected_or_gate_blocked
train-009781,unprocessed,,0,not_selected_or_gate_blocked
train-009783,unprocessed,,0,not_selected_or_gate_blocked
train-009784,unprocessed,,0,not_selected_or_gate_blocked
train-009785,unprocessed,,0,not_selected_or_gate_blocked
train-009786,unprocessed,,0,not_selected_or_gate_blocked
train-009787,unprocessed,,0,not_selected_or_gate_blocked
train-009788,unprocessed,,0,not_selected_or_gate_blocked
train-009789,unprocessed,,0,not_selected_or_gate_blocked
train-009791,unprocessed,,0,not_selected_or_gate_blocked
train-009795,unprocessed,,0,not_selected_or_gate_blocked
train-009796,unprocessed,,0,not_selected_or_gate_blocked
train-009797,unprocessed,,0,not_selected_or_gate_blocked
train-009798,unprocessed,,0,not_selected_or_gate_blocked
train-009802,unprocessed,,0,not_selected_or_gate_blocked
train-009805,unprocessed,,0,not_selected_or_gate_blocked
train-009807,unprocessed,,0,not_selected_or_gate_blocked
train-009808,unprocessed,,0,not_selected_or_gate_blocked
train-009810,unprocessed,,0,not_selected_or_gate_blocked
train-009811,unprocessed,,0,not_selected_or_gate_blocked
train-009812,unprocessed,,0,not_selected_or_gate_blocked
train-009813,unprocessed,,0,not_selected_or_gate_blocked
train-009814,unprocessed,,0,not_selected_or_gate_blocked
train-009815,unprocessed,,0,not_selected_or_gate_blocked
train-009816,unprocessed,,0,not_selected_or_gate_blocked
train-009817,unprocessed,,0,not_selected_or_gate_blocked
train-009819,unprocessed,,0,not_selected_or_gate_blocked
train-009820,unprocessed,,0,not_selected_or_gate_blocked
train-009821,unprocessed,,0,not_selected_or_gate_blocked
train-009822,unprocessed,,0,not_selected_or_gate_blocked
train-009823,unprocessed,,0,not_selected_or_gate_blocked
train-009824,unprocessed,,0,not_selected_or_gate_blocked
train-009825,unprocessed,,0,not_selected_or_gate_blocked
train-009827,unprocessed,,0,not_selected_or_gate_blocked
train-009828,unprocessed,,0,not_selected_or_gate_blocked
train-009829,unprocessed,,0,not_selected_or_gate_blocked
train-009832,unprocessed,,0,not_selected_or_gate_blocked
train-009833,unprocessed,,0,not_selected_or_gate_blocked
train-009834,unprocessed,,0,not_selected_or_gate_blocked
train-009838,unprocessed,,0,not_selected_or_gate_blocked
train-009840,unprocessed,,0,not_selected_or_gate_blocked
train-009841,unprocessed,,0,not_selected_or_gate_blocked
train-009842,unprocessed,,0,not_selected_or_gate_blocked
train-009843,unprocessed,,0,not_selected_or_gate_blocked
train-009846,unprocessed,,0,not_selected_or_gate_blocked
train-009849,unprocessed,,0,not_selected_or_gate_blocked
train-009851,unprocessed,,0,not_selected_or_gate_blocked
train-009852,unprocessed,,0,not_selected_or_gate_blocked
train-009853,unprocessed,,0,not_selected_or_gate_blocked
train-009854,unprocessed,,0,not_selected_or_gate_blocked
train-009856,unprocessed,,0,not_selected_or_gate_blocked
train-009857,unprocessed,,0,not_selected_or_gate_blocked
train-009858,unprocessed,,0,not_selected_or_gate_blocked
train-009859,unprocessed,,0,not_selected_or_gate_blocked
train-009860,unprocessed,,0,not_selected_or_gate_blocked
train-009861,unprocessed,,0,not_selected_or_gate_blocked
train-009862,unprocessed,,0,not_selected_or_gate_blocked
train-009863,unprocessed,,0,not_selected_or_gate_blocked
train-009865,unprocessed,,0,not_selected_or_gate_blocked
train-009866,unprocessed,,0,not_selected_or_gate_blocked
train-009867,unprocessed,,0,not_selected_or_gate_blocked
train-009868,unprocessed,,0,not_selected_or_gate_blocked
train-009869,unprocessed,,0,not_selected_or_gate_blocked
train-009872,unprocessed,,0,not_selected_or_gate_blocked
train-009873,unprocessed,,0,not_selected_or_gate_blocked
train-009876,unprocessed,,0,not_selected_or_gate_blocked
train-009878,unprocessed,,0,not_selected_or_gate_blocked
train-009880,unprocessed,,0,not_selected_or_gate_blocked
train-009881,unprocessed,,0,not_selected_or_gate_blocked
train-009882,unprocessed,,0,not_selected_or_gate_blocked
train-009883,unprocessed,,0,not_selected_or_gate_blocked
train-009884,unprocessed,,0,not_selected_or_gate_blocked
train-009885,unprocessed,,0,not_selected_or_gate_blocked
train-009886,unprocessed,,0,not_selected_or_gate_blocked
train-009888,unprocessed,,0,not_selected_or_gate_blocked
train-009889,unprocessed,,0,not_selected_or_gate_blocked
train-009890,unprocessed,,0,not_selected_or_gate_blocked
train-009891,unprocessed,,0,not_selected_or_gate_blocked
train-009892,unprocessed,,0,not_selected_or_gate_blocked
train-009893,unprocessed,,0,not_selected_or_gate_blocked
train-009895,unprocessed,,0,not_selected_or_gate_blocked
train-009897,unprocessed,,0,not_selected_or_gate_blocked
train-009899,unprocessed,,0,not_selected_or_gate_blocked
train-009902,unprocessed,,0,not_selected_or_gate_blocked
train-009904,unprocessed,,0,not_selected_or_gate_blocked
train-009905,unprocessed,,0,not_selected_or_gate_blocked
train-009907,unprocessed,,0,not_selected_or_gate_blocked
train-009908,unprocessed,,0,not_selected_or_gate_blocked
train-009910,unprocessed,,0,not_selected_or_gate_blocked
train-009911,unprocessed,,0,not_selected_or_gate_blocked
train-009912,unprocessed,,0,not_selected_or_gate_blocked
train-009914,unprocessed,,0,not_selected_or_gate_blocked
train-009916,unprocessed,,0,not_selected_or_gate_blocked
train-009917,unprocessed,,0,not_selected_or_gate_blocked
train-009918,unprocessed,,0,not_selected_or_gate_blocked
train-009920,unprocessed,,0,not_selected_or_gate_blocked
train-009921,unprocessed,,0,not_selected_or_gate_blocked
train-009922,unprocessed,,0,not_selected_or_gate_blocked
train-009923,unprocessed,,0,not_selected_or_gate_blocked
train-009925,unprocessed,,0,not_selected_or_gate_blocked
train-009926,unprocessed,,0,not_selected_or_gate_blocked
train-009930,unprocessed,,0,not_selected_or_gate_blocked
train-009931,unprocessed,,0,not_selected_or_gate_blocked
train-009933,unprocessed,,0,not_selected_or_gate_blocked
train-009934,unprocessed,,0,not_selected_or_gate_blocked
train-009935,unprocessed,,0,not_selected_or_gate_blocked
train-009936,unprocessed,,0,not_selected_or_gate_blocked
train-009937,unprocessed,,0,not_selected_or_gate_blocked
train-009938,unprocessed,,0,not_selected_or_gate_blocked
train-009939,unprocessed,,0,not_selected_or_gate_blocked
train-009940,unprocessed,,0,not_selected_or_gate_blocked
train-009942,unprocessed,,0,not_selected_or_gate_blocked
train-009944,unprocessed,,0,not_selected_or_gate_blocked
train-009945,unprocessed,,0,not_selected_or_gate_blocked
train-009946,unprocessed,,0,not_selected_or_gate_blocked
train-009948,unprocessed,,0,not_selected_or_gate_blocked
train-009949,unprocessed,,0,not_selected_or_gate_blocked
train-009950,unprocessed,,0,not_selected_or_gate_blocked
train-009952,unprocessed,,0,not_selected_or_gate_blocked
train-009953,unprocessed,,0,not_selected_or_gate_blocked
train-009954,unprocessed,,0,not_selected_or_gate_blocked
train-009955,unprocessed,,0,not_selected_or_gate_blocked
train-009957,unprocessed,,0,not_selected_or_gate_blocked
train-009959,unprocessed,,0,not_selected_or_gate_blocked
train-009960,unprocessed,,0,not_selected_or_gate_blocked
train-009961,unprocessed,,0,not_selected_or_gate_blocked
train-009962,unprocessed,,0,not_selected_or_gate_blocked
train-009965,unprocessed,,0,not_selected_or_gate_blocked
train-009966,unprocessed,,0,not_selected_or_gate_blocked
train-009967,unprocessed,,0,not_selected_or_gate_blocked
train-009968,unprocessed,,0,not_selected_or_gate_blocked
train-009969,unprocessed,,0,not_selected_or_gate_blocked
train-009971,unprocessed,,0,not_selected_or_gate_blocked
train-009972,unprocessed,,0,not_selected_or_gate_blocked
train-009973,unprocessed,,0,not_selected_or_gate_blocked
train-009974,unprocessed,,0,not_selected_or_gate_blocked
train-009975,unprocessed,,0,not_selected_or_gate_blocked
train-009976,unprocessed,,0,not_selected_or_gate_blocked
train-009977,unprocessed,,0,not_selected_or_gate_blocked
train-009980,unprocessed,,0,not_selected_or_gate_blocked
train-009981,unprocessed,,0,not_selected_or_gate_blocked
train-009982,unprocessed,,0,not_selected_or_gate_blocked
train-009983,unprocessed,,0,not_selected_or_gate_blocked
train-009984,unprocessed,,0,not_selected_or_gate_blocked
train-009985,unprocessed,,0,not_selected_or_gate_blocked
train-009986,unprocessed,,0,not_selected_or_gate_blocked
train-009987,unprocessed,,0,not_selected_or_gate_blocked
train-009991,unprocessed,,0,not_selected_or_gate_blocked
train-009992,unprocessed,,0,not_selected_or_gate_blocked
train-009993,unprocessed,,0,not_selected_or_gate_blocked
train-009994,unprocessed,,0,not_selected_or_gate_blocked
train-009995,unprocessed,,0,not_selected_or_gate_blocked
train-009996,unprocessed,,0,not_selected_or_gate_blocked
train-009998,unprocessed,,0,not_selected_or_gate_blocked
train-009999,unprocessed,,0,not_selected_or_gate_blocked
train-010000,unprocessed,,0,not_selected_or_gate_blocked
train-010001,unprocessed,,0,not_selected_or_gate_blocked
train-010003,unprocessed,,0,not_selected_or_gate_blocked
train-010005,unprocessed,,0,not_selected_or_gate_blocked
train-010006,unprocessed,,0,not_selected_or_gate_blocked
train-010007,unprocessed,,0,not_selected_or_gate_blocked
train-010008,unprocessed,,0,not_selected_or_gate_blocked
train-010009,unprocessed,,0,not_selected_or_gate_blocked
train-010010,unprocessed,,0,not_selected_or_gate_blocked
train-010012,unprocessed,,0,not_selected_or_gate_blocked
train-010013,unprocessed,,0,not_selected_or_gate_blocked
train-010014,unprocessed,,0,not_selected_or_gate_blocked
train-010016,unprocessed,,0,not_selected_or_gate_blocked
train-010019,unprocessed,,0,not_selected_or_gate_blocked
train-010022,unprocessed,,0,not_selected_or_gate_blocked
train-010023,unprocessed,,0,not_selected_or_gate_blocked
train-010024,unprocessed,,0,not_selected_or_gate_blocked
train-010025,unprocessed,,0,not_selected_or_gate_blocked
train-010026,unprocessed,,0,not_selected_or_gate_blocked
train-010027,unprocessed,,0,not_selected_or_gate_blocked
train-010028,unprocessed,,0,not_selected_or_gate_blocked
train-010029,unprocessed,,0,not_selected_or_gate_blocked
train-010030,unprocessed,,0,not_selected_or_gate_blocked
train-010031,unprocessed,,0,not_selected_or_gate_blocked
train-010032,unprocessed,,0,not_selected_or_gate_blocked
train-010033,unprocessed,,0,not_selected_or_gate_blocked
train-010034,unprocessed,,0,not_selected_or_gate_blocked
train-010035,unprocessed,,0,not_selected_or_gate_blocked
train-010037,unprocessed,,0,not_selected_or_gate_blocked
train-010038,unprocessed,,0,not_selected_or_gate_blocked
train-010039,unprocessed,,0,not_selected_or_gate_blocked
train-010040,unprocessed,,0,not_selected_or_gate_blocked
train-010044,unprocessed,,0,not_selected_or_gate_blocked
train-010045,unprocessed,,0,not_selected_or_gate_blocked
train-010047,unprocessed,,0,not_selected_or_gate_blocked
train-010048,unprocessed,,0,not_selected_or_gate_blocked
train-010050,unprocessed,,0,not_selected_or_gate_blocked
train-010054,unprocessed,,0,not_selected_or_gate_blocked
train-010055,unprocessed,,0,not_selected_or_gate_blocked
train-010056,unprocessed,,0,not_selected_or_gate_blocked
train-010057,unprocessed,,0,not_selected_or_gate_blocked
train-010058,unprocessed,,0,not_selected_or_gate_blocked
train-010059,unprocessed,,0,not_selected_or_gate_blocked
train-010060,unprocessed,,0,not_selected_or_gate_blocked
train-010062,unprocessed,,0,not_selected_or_gate_blocked
train-010063,unprocessed,,0,not_selected_or_gate_blocked
train-010064,unprocessed,,0,not_selected_or_gate_blocked
train-010065,unprocessed,,0,not_selected_or_gate_blocked
train-010066,unprocessed,,0,not_selected_or_gate_blocked
train-010068,unprocessed,,0,not_selected_or_gate_blocked
train-010069,unprocessed,,0,not_selected_or_gate_blocked
train-010070,unprocessed,,0,not_selected_or_gate_blocked
train-010071,unprocessed,,0,not_selected_or_gate_blocked
train-010072,unprocessed,,0,not_selected_or_gate_blocked
train-010073,unprocessed,,0,not_selected_or_gate_blocked
train-010074,unprocessed,,0,not_selected_or_gate_blocked
train-010076,unprocessed,,0,not_selected_or_gate_blocked
train-010077,unprocessed,,0,not_selected_or_gate_blocked
train-010083,unprocessed,,0,not_selected_or_gate_blocked
train-010084,unprocessed,,0,not_selected_or_gate_blocked
train-010085,unprocessed,,0,not_selected_or_gate_blocked
train-010088,unprocessed,,0,not_selected_or_gate_blocked
train-010090,unprocessed,,0,not_selected_or_gate_blocked
train-010091,unprocessed,,0,not_selected_or_gate_blocked
train-010094,unprocessed,,0,not_selected_or_gate_blocked
train-010096,unprocessed,,0,not_selected_or_gate_blocked
train-010097,unprocessed,,0,not_selected_or_gate_blocked
train-010098,unprocessed,,0,not_selected_or_gate_blocked
train-010099,unprocessed,,0,not_selected_or_gate_blocked
train-010100,unprocessed,,0,not_selected_or_gate_blocked
train-010102,unprocessed,,0,not_selected_or_gate_blocked
train-010103,unprocessed,,0,not_selected_or_gate_blocked
train-010104,unprocessed,,0,not_selected_or_gate_blocked
train-010105,unprocessed,,0,not_selected_or_gate_blocked
train-010106,unprocessed,,0,not_selected_or_gate_blocked
train-010107,unprocessed,,0,not_selected_or_gate_blocked
train-010109,unprocessed,,0,not_selected_or_gate_blocked
train-010110,unprocessed,,0,not_selected_or_gate_blocked
train-010111,unprocessed,,0,not_selected_or_gate_blocked
train-010113,unprocessed,,0,not_selected_or_gate_blocked
train-010114,unprocessed,,0,not_selected_or_gate_blocked
train-010115,unprocessed,,0,not_selected_or_gate_blocked
train-010117,unprocessed,,0,not_selected_or_gate_blocked
train-010119,unprocessed,,0,not_selected_or_gate_blocked
train-010120,unprocessed,,0,not_selected_or_gate_blocked
train-010121,unprocessed,,0,not_selected_or_gate_blocked
train-010122,unprocessed,,0,not_selected_or_gate_blocked
train-010123,unprocessed,,0,not_selected_or_gate_blocked
train-010124,unprocessed,,0,not_selected_or_gate_blocked
train-010125,unprocessed,,0,not_selected_or_gate_blocked
train-010126,unprocessed,,0,not_selected_or_gate_blocked
train-010127,unprocessed,,0,not_selected_or_gate_blocked
train-010129,unprocessed,,0,not_selected_or_gate_blocked
train-010132,unprocessed,,0,not_selected_or_gate_blocked
train-010133,unprocessed,,0,not_selected_or_gate_blocked
train-010134,unprocessed,,0,not_selected_or_gate_blocked
train-010135,unprocessed,,0,not_selected_or_gate_blocked
train-010136,unprocessed,,0,not_selected_or_gate_blocked
train-010138,unprocessed,,0,not_selected_or_gate_blocked
train-010139,unprocessed,,0,not_selected_or_gate_blocked
train-010140,unprocessed,,0,not_selected_or_gate_blocked
train-010141,unprocessed,,0,not_selected_or_gate_blocked
train-010143,unprocessed,,0,not_selected_or_gate_blocked
train-010146,unprocessed,,0,not_selected_or_gate_blocked
train-010147,unprocessed,,0,not_selected_or_gate_blocked
train-010149,unprocessed,,0,not_selected_or_gate_blocked
train-010150,unprocessed,,0,not_selected_or_gate_blocked
train-010151,unprocessed,,0,not_selected_or_gate_blocked
train-010153,unprocessed,,0,not_selected_or_gate_blocked
train-010154,unprocessed,,0,not_selected_or_gate_blocked
train-010155,unprocessed,,0,not_selected_or_gate_blocked
train-010156,unprocessed,,0,not_selected_or_gate_blocked
train-010157,unprocessed,,0,not_selected_or_gate_blocked
train-010158,unprocessed,,0,not_selected_or_gate_blocked
train-010161,unprocessed,,0,not_selected_or_gate_blocked
train-010163,unprocessed,,0,not_selected_or_gate_blocked
train-010164,unprocessed,,0,not_selected_or_gate_blocked
train-010165,unprocessed,,0,not_selected_or_gate_blocked
train-010166,unprocessed,,0,not_selected_or_gate_blocked
train-010167,unprocessed,,0,not_selected_or_gate_blocked
train-010168,unprocessed,,0,not_selected_or_gate_blocked
train-010169,unprocessed,,0,not_selected_or_gate_blocked
train-010170,unprocessed,,0,not_selected_or_gate_blocked
train-010172,unprocessed,,0,not_selected_or_gate_blocked
train-010173,unprocessed,,0,not_selected_or_gate_blocked
train-010174,unprocessed,,0,not_selected_or_gate_blocked
train-010175,unprocessed,,0,not_selected_or_gate_blocked
train-010176,unprocessed,,0,not_selected_or_gate_blocked
train-010178,unprocessed,,0,not_selected_or_gate_blocked
train-010179,unprocessed,,0,not_selected_or_gate_blocked
train-010180,unprocessed,,0,not_selected_or_gate_blocked
train-010181,unprocessed,,0,not_selected_or_gate_blocked
train-010182,unprocessed,,0,not_selected_or_gate_blocked
train-010185,unprocessed,,0,not_selected_or_gate_blocked
train-010186,unprocessed,,0,not_selected_or_gate_blocked
train-010187,unprocessed,,0,not_selected_or_gate_blocked
train-010188,unprocessed,,0,not_selected_or_gate_blocked
train-010189,unprocessed,,0,not_selected_or_gate_blocked
train-010191,unprocessed,,0,not_selected_or_gate_blocked
train-010192,unprocessed,,0,not_selected_or_gate_blocked
train-010193,unprocessed,,0,not_selected_or_gate_blocked
train-010197,unprocessed,,0,not_selected_or_gate_blocked
train-010198,unprocessed,,0,not_selected_or_gate_blocked
train-010199,unprocessed,,0,not_selected_or_gate_blocked
train-010202,unprocessed,,0,not_selected_or_gate_blocked
train-010204,unprocessed,,0,not_selected_or_gate_blocked
train-010205,unprocessed,,0,not_selected_or_gate_blocked
train-010206,unprocessed,,0,not_selected_or_gate_blocked
train-010211,unprocessed,,0,not_selected_or_gate_blocked
train-010212,unprocessed,,0,not_selected_or_gate_blocked
train-010213,unprocessed,,0,not_selected_or_gate_blocked
train-010216,unprocessed,,0,not_selected_or_gate_blocked
train-010217,unprocessed,,0,not_selected_or_gate_blocked
train-010219,unprocessed,,0,not_selected_or_gate_blocked
train-010220,unprocessed,,0,not_selected_or_gate_blocked
train-010221,unprocessed,,0,not_selected_or_gate_blocked
train-010223,unprocessed,,0,not_selected_or_gate_blocked
train-010224,unprocessed,,0,not_selected_or_gate_blocked
train-010225,unprocessed,,0,not_selected_or_gate_blocked
train-010226,unprocessed,,0,not_selected_or_gate_blocked
train-010228,unprocessed,,0,not_selected_or_gate_blocked
train-010229,unprocessed,,0,not_selected_or_gate_blocked
train-010230,unprocessed,,0,not_selected_or_gate_blocked
train-010231,unprocessed,,0,not_selected_or_gate_blocked
train-010232,unprocessed,,0,not_selected_or_gate_blocked
train-010235,unprocessed,,0,not_selected_or_gate_blocked
train-010236,unprocessed,,0,not_selected_or_gate_blocked
train-010237,unprocessed,,0,not_selected_or_gate_blocked
train-010238,unprocessed,,0,not_selected_or_gate_blocked
train-010240,unprocessed,,0,not_selected_or_gate_blocked
train-010241,unprocessed,,0,not_selected_or_gate_blocked
train-010242,unprocessed,,0,not_selected_or_gate_blocked
train-010245,unprocessed,,0,not_selected_or_gate_blocked
train-010246,unprocessed,,0,not_selected_or_gate_blocked
train-010248,unprocessed,,0,not_selected_or_gate_blocked
train-010249,unprocessed,,0,not_selected_or_gate_blocked
train-010253,unprocessed,,0,not_selected_or_gate_blocked
train-010254,unprocessed,,0,not_selected_or_gate_blocked
train-010256,unprocessed,,0,not_selected_or_gate_blocked
train-010257,unprocessed,,0,not_selected_or_gate_blocked
train-010261,unprocessed,,0,not_selected_or_gate_blocked
train-010262,unprocessed,,0,not_selected_or_gate_blocked
train-010263,unprocessed,,0,not_selected_or_gate_blocked
train-010264,unprocessed,,0,not_selected_or_gate_blocked
train-010265,unprocessed,,0,not_selected_or_gate_blocked
train-010267,unprocessed,,0,not_selected_or_gate_blocked
train-010270,unprocessed,,0,not_selected_or_gate_blocked
train-010271,unprocessed,,0,not_selected_or_gate_blocked
train-010272,unprocessed,,0,not_selected_or_gate_blocked
train-010275,unprocessed,,0,not_selected_or_gate_blocked
train-010277,unprocessed,,0,not_selected_or_gate_blocked
train-010286,unprocessed,,0,not_selected_or_gate_blocked
train-010287,unprocessed,,0,not_selected_or_gate_blocked
train-010288,unprocessed,,0,not_selected_or_gate_blocked
train-010290,unprocessed,,0,not_selected_or_gate_blocked
train-010291,unprocessed,,0,not_selected_or_gate_blocked
train-010292,unprocessed,,0,not_selected_or_gate_blocked
train-010293,unprocessed,,0,not_selected_or_gate_blocked
train-010296,unprocessed,,0,not_selected_or_gate_blocked
train-010297,unprocessed,,0,not_selected_or_gate_blocked
train-010299,unprocessed,,0,not_selected_or_gate_blocked
train-010301,unprocessed,,0,not_selected_or_gate_blocked
train-010303,unprocessed,,0,not_selected_or_gate_blocked
train-010305,unprocessed,,0,not_selected_or_gate_blocked
train-010306,unprocessed,,0,not_selected_or_gate_blocked
train-010308,unprocessed,,0,not_selected_or_gate_blocked
train-010309,unprocessed,,0,not_selected_or_gate_blocked
train-010310,unprocessed,,0,not_selected_or_gate_blocked
train-010312,unprocessed,,0,not_selected_or_gate_blocked
train-010313,unprocessed,,0,not_selected_or_gate_blocked
train-010314,unprocessed,,0,not_selected_or_gate_blocked
train-010315,unprocessed,,0,not_selected_or_gate_blocked
train-010317,unprocessed,,0,not_selected_or_gate_blocked
train-010318,unprocessed,,0,not_selected_or_gate_blocked
train-010319,unprocessed,,0,not_selected_or_gate_blocked
train-010320,unprocessed,,0,not_selected_or_gate_blocked
train-010321,unprocessed,,0,not_selected_or_gate_blocked
train-010322,unprocessed,,0,not_selected_or_gate_blocked
train-010325,unprocessed,,0,not_selected_or_gate_blocked
train-010327,unprocessed,,0,not_selected_or_gate_blocked
train-010328,unprocessed,,0,not_selected_or_gate_blocked
train-010329,unprocessed,,0,not_selected_or_gate_blocked
train-010330,unprocessed,,0,not_selected_or_gate_blocked
train-010331,unprocessed,,0,not_selected_or_gate_blocked
train-010332,unprocessed,,0,not_selected_or_gate_blocked
train-010334,unprocessed,,0,not_selected_or_gate_blocked
train-010335,unprocessed,,0,not_selected_or_gate_blocked
train-010336,unprocessed,,0,not_selected_or_gate_blocked
train-010337,unprocessed,,0,not_selected_or_gate_blocked
train-010338,unprocessed,,0,not_selected_or_gate_blocked
train-010339,unprocessed,,0,not_selected_or_gate_blocked
train-010340,unprocessed,,0,not_selected_or_gate_blocked
train-010342,unprocessed,,0,not_selected_or_gate_blocked
train-010343,unprocessed,,0,not_selected_or_gate_blocked
train-010345,unprocessed,,0,not_selected_or_gate_blocked
train-010346,unprocessed,,0,not_selected_or_gate_blocked
train-010348,unprocessed,,0,not_selected_or_gate_blocked
train-010350,unprocessed,,0,not_selected_or_gate_blocked
train-010351,unprocessed,,0,not_selected_or_gate_blocked
train-010353,unprocessed,,0,not_selected_or_gate_blocked
train-010355,unprocessed,,0,not_selected_or_gate_blocked
train-010356,unprocessed,,0,not_selected_or_gate_blocked
train-010358,unprocessed,,0,not_selected_or_gate_blocked
train-010360,unprocessed,,0,not_selected_or_gate_blocked
train-010361,unprocessed,,0,not_selected_or_gate_blocked
train-010362,unprocessed,,0,not_selected_or_gate_blocked
train-010363,unprocessed,,0,not_selected_or_gate_blocked
train-010364,unprocessed,,0,not_selected_or_gate_blocked
train-010366,unprocessed,,0,not_selected_or_gate_blocked
train-010367,unprocessed,,0,not_selected_or_gate_blocked
train-010368,unprocessed,,0,not_selected_or_gate_blocked
train-010369,unprocessed,,0,not_selected_or_gate_blocked
train-010370,unprocessed,,0,not_selected_or_gate_blocked
train-010371,unprocessed,,0,not_selected_or_gate_blocked
train-010372,unprocessed,,0,not_selected_or_gate_blocked
train-010374,unprocessed,,0,not_selected_or_gate_blocked
train-010375,unprocessed,,0,not_selected_or_gate_blocked
train-010376,unprocessed,,0,not_selected_or_gate_blocked
train-010377,unprocessed,,0,not_selected_or_gate_blocked
train-010378,unprocessed,,0,not_selected_or_gate_blocked
train-010379,unprocessed,,0,not_selected_or_gate_blocked
train-010380,unprocessed,,0,not_selected_or_gate_blocked
train-010382,unprocessed,,0,not_selected_or_gate_blocked
train-010383,unprocessed,,0,not_selected_or_gate_blocked
train-010384,unprocessed,,0,not_selected_or_gate_blocked
train-010385,unprocessed,,0,not_selected_or_gate_blocked
train-010386,unprocessed,,0,not_selected_or_gate_blocked
train-010387,unprocessed,,0,not_selected_or_gate_blocked
train-010388,unprocessed,,0,not_selected_or_gate_blocked
train-010389,unprocessed,,0,not_selected_or_gate_blocked
train-010390,unprocessed,,0,not_selected_or_gate_blocked
train-010391,unprocessed,,0,not_selected_or_gate_blocked
train-010392,unprocessed,,0,not_selected_or_gate_blocked
train-010396,unprocessed,,0,not_selected_or_gate_blocked
train-010397,unprocessed,,0,not_selected_or_gate_blocked
train-010398,unprocessed,,0,not_selected_or_gate_blocked
train-010400,unprocessed,,0,not_selected_or_gate_blocked
train-010402,unprocessed,,0,not_selected_or_gate_blocked
train-010403,unprocessed,,0,not_selected_or_gate_blocked
train-010405,unprocessed,,0,not_selected_or_gate_blocked
train-010406,unprocessed,,0,not_selected_or_gate_blocked
train-010407,unprocessed,,0,not_selected_or_gate_blocked
train-010409,unprocessed,,0,not_selected_or_gate_blocked
train-010411,unprocessed,,0,not_selected_or_gate_blocked
train-010412,unprocessed,,0,not_selected_or_gate_blocked
train-010413,unprocessed,,0,not_selected_or_gate_blocked
train-010414,unprocessed,,0,not_selected_or_gate_blocked
train-010415,unprocessed,,0,not_selected_or_gate_blocked
train-010416,unprocessed,,0,not_selected_or_gate_blocked
train-010417,unprocessed,,0,not_selected_or_gate_blocked
train-010419,unprocessed,,0,not_selected_or_gate_blocked
train-010420,unprocessed,,0,not_selected_or_gate_blocked
train-010421,unprocessed,,0,not_selected_or_gate_blocked
train-010422,unprocessed,,0,not_selected_or_gate_blocked
train-010423,unprocessed,,0,not_selected_or_gate_blocked
train-010424,unprocessed,,0,not_selected_or_gate_blocked
train-010425,unprocessed,,0,not_selected_or_gate_blocked
train-010426,unprocessed,,0,not_selected_or_gate_blocked
train-010432,unprocessed,,0,not_selected_or_gate_blocked
train-010433,unprocessed,,0,not_selected_or_gate_blocked
train-010437,unprocessed,,0,not_selected_or_gate_blocked
train-010439,unprocessed,,0,not_selected_or_gate_blocked
train-010440,unprocessed,,0,not_selected_or_gate_blocked
train-010441,unprocessed,,0,not_selected_or_gate_blocked
train-010443,unprocessed,,0,not_selected_or_gate_blocked
train-010444,unprocessed,,0,not_selected_or_gate_blocked
train-010445,unprocessed,,0,not_selected_or_gate_blocked
train-010447,unprocessed,,0,not_selected_or_gate_blocked
train-010448,unprocessed,,0,not_selected_or_gate_blocked
train-010449,unprocessed,,0,not_selected_or_gate_blocked
train-010450,unprocessed,,0,not_selected_or_gate_blocked
train-010451,unprocessed,,0,not_selected_or_gate_blocked
train-010454,unprocessed,,0,not_selected_or_gate_blocked
train-010456,unprocessed,,0,not_selected_or_gate_blocked
train-010457,unprocessed,,0,not_selected_or_gate_blocked
train-010458,unprocessed,,0,not_selected_or_gate_blocked
train-010459,unprocessed,,0,not_selected_or_gate_blocked
train-010460,unprocessed,,0,not_selected_or_gate_blocked
train-010461,unprocessed,,0,not_selected_or_gate_blocked
train-010462,unprocessed,,0,not_selected_or_gate_blocked
train-010465,unprocessed,,0,not_selected_or_gate_blocked
train-010466,unprocessed,,0,not_selected_or_gate_blocked
train-010467,unprocessed,,0,not_selected_or_gate_blocked
train-010468,unprocessed,,0,not_selected_or_gate_blocked
train-010469,unprocessed,,0,not_selected_or_gate_blocked
train-010470,unprocessed,,0,not_selected_or_gate_blocked
train-010471,unprocessed,,0,not_selected_or_gate_blocked
train-010472,unprocessed,,0,not_selected_or_gate_blocked
train-010474,unprocessed,,0,not_selected_or_gate_blocked
train-010475,unprocessed,,0,not_selected_or_gate_blocked
train-010476,unprocessed,,0,not_selected_or_gate_blocked
train-010477,unprocessed,,0,not_selected_or_gate_blocked
train-010478,unprocessed,,0,not_selected_or_gate_blocked
train-010479,unprocessed,,0,not_selected_or_gate_blocked
train-010481,unprocessed,,0,not_selected_or_gate_blocked
train-010482,unprocessed,,0,not_selected_or_gate_blocked
train-010483,unprocessed,,0,not_selected_or_gate_blocked
train-010484,unprocessed,,0,not_selected_or_gate_blocked
train-010486,unprocessed,,0,not_selected_or_gate_blocked
train-010487,unprocessed,,0,not_selected_or_gate_blocked
train-010489,unprocessed,,0,not_selected_or_gate_blocked
train-010490,unprocessed,,0,not_selected_or_gate_blocked
train-010491,unprocessed,,0,not_selected_or_gate_blocked
train-010492,unprocessed,,0,not_selected_or_gate_blocked
train-010493,unprocessed,,0,not_selected_or_gate_blocked
train-010494,unprocessed,,0,not_selected_or_gate_blocked
train-010495,unprocessed,,0,not_selected_or_gate_blocked
train-010497,unprocessed,,0,not_selected_or_gate_blocked
train-010499,unprocessed,,0,not_selected_or_gate_blocked
train-010500,unprocessed,,0,not_selected_or_gate_blocked
train-010504,unprocessed,,0,not_selected_or_gate_blocked
train-010505,unprocessed,,0,not_selected_or_gate_blocked
train-010506,unprocessed,,0,not_selected_or_gate_blocked
train-010507,unprocessed,,0,not_selected_or_gate_blocked
train-010509,unprocessed,,0,not_selected_or_gate_blocked
train-010511,unprocessed,,0,not_selected_or_gate_blocked
train-010512,unprocessed,,0,not_selected_or_gate_blocked
train-010513,unprocessed,,0,not_selected_or_gate_blocked
train-010515,unprocessed,,0,not_selected_or_gate_blocked
train-010516,unprocessed,,0,not_selected_or_gate_blocked
train-010518,unprocessed,,0,not_selected_or_gate_blocked
train-010519,unprocessed,,0,not_selected_or_gate_blocked
train-010521,unprocessed,,0,not_selected_or_gate_blocked
train-010522,unprocessed,,0,not_selected_or_gate_blocked
train-010523,unprocessed,,0,not_selected_or_gate_blocked
train-010524,unprocessed,,0,not_selected_or_gate_blocked
train-010525,unprocessed,,0,not_selected_or_gate_blocked
train-010527,unprocessed,,0,not_selected_or_gate_blocked
train-010528,unprocessed,,0,not_selected_or_gate_blocked
train-010529,unprocessed,,0,not_selected_or_gate_blocked
train-010534,unprocessed,,0,not_selected_or_gate_blocked
train-010535,unprocessed,,0,not_selected_or_gate_blocked
train-010536,unprocessed,,0,not_selected_or_gate_blocked
train-010537,unprocessed,,0,not_selected_or_gate_blocked
train-010538,unprocessed,,0,not_selected_or_gate_blocked
train-010540,unprocessed,,0,not_selected_or_gate_blocked
train-010541,unprocessed,,0,not_selected_or_gate_blocked
train-010542,unprocessed,,0,not_selected_or_gate_blocked
train-010543,unprocessed,,0,not_selected_or_gate_blocked
train-010544,unprocessed,,0,not_selected_or_gate_blocked
train-010546,unprocessed,,0,not_selected_or_gate_blocked
train-010548,unprocessed,,0,not_selected_or_gate_blocked
train-010549,unprocessed,,0,not_selected_or_gate_blocked
train-010550,unprocessed,,0,not_selected_or_gate_blocked
train-010551,unprocessed,,0,not_selected_or_gate_blocked
train-010552,unprocessed,,0,not_selected_or_gate_blocked
train-010553,unprocessed,,0,not_selected_or_gate_blocked
train-010554,unprocessed,,0,not_selected_or_gate_blocked
train-010555,unprocessed,,0,not_selected_or_gate_blocked
train-010556,unprocessed,,0,not_selected_or_gate_blocked
train-010557,unprocessed,,0,not_selected_or_gate_blocked
train-010558,unprocessed,,0,not_selected_or_gate_blocked
train-010560,unprocessed,,0,not_selected_or_gate_blocked
train-010565,unprocessed,,0,not_selected_or_gate_blocked
train-010566,unprocessed,,0,not_selected_or_gate_blocked
train-010567,unprocessed,,0,not_selected_or_gate_blocked
train-010568,unprocessed,,0,not_selected_or_gate_blocked
train-010570,unprocessed,,0,not_selected_or_gate_blocked
train-010573,unprocessed,,0,not_selected_or_gate_blocked
train-010574,unprocessed,,0,not_selected_or_gate_blocked
train-010578,unprocessed,,0,not_selected_or_gate_blocked
train-010580,unprocessed,,0,not_selected_or_gate_blocked
train-010581,unprocessed,,0,not_selected_or_gate_blocked
train-010582,unprocessed,,0,not_selected_or_gate_blocked
train-010583,unprocessed,,0,not_selected_or_gate_blocked
train-010584,unprocessed,,0,not_selected_or_gate_blocked
train-010589,unprocessed,,0,not_selected_or_gate_blocked
train-010590,unprocessed,,0,not_selected_or_gate_blocked
train-010591,unprocessed,,0,not_selected_or_gate_blocked
train-010592,unprocessed,,0,not_selected_or_gate_blocked
train-010593,unprocessed,,0,not_selected_or_gate_blocked
train-010594,unprocessed,,0,not_selected_or_gate_blocked
train-010596,unprocessed,,0,not_selected_or_gate_blocked
train-010597,unprocessed,,0,not_selected_or_gate_blocked
train-010598,unprocessed,,0,not_selected_or_gate_blocked
train-010599,unprocessed,,0,not_selected_or_gate_blocked
train-010600,unprocessed,,0,not_selected_or_gate_blocked
train-010601,unprocessed,,0,not_selected_or_gate_blocked
train-010604,unprocessed,,0,not_selected_or_gate_blocked
train-010605,unprocessed,,0,not_selected_or_gate_blocked
train-010608,unprocessed,,0,not_selected_or_gate_blocked
train-010609,unprocessed,,0,not_selected_or_gate_blocked
train-010610,unprocessed,,0,not_selected_or_gate_blocked
train-010611,unprocessed,,0,not_selected_or_gate_blocked
train-010613,unprocessed,,0,not_selected_or_gate_blocked
train-010614,unprocessed,,0,not_selected_or_gate_blocked
train-010615,unprocessed,,0,not_selected_or_gate_blocked
train-010616,unprocessed,,0,not_selected_or_gate_blocked
train-010618,unprocessed,,0,not_selected_or_gate_blocked
train-010619,unprocessed,,0,not_selected_or_gate_blocked
train-010620,unprocessed,,0,not_selected_or_gate_blocked
train-010621,unprocessed,,0,not_selected_or_gate_blocked
train-010623,unprocessed,,0,not_selected_or_gate_blocked
train-010624,unprocessed,,0,not_selected_or_gate_blocked
train-010625,unprocessed,,0,not_selected_or_gate_blocked
train-010626,unprocessed,,0,not_selected_or_gate_blocked
train-010627,unprocessed,,0,not_selected_or_gate_blocked
train-010629,unprocessed,,0,not_selected_or_gate_blocked
train-010630,unprocessed,,0,not_selected_or_gate_blocked
train-010631,unprocessed,,0,not_selected_or_gate_blocked
train-010632,unprocessed,,0,not_selected_or_gate_blocked
train-010635,unprocessed,,0,not_selected_or_gate_blocked
train-010636,unprocessed,,0,not_selected_or_gate_blocked
train-010638,unprocessed,,0,not_selected_or_gate_blocked
train-010639,unprocessed,,0,not_selected_or_gate_blocked
train-010642,unprocessed,,0,not_selected_or_gate_blocked
train-010643,unprocessed,,0,not_selected_or_gate_blocked
train-010644,unprocessed,,0,not_selected_or_gate_blocked
train-010645,unprocessed,,0,not_selected_or_gate_blocked
train-010647,unprocessed,,0,not_selected_or_gate_blocked
train-010648,unprocessed,,0,not_selected_or_gate_blocked
train-010650,unprocessed,,0,not_selected_or_gate_blocked
train-010651,unprocessed,,0,not_selected_or_gate_blocked
train-010652,unprocessed,,0,not_selected_or_gate_blocked
train-010653,unprocessed,,0,not_selected_or_gate_blocked
train-010654,unprocessed,,0,not_selected_or_gate_blocked
train-010655,unprocessed,,0,not_selected_or_gate_blocked
train-010657,unprocessed,,0,not_selected_or_gate_blocked
train-010658,unprocessed,,0,not_selected_or_gate_blocked
train-010659,unprocessed,,0,not_selected_or_gate_blocked
train-010660,unprocessed,,0,not_selected_or_gate_blocked
train-010661,unprocessed,,0,not_selected_or_gate_blocked
train-010662,unprocessed,,0,not_selected_or_gate_blocked
train-010664,unprocessed,,0,not_selected_or_gate_blocked
train-010665,unprocessed,,0,not_selected_or_gate_blocked
train-010666,unprocessed,,0,not_selected_or_gate_blocked
train-010667,unprocessed,,0,not_selected_or_gate_blocked
train-010668,unprocessed,,0,not_selected_or_gate_blocked
train-010670,unprocessed,,0,not_selected_or_gate_blocked
train-010671,unprocessed,,0,not_selected_or_gate_blocked
train-010672,unprocessed,,0,not_selected_or_gate_blocked
train-010674,unprocessed,,0,not_selected_or_gate_blocked
train-010676,unprocessed,,0,not_selected_or_gate_blocked
train-010677,unprocessed,,0,not_selected_or_gate_blocked
train-010678,unprocessed,,0,not_selected_or_gate_blocked
train-010679,unprocessed,,0,not_selected_or_gate_blocked
train-010680,unprocessed,,0,not_selected_or_gate_blocked
train-010681,unprocessed,,0,not_selected_or_gate_blocked
train-010684,unprocessed,,0,not_selected_or_gate_blocked
train-010685,unprocessed,,0,not_selected_or_gate_blocked
train-010686,unprocessed,,0,not_selected_or_gate_blocked
train-010687,unprocessed,,0,not_selected_or_gate_blocked
train-010690,unprocessed,,0,not_selected_or_gate_blocked
train-010692,unprocessed,,0,not_selected_or_gate_blocked
train-010693,unprocessed,,0,not_selected_or_gate_blocked
train-010694,unprocessed,,0,not_selected_or_gate_blocked
train-010696,unprocessed,,0,not_selected_or_gate_blocked
train-010697,unprocessed,,0,not_selected_or_gate_blocked
train-010699,unprocessed,,0,not_selected_or_gate_blocked
train-010700,unprocessed,,0,not_selected_or_gate_blocked
train-010701,unprocessed,,0,not_selected_or_gate_blocked
train-010702,unprocessed,,0,not_selected_or_gate_blocked
train-010703,unprocessed,,0,not_selected_or_gate_blocked
train-010704,unprocessed,,0,not_selected_or_gate_blocked
train-010707,unprocessed,,0,not_selected_or_gate_blocked
train-010708,unprocessed,,0,not_selected_or_gate_blocked
train-010710,unprocessed,,0,not_selected_or_gate_blocked
train-010712,unprocessed,,0,not_selected_or_gate_blocked
train-010713,unprocessed,,0,not_selected_or_gate_blocked
train-010714,unprocessed,,0,not_selected_or_gate_blocked
train-010715,unprocessed,,0,not_selected_or_gate_blocked
train-010716,unprocessed,,0,not_selected_or_gate_blocked
train-010718,unprocessed,,0,not_selected_or_gate_blocked
train-010719,unprocessed,,0,not_selected_or_gate_blocked
train-010720,unprocessed,,0,not_selected_or_gate_blocked
train-010721,unprocessed,,0,not_selected_or_gate_blocked
train-010722,unprocessed,,0,not_selected_or_gate_blocked
train-010723,unprocessed,,0,not_selected_or_gate_blocked
train-010724,unprocessed,,0,not_selected_or_gate_blocked
train-010725,unprocessed,,0,not_selected_or_gate_blocked
train-010727,unprocessed,,0,not_selected_or_gate_blocked
train-010728,unprocessed,,0,not_selected_or_gate_blocked
train-010729,unprocessed,,0,not_selected_or_gate_blocked
train-010731,unprocessed,,0,not_selected_or_gate_blocked
train-010733,unprocessed,,0,not_selected_or_gate_blocked
train-010734,unprocessed,,0,not_selected_or_gate_blocked
train-010735,unprocessed,,0,not_selected_or_gate_blocked
train-010738,unprocessed,,0,not_selected_or_gate_blocked
train-010739,unprocessed,,0,not_selected_or_gate_blocked
train-010740,unprocessed,,0,not_selected_or_gate_blocked
train-010742,unprocessed,,0,not_selected_or_gate_blocked
train-010744,unprocessed,,0,not_selected_or_gate_blocked
train-010745,unprocessed,,0,not_selected_or_gate_blocked
train-010746,unprocessed,,0,not_selected_or_gate_blocked
train-010747,unprocessed,,0,not_selected_or_gate_blocked
train-010748,unprocessed,,0,not_selected_or_gate_blocked
train-010751,unprocessed,,0,not_selected_or_gate_blocked
train-010752,unprocessed,,0,not_selected_or_gate_blocked
train-010753,unprocessed,,0,not_selected_or_gate_blocked
train-010755,unprocessed,,0,not_selected_or_gate_blocked
train-010756,unprocessed,,0,not_selected_or_gate_blocked
train-010757,unprocessed,,0,not_selected_or_gate_blocked
train-010759,unprocessed,,0,not_selected_or_gate_blocked
train-010760,unprocessed,,0,not_selected_or_gate_blocked
train-010762,unprocessed,,0,not_selected_or_gate_blocked
train-010764,unprocessed,,0,not_selected_or_gate_blocked
train-010767,unprocessed,,0,not_selected_or_gate_blocked
train-010769,unprocessed,,0,not_selected_or_gate_blocked
train-010772,unprocessed,,0,not_selected_or_gate_blocked
train-010773,unprocessed,,0,not_selected_or_gate_blocked
train-010775,unprocessed,,0,not_selected_or_gate_blocked
train-010776,unprocessed,,0,not_selected_or_gate_blocked
train-010777,unprocessed,,0,not_selected_or_gate_blocked
train-010778,unprocessed,,0,not_selected_or_gate_blocked
train-010779,unprocessed,,0,not_selected_or_gate_blocked
train-010781,unprocessed,,0,not_selected_or_gate_blocked
train-010783,unprocessed,,0,not_selected_or_gate_blocked
train-010785,unprocessed,,0,not_selected_or_gate_blocked
train-010786,unprocessed,,0,not_selected_or_gate_blocked
train-010787,unprocessed,,0,not_selected_or_gate_blocked
train-010788,unprocessed,,0,not_selected_or_gate_blocked
train-010789,unprocessed,,0,not_selected_or_gate_blocked
train-010793,unprocessed,,0,not_selected_or_gate_blocked
train-010794,unprocessed,,0,not_selected_or_gate_blocked
train-010795,unprocessed,,0,not_selected_or_gate_blocked
train-010796,unprocessed,,0,not_selected_or_gate_blocked
train-010797,unprocessed,,0,not_selected_or_gate_blocked
train-010799,unprocessed,,0,not_selected_or_gate_blocked
train-010800,unprocessed,,0,not_selected_or_gate_blocked
train-010802,unprocessed,,0,not_selected_or_gate_blocked
train-010803,unprocessed,,0,not_selected_or_gate_blocked
train-010804,unprocessed,,0,not_selected_or_gate_blocked
train-010806,unprocessed,,0,not_selected_or_gate_blocked
train-010807,unprocessed,,0,not_selected_or_gate_blocked
train-010811,unprocessed,,0,not_selected_or_gate_blocked
train-010812,unprocessed,,0,not_selected_or_gate_blocked
train-010813,unprocessed,,0,not_selected_or_gate_blocked
train-010814,unprocessed,,0,not_selected_or_gate_blocked
train-010815,unprocessed,,0,not_selected_or_gate_blocked
train-010816,unprocessed,,0,not_selected_or_gate_blocked
train-010817,unprocessed,,0,not_selected_or_gate_blocked
train-010818,unprocessed,,0,not_selected_or_gate_blocked
train-010819,unprocessed,,0,not_selected_or_gate_blocked
train-010821,unprocessed,,0,not_selected_or_gate_blocked
train-010824,unprocessed,,0,not_selected_or_gate_blocked
train-010825,unprocessed,,0,not_selected_or_gate_blocked
train-010826,unprocessed,,0,not_selected_or_gate_blocked
train-010828,unprocessed,,0,not_selected_or_gate_blocked
train-010830,unprocessed,,0,not_selected_or_gate_blocked
train-010831,unprocessed,,0,not_selected_or_gate_blocked
train-010832,unprocessed,,0,not_selected_or_gate_blocked
train-010833,unprocessed,,0,not_selected_or_gate_blocked
train-010834,unprocessed,,0,not_selected_or_gate_blocked
train-010836,unprocessed,,0,not_selected_or_gate_blocked
train-010837,unprocessed,,0,not_selected_or_gate_blocked
train-010838,unprocessed,,0,not_selected_or_gate_blocked
train-010841,unprocessed,,0,not_selected_or_gate_blocked
train-010842,unprocessed,,0,not_selected_or_gate_blocked
train-010843,unprocessed,,0,not_selected_or_gate_blocked
train-010844,unprocessed,,0,not_selected_or_gate_blocked
train-010845,unprocessed,,0,not_selected_or_gate_blocked
train-010847,unprocessed,,0,not_selected_or_gate_blocked
train-010849,unprocessed,,0,not_selected_or_gate_blocked
train-010850,unprocessed,,0,not_selected_or_gate_blocked
train-010851,unprocessed,,0,not_selected_or_gate_blocked
train-010853,unprocessed,,0,not_selected_or_gate_blocked
train-010854,unprocessed,,0,not_selected_or_gate_blocked
train-010857,unprocessed,,0,not_selected_or_gate_blocked
train-010858,unprocessed,,0,not_selected_or_gate_blocked
train-010859,unprocessed,,0,not_selected_or_gate_blocked
train-010860,unprocessed,,0,not_selected_or_gate_blocked
train-010861,unprocessed,,0,not_selected_or_gate_blocked
train-010862,unprocessed,,0,not_selected_or_gate_blocked
train-010863,unprocessed,,0,not_selected_or_gate_blocked
train-010864,unprocessed,,0,not_selected_or_gate_blocked
train-010865,unprocessed,,0,not_selected_or_gate_blocked
train-010867,unprocessed,,0,not_selected_or_gate_blocked
train-010869,unprocessed,,0,not_selected_or_gate_blocked
train-010870,unprocessed,,0,not_selected_or_gate_blocked
train-010871,unprocessed,,0,not_selected_or_gate_blocked
train-010872,unprocessed,,0,not_selected_or_gate_blocked
train-010873,unprocessed,,0,not_selected_or_gate_blocked
train-010874,unprocessed,,0,not_selected_or_gate_blocked
train-010875,unprocessed,,0,not_selected_or_gate_blocked
train-010877,unprocessed,,0,not_selected_or_gate_blocked
train-010878,unprocessed,,0,not_selected_or_gate_blocked
train-010880,unprocessed,,0,not_selected_or_gate_blocked
train-010882,unprocessed,,0,not_selected_or_gate_blocked
train-010883,unprocessed,,0,not_selected_or_gate_blocked
train-010887,unprocessed,,0,not_selected_or_gate_blocked
train-010888,unprocessed,,0,not_selected_or_gate_blocked
train-010889,unprocessed,,0,not_selected_or_gate_blocked
train-010890,unprocessed,,0,not_selected_or_gate_blocked
train-010891,unprocessed,,0,not_selected_or_gate_blocked
train-010893,unprocessed,,0,not_selected_or_gate_blocked
train-010895,unprocessed,,0,not_selected_or_gate_blocked
train-010896,unprocessed,,0,not_selected_or_gate_blocked
train-010898,unprocessed,,0,not_selected_or_gate_blocked
train-010899,unprocessed,,0,not_selected_or_gate_blocked
train-010900,unprocessed,,0,not_selected_or_gate_blocked
train-010901,unprocessed,,0,not_selected_or_gate_blocked
train-010902,unprocessed,,0,not_selected_or_gate_blocked
train-010903,unprocessed,,0,not_selected_or_gate_blocked
train-010904,unprocessed,,0,not_selected_or_gate_blocked
train-010905,unprocessed,,0,not_selected_or_gate_blocked
train-010906,unprocessed,,0,not_selected_or_gate_blocked
train-010907,unprocessed,,0,not_selected_or_gate_blocked
train-010910,unprocessed,,0,not_selected_or_gate_blocked
train-010911,unprocessed,,0,not_selected_or_gate_blocked
train-010912,unprocessed,,0,not_selected_or_gate_blocked
train-010913,unprocessed,,0,not_selected_or_gate_blocked
train-010915,unprocessed,,0,not_selected_or_gate_blocked
train-010916,unprocessed,,0,not_selected_or_gate_blocked
train-010917,unprocessed,,0,not_selected_or_gate_blocked
train-010918,unprocessed,,0,not_selected_or_gate_blocked
train-010919,unprocessed,,0,not_selected_or_gate_blocked
train-010920,unprocessed,,0,not_selected_or_gate_blocked
train-010921,unprocessed,,0,not_selected_or_gate_blocked
train-010922,unprocessed,,0,not_selected_or_gate_blocked
train-010924,unprocessed,,0,not_selected_or_gate_blocked
train-010925,unprocessed,,0,not_selected_or_gate_blocked
train-010928,unprocessed,,0,not_selected_or_gate_blocked
train-010930,unprocessed,,0,not_selected_or_gate_blocked
train-010931,unprocessed,,0,not_selected_or_gate_blocked
train-010932,unprocessed,,0,not_selected_or_gate_blocked
train-010933,unprocessed,,0,not_selected_or_gate_blocked
train-010934,unprocessed,,0,not_selected_or_gate_blocked
train-010935,unprocessed,,0,not_selected_or_gate_blocked
train-010937,unprocessed,,0,not_selected_or_gate_blocked
train-010938,unprocessed,,0,not_selected_or_gate_blocked
train-010939,unprocessed,,0,not_selected_or_gate_blocked
train-010940,unprocessed,,0,not_selected_or_gate_blocked
train-010941,unprocessed,,0,not_selected_or_gate_blocked
train-010943,unprocessed,,0,not_selected_or_gate_blocked
train-010944,unprocessed,,0,not_selected_or_gate_blocked
train-010945,unprocessed,,0,not_selected_or_gate_blocked
train-010946,unprocessed,,0,not_selected_or_gate_blocked
train-010947,unprocessed,,0,not_selected_or_gate_blocked
train-010948,unprocessed,,0,not_selected_or_gate_blocked
train-010950,unprocessed,,0,not_selected_or_gate_blocked
train-010951,unprocessed,,0,not_selected_or_gate_blocked
train-010952,unprocessed,,0,not_selected_or_gate_blocked
train-010953,unprocessed,,0,not_selected_or_gate_blocked
train-010954,unprocessed,,0,not_selected_or_gate_blocked
train-010955,unprocessed,,0,not_selected_or_gate_blocked
train-010956,unprocessed,,0,not_selected_or_gate_blocked
train-010959,unprocessed,,0,not_selected_or_gate_blocked
train-010960,unprocessed,,0,not_selected_or_gate_blocked
train-010961,unprocessed,,0,not_selected_or_gate_blocked
train-010962,unprocessed,,0,not_selected_or_gate_blocked
train-010965,unprocessed,,0,not_selected_or_gate_blocked
train-010966,unprocessed,,0,not_selected_or_gate_blocked
train-010967,unprocessed,,0,not_selected_or_gate_blocked
train-010968,unprocessed,,0,not_selected_or_gate_blocked
train-010970,unprocessed,,0,not_selected_or_gate_blocked
train-010971,unprocessed,,0,not_selected_or_gate_blocked
train-010972,unprocessed,,0,not_selected_or_gate_blocked
train-010973,unprocessed,,0,not_selected_or_gate_blocked
train-010974,unprocessed,,0,not_selected_or_gate_blocked
train-010976,unprocessed,,0,not_selected_or_gate_blocked
train-010977,unprocessed,,0,not_selected_or_gate_blocked
train-010978,unprocessed,,0,not_selected_or_gate_blocked
train-010979,unprocessed,,0,not_selected_or_gate_blocked
train-010980,unprocessed,,0,not_selected_or_gate_blocked
train-010981,unprocessed,,0,not_selected_or_gate_blocked
train-010983,unprocessed,,0,not_selected_or_gate_blocked
train-010984,unprocessed,,0,not_selected_or_gate_blocked
train-010985,unprocessed,,0,not_selected_or_gate_blocked
train-010986,unprocessed,,0,not_selected_or_gate_blocked
train-010987,unprocessed,,0,not_selected_or_gate_blocked
train-010988,unprocessed,,0,not_selected_or_gate_blocked
train-010989,unprocessed,,0,not_selected_or_gate_blocked
train-010990,unprocessed,,0,not_selected_or_gate_blocked
train-010991,unprocessed,,0,not_selected_or_gate_blocked
train-010992,unprocessed,,0,not_selected_or_gate_blocked
train-010995,unprocessed,,0,not_selected_or_gate_blocked
train-010996,unprocessed,,0,not_selected_or_gate_blocked
train-010998,unprocessed,,0,not_selected_or_gate_blocked
train-010999,unprocessed,,0,not_selected_or_gate_blocked
train-011000,unprocessed,,0,not_selected_or_gate_blocked
train-011001,unprocessed,,0,not_selected_or_gate_blocked
train-011002,unprocessed,,0,not_selected_or_gate_blocked
train-011005,unprocessed,,0,not_selected_or_gate_blocked
train-011006,unprocessed,,0,not_selected_or_gate_blocked
train-011009,unprocessed,,0,not_selected_or_gate_blocked
train-011011,unprocessed,,0,not_selected_or_gate_blocked
train-011012,unprocessed,,0,not_selected_or_gate_blocked
train-011013,unprocessed,,0,not_selected_or_gate_blocked
train-011014,unprocessed,,0,not_selected_or_gate_blocked
train-011016,unprocessed,,0,not_selected_or_gate_blocked
train-011017,unprocessed,,0,not_selected_or_gate_blocked
train-011018,unprocessed,,0,not_selected_or_gate_blocked
train-011020,unprocessed,,0,not_selected_or_gate_blocked
train-011021,unprocessed,,0,not_selected_or_gate_blocked
train-011022,unprocessed,,0,not_selected_or_gate_blocked
train-011023,unprocessed,,0,not_selected_or_gate_blocked
train-011024,unprocessed,,0,not_selected_or_gate_blocked
train-011025,unprocessed,,0,not_selected_or_gate_blocked
train-011026,unprocessed,,0,not_selected_or_gate_blocked
train-011031,unprocessed,,0,not_selected_or_gate_blocked
train-011033,unprocessed,,0,not_selected_or_gate_blocked
train-011034,unprocessed,,0,not_selected_or_gate_blocked
train-011035,unprocessed,,0,not_selected_or_gate_blocked
train-011037,unprocessed,,0,not_selected_or_gate_blocked
train-011038,unprocessed,,0,not_selected_or_gate_blocked
train-011041,unprocessed,,0,not_selected_or_gate_blocked
train-011042,unprocessed,,0,not_selected_or_gate_blocked
train-011043,unprocessed,,0,not_selected_or_gate_blocked
train-011044,unprocessed,,0,not_selected_or_gate_blocked
train-011045,unprocessed,,0,not_selected_or_gate_blocked
train-011047,unprocessed,,0,not_selected_or_gate_blocked
train-011048,unprocessed,,0,not_selected_or_gate_blocked
train-011049,unprocessed,,0,not_selected_or_gate_blocked
train-011052,unprocessed,,0,not_selected_or_gate_blocked
train-011055,unprocessed,,0,not_selected_or_gate_blocked
train-011056,unprocessed,,0,not_selected_or_gate_blocked
train-011057,unprocessed,,0,not_selected_or_gate_blocked
train-011058,unprocessed,,0,not_selected_or_gate_blocked
train-011059,unprocessed,,0,not_selected_or_gate_blocked
train-011060,unprocessed,,0,not_selected_or_gate_blocked
train-011061,unprocessed,,0,not_selected_or_gate_blocked
train-011063,unprocessed,,0,not_selected_or_gate_blocked
train-011064,unprocessed,,0,not_selected_or_gate_blocked
train-011065,unprocessed,,0,not_selected_or_gate_blocked
train-011066,unprocessed,,0,not_selected_or_gate_blocked
train-011068,unprocessed,,0,not_selected_or_gate_blocked
train-011069,unprocessed,,0,not_selected_or_gate_blocked
train-011070,unprocessed,,0,not_selected_or_gate_blocked
train-011072,unprocessed,,0,not_selected_or_gate_blocked
train-011073,unprocessed,,0,not_selected_or_gate_blocked
train-011074,unprocessed,,0,not_selected_or_gate_blocked
train-011075,unprocessed,,0,not_selected_or_gate_blocked
train-011077,unprocessed,,0,not_selected_or_gate_blocked
train-011079,unprocessed,,0,not_selected_or_gate_blocked
train-011080,unprocessed,,0,not_selected_or_gate_blocked
train-011081,unprocessed,,0,not_selected_or_gate_blocked
train-011082,unprocessed,,0,not_selected_or_gate_blocked
train-011083,unprocessed,,0,not_selected_or_gate_blocked
train-011084,unprocessed,,0,not_selected_or_gate_blocked
train-011085,unprocessed,,0,not_selected_or_gate_blocked
train-011086,unprocessed,,0,not_selected_or_gate_blocked
train-011087,unprocessed,,0,not_selected_or_gate_blocked
train-011089,unprocessed,,0,not_selected_or_gate_blocked
train-011090,unprocessed,,0,not_selected_or_gate_blocked
train-011092,unprocessed,,0,not_selected_or_gate_blocked
train-011094,unprocessed,,0,not_selected_or_gate_blocked
train-011095,unprocessed,,0,not_selected_or_gate_blocked
train-011097,unprocessed,,0,not_selected_or_gate_blocked
train-011098,unprocessed,,0,not_selected_or_gate_blocked
train-011099,unprocessed,,0,not_selected_or_gate_blocked
train-011102,unprocessed,,0,not_selected_or_gate_blocked
train-011103,unprocessed,,0,not_selected_or_gate_blocked
train-011104,unprocessed,,0,not_selected_or_gate_blocked
train-011106,unprocessed,,0,not_selected_or_gate_blocked
train-011107,unprocessed,,0,not_selected_or_gate_blocked
train-011108,unprocessed,,0,not_selected_or_gate_blocked
train-011109,unprocessed,,0,not_selected_or_gate_blocked
train-011110,unprocessed,,0,not_selected_or_gate_blocked
train-011111,unprocessed,,0,not_selected_or_gate_blocked
train-011112,unprocessed,,0,not_selected_or_gate_blocked
train-011114,unprocessed,,0,not_selected_or_gate_blocked
train-011116,unprocessed,,0,not_selected_or_gate_blocked
train-011117,unprocessed,,0,not_selected_or_gate_blocked
train-011118,unprocessed,,0,not_selected_or_gate_blocked
train-011119,unprocessed,,0,not_selected_or_gate_blocked
train-011120,unprocessed,,0,not_selected_or_gate_blocked
train-011121,unprocessed,,0,not_selected_or_gate_blocked
train-011124,unprocessed,,0,not_selected_or_gate_blocked
train-011127,unprocessed,,0,not_selected_or_gate_blocked
train-011128,unprocessed,,0,not_selected_or_gate_blocked
train-011129,unprocessed,,0,not_selected_or_gate_blocked
train-011130,unprocessed,,0,not_selected_or_gate_blocked
train-011131,unprocessed,,0,not_selected_or_gate_blocked
train-011132,unprocessed,,0,not_selected_or_gate_blocked
train-011134,unprocessed,,0,not_selected_or_gate_blocked
train-011135,unprocessed,,0,not_selected_or_gate_blocked
train-011136,unprocessed,,0,not_selected_or_gate_blocked
train-011137,unprocessed,,0,not_selected_or_gate_blocked
train-011138,unprocessed,,0,not_selected_or_gate_blocked
train-011139,unprocessed,,0,not_selected_or_gate_blocked
train-011140,unprocessed,,0,not_selected_or_gate_blocked
train-011141,unprocessed,,0,not_selected_or_gate_blocked
train-011142,unprocessed,,0,not_selected_or_gate_blocked
train-011146,unprocessed,,0,not_selected_or_gate_blocked
train-011147,unprocessed,,0,not_selected_or_gate_blocked
train-011148,unprocessed,,0,not_selected_or_gate_blocked
train-011149,unprocessed,,0,not_selected_or_gate_blocked
train-011150,unprocessed,,0,not_selected_or_gate_blocked
train-011151,unprocessed,,0,not_selected_or_gate_blocked
train-011152,unprocessed,,0,not_selected_or_gate_blocked
train-011153,unprocessed,,0,not_selected_or_gate_blocked
train-011154,unprocessed,,0,not_selected_or_gate_blocked
train-011155,unprocessed,,0,not_selected_or_gate_blocked
train-011156,unprocessed,,0,not_selected_or_gate_blocked
train-011157,unprocessed,,0,not_selected_or_gate_blocked
train-011159,unprocessed,,0,not_selected_or_gate_blocked
train-011160,unprocessed,,0,not_selected_or_gate_blocked
train-011164,unprocessed,,0,not_selected_or_gate_blocked
train-011165,unprocessed,,0,not_selected_or_gate_blocked
train-011166,unprocessed,,0,not_selected_or_gate_blocked
train-011168,unprocessed,,0,not_selected_or_gate_blocked
train-011169,unprocessed,,0,not_selected_or_gate_blocked
train-011170,unprocessed,,0,not_selected_or_gate_blocked
train-011171,unprocessed,,0,not_selected_or_gate_blocked
train-011172,unprocessed,,0,not_selected_or_gate_blocked
train-011173,unprocessed,,0,not_selected_or_gate_blocked
train-011174,unprocessed,,0,not_selected_or_gate_blocked
train-011175,unprocessed,,0,not_selected_or_gate_blocked
train-011176,unprocessed,,0,not_selected_or_gate_blocked
train-011177,unprocessed,,0,not_selected_or_gate_blocked
train-011178,unprocessed,,0,not_selected_or_gate_blocked
train-011179,unprocessed,,0,not_selected_or_gate_blocked
train-011180,unprocessed,,0,not_selected_or_gate_blocked
train-011181,unprocessed,,0,not_selected_or_gate_blocked
train-011182,unprocessed,,0,not_selected_or_gate_blocked
train-011183,unprocessed,,0,not_selected_or_gate_blocked
train-011185,unprocessed,,0,not_selected_or_gate_blocked
train-011186,unprocessed,,0,not_selected_or_gate_blocked
train-011187,unprocessed,,0,not_selected_or_gate_blocked
train-011188,unprocessed,,0,not_selected_or_gate_blocked
train-011191,unprocessed,,0,not_selected_or_gate_blocked
train-011192,unprocessed,,0,not_selected_or_gate_blocked
train-011193,unprocessed,,0,not_selected_or_gate_blocked
train-011194,unprocessed,,0,not_selected_or_gate_blocked
train-011196,unprocessed,,0,not_selected_or_gate_blocked
train-011197,unprocessed,,0,not_selected_or_gate_blocked
train-011198,unprocessed,,0,not_selected_or_gate_blocked
train-011199,unprocessed,,0,not_selected_or_gate_blocked
train-011200,unprocessed,,0,not_selected_or_gate_blocked
train-011203,unprocessed,,0,not_selected_or_gate_blocked
train-011206,unprocessed,,0,not_selected_or_gate_blocked
train-011208,unprocessed,,0,not_selected_or_gate_blocked
train-011209,unprocessed,,0,not_selected_or_gate_blocked
train-011210,unprocessed,,0,not_selected_or_gate_blocked
train-011211,unprocessed,,0,not_selected_or_gate_blocked
train-011213,unprocessed,,0,not_selected_or_gate_blocked
train-011214,unprocessed,,0,not_selected_or_gate_blocked
train-011215,unprocessed,,0,not_selected_or_gate_blocked
train-011216,unprocessed,,0,not_selected_or_gate_blocked
train-011217,unprocessed,,0,not_selected_or_gate_blocked
train-011218,unprocessed,,0,not_selected_or_gate_blocked
train-011219,unprocessed,,0,not_selected_or_gate_blocked
train-011220,unprocessed,,0,not_selected_or_gate_blocked
train-011221,unprocessed,,0,not_selected_or_gate_blocked
train-011222,unprocessed,,0,not_selected_or_gate_blocked
train-011224,unprocessed,,0,not_selected_or_gate_blocked
train-011225,unprocessed,,0,not_selected_or_gate_blocked
train-011226,unprocessed,,0,not_selected_or_gate_blocked
train-011227,unprocessed,,0,not_selected_or_gate_blocked
train-011228,unprocessed,,0,not_selected_or_gate_blocked
train-011229,unprocessed,,0,not_selected_or_gate_blocked
train-011230,unprocessed,,0,not_selected_or_gate_blocked
train-011231,unprocessed,,0,not_selected_or_gate_blocked
train-011234,unprocessed,,0,not_selected_or_gate_blocked
train-011235,unprocessed,,0,not_selected_or_gate_blocked
train-011236,unprocessed,,0,not_selected_or_gate_blocked
train-011237,unprocessed,,0,not_selected_or_gate_blocked
train-011241,unprocessed,,0,not_selected_or_gate_blocked
train-011245,unprocessed,,0,not_selected_or_gate_blocked
train-011246,unprocessed,,0,not_selected_or_gate_blocked
train-011248,unprocessed,,0,not_selected_or_gate_blocked
train-011249,unprocessed,,0,not_selected_or_gate_blocked
train-011250,unprocessed,,0,not_selected_or_gate_blocked
train-011251,unprocessed,,0,not_selected_or_gate_blocked
train-011253,unprocessed,,0,not_selected_or_gate_blocked
train-011254,unprocessed,,0,not_selected_or_gate_blocked
train-011255,unprocessed,,0,not_selected_or_gate_blocked
train-011257,unprocessed,,0,not_selected_or_gate_blocked
train-011258,unprocessed,,0,not_selected_or_gate_blocked
train-011260,unprocessed,,0,not_selected_or_gate_blocked
train-011261,unprocessed,,0,not_selected_or_gate_blocked
train-011262,unprocessed,,0,not_selected_or_gate_blocked
train-011263,unprocessed,,0,not_selected_or_gate_blocked
train-011269,unprocessed,,0,not_selected_or_gate_blocked
train-011270,unprocessed,,0,not_selected_or_gate_blocked
train-011272,unprocessed,,0,not_selected_or_gate_blocked
train-011273,unprocessed,,0,not_selected_or_gate_blocked
train-011276,unprocessed,,0,not_selected_or_gate_blocked
train-011277,unprocessed,,0,not_selected_or_gate_blocked
train-011278,unprocessed,,0,not_selected_or_gate_blocked
train-011279,unprocessed,,0,not_selected_or_gate_blocked
train-011281,unprocessed,,0,not_selected_or_gate_blocked
train-011282,unprocessed,,0,not_selected_or_gate_blocked
train-011283,unprocessed,,0,not_selected_or_gate_blocked
train-011284,unprocessed,,0,not_selected_or_gate_blocked
train-011285,unprocessed,,0,not_selected_or_gate_blocked
train-011286,unprocessed,,0,not_selected_or_gate_blocked
train-011287,unprocessed,,0,not_selected_or_gate_blocked
train-011290,unprocessed,,0,not_selected_or_gate_blocked
train-011291,unprocessed,,0,not_selected_or_gate_blocked
train-011292,unprocessed,,0,not_selected_or_gate_blocked
train-011293,unprocessed,,0,not_selected_or_gate_blocked
train-011294,unprocessed,,0,not_selected_or_gate_blocked
train-011295,unprocessed,,0,not_selected_or_gate_blocked
train-011296,unprocessed,,0,not_selected_or_gate_blocked
train-011297,unprocessed,,0,not_selected_or_gate_blocked
train-011298,unprocessed,,0,not_selected_or_gate_blocked
train-011299,unprocessed,,0,not_selected_or_gate_blocked
train-011300,unprocessed,,0,not_selected_or_gate_blocked
train-011301,unprocessed,,0,not_selected_or_gate_blocked
train-011306,unprocessed,,0,not_selected_or_gate_blocked
train-011308,unprocessed,,0,not_selected_or_gate_blocked
train-011309,unprocessed,,0,not_selected_or_gate_blocked
train-011310,unprocessed,,0,not_selected_or_gate_blocked
train-011312,unprocessed,,0,not_selected_or_gate_blocked
train-011313,unprocessed,,0,not_selected_or_gate_blocked
train-011314,unprocessed,,0,not_selected_or_gate_blocked
train-011315,unprocessed,,0,not_selected_or_gate_blocked
train-011317,unprocessed,,0,not_selected_or_gate_blocked
train-011318,unprocessed,,0,not_selected_or_gate_blocked
train-011321,unprocessed,,0,not_selected_or_gate_blocked
train-011322,unprocessed,,0,not_selected_or_gate_blocked
train-011323,unprocessed,,0,not_selected_or_gate_blocked
train-011324,unprocessed,,0,not_selected_or_gate_blocked
train-011325,unprocessed,,0,not_selected_or_gate_blocked
train-011326,unprocessed,,0,not_selected_or_gate_blocked
train-011327,unprocessed,,0,not_selected_or_gate_blocked
train-011329,unprocessed,,0,not_selected_or_gate_blocked
train-011332,unprocessed,,0,not_selected_or_gate_blocked
train-011333,unprocessed,,0,not_selected_or_gate_blocked
train-011335,unprocessed,,0,not_selected_or_gate_blocked
train-011336,unprocessed,,0,not_selected_or_gate_blocked
train-011337,unprocessed,,0,not_selected_or_gate_blocked
train-011338,unprocessed,,0,not_selected_or_gate_blocked
train-011339,unprocessed,,0,not_selected_or_gate_blocked
train-011340,unprocessed,,0,not_selected_or_gate_blocked
train-011341,unprocessed,,0,not_selected_or_gate_blocked
train-011343,unprocessed,,0,not_selected_or_gate_blocked
train-011344,unprocessed,,0,not_selected_or_gate_blocked
train-011345,unprocessed,,0,not_selected_or_gate_blocked
train-011346,unprocessed,,0,not_selected_or_gate_blocked
train-011347,unprocessed,,0,not_selected_or_gate_blocked
train-011348,unprocessed,,0,not_selected_or_gate_blocked
train-011350,unprocessed,,0,not_selected_or_gate_blocked
train-011351,unprocessed,,0,not_selected_or_gate_blocked
train-011353,unprocessed,,0,not_selected_or_gate_blocked
train-011355,unprocessed,,0,not_selected_or_gate_blocked
train-011356,unprocessed,,0,not_selected_or_gate_blocked
train-011357,unprocessed,,0,not_selected_or_gate_blocked
train-011358,unprocessed,,0,not_selected_or_gate_blocked
train-011359,unprocessed,,0,not_selected_or_gate_blocked
train-011360,unprocessed,,0,not_selected_or_gate_blocked
train-011361,unprocessed,,0,not_selected_or_gate_blocked
train-011362,unprocessed,,0,not_selected_or_gate_blocked
train-011363,unprocessed,,0,not_selected_or_gate_blocked
train-011364,unprocessed,,0,not_selected_or_gate_blocked
train-011365,unprocessed,,0,not_selected_or_gate_blocked
train-011368,unprocessed,,0,not_selected_or_gate_blocked
train-011369,unprocessed,,0,not_selected_or_gate_blocked
train-011371,unprocessed,,0,not_selected_or_gate_blocked
train-011373,unprocessed,,0,not_selected_or_gate_blocked
train-011374,unprocessed,,0,not_selected_or_gate_blocked
train-011375,unprocessed,,0,not_selected_or_gate_blocked
train-011376,unprocessed,,0,not_selected_or_gate_blocked
train-011378,unprocessed,,0,not_selected_or_gate_blocked
train-011379,unprocessed,,0,not_selected_or_gate_blocked
train-011381,unprocessed,,0,not_selected_or_gate_blocked
train-011382,unprocessed,,0,not_selected_or_gate_blocked
train-011384,unprocessed,,0,not_selected_or_gate_blocked
train-011385,unprocessed,,0,not_selected_or_gate_blocked
train-011386,unprocessed,,0,not_selected_or_gate_blocked
train-011388,unprocessed,,0,not_selected_or_gate_blocked
train-011389,unprocessed,,0,not_selected_or_gate_blocked
train-011390,unprocessed,,0,not_selected_or_gate_blocked
train-011393,unprocessed,,0,not_selected_or_gate_blocked
train-011394,unprocessed,,0,not_selected_or_gate_blocked
train-011395,unprocessed,,0,not_selected_or_gate_blocked
train-011396,unprocessed,,0,not_selected_or_gate_blocked
train-011397,unprocessed,,0,not_selected_or_gate_blocked
train-011398,unprocessed,,0,not_selected_or_gate_blocked
train-011399,unprocessed,,0,not_selected_or_gate_blocked
train-011400,unprocessed,,0,not_selected_or_gate_blocked
train-011402,unprocessed,,0,not_selected_or_gate_blocked
train-011403,unprocessed,,0,not_selected_or_gate_blocked
train-011404,unprocessed,,0,not_selected_or_gate_blocked
train-011405,unprocessed,,0,not_selected_or_gate_blocked
train-011406,unprocessed,,0,not_selected_or_gate_blocked
train-011407,unprocessed,,0,not_selected_or_gate_blocked
train-011410,unprocessed,,0,not_selected_or_gate_blocked
train-011411,unprocessed,,0,not_selected_or_gate_blocked
train-011414,unprocessed,,0,not_selected_or_gate_blocked
train-011415,unprocessed,,0,not_selected_or_gate_blocked
train-011416,unprocessed,,0,not_selected_or_gate_blocked
train-011418,unprocessed,,0,not_selected_or_gate_blocked
train-011419,unprocessed,,0,not_selected_or_gate_blocked
train-011423,unprocessed,,0,not_selected_or_gate_blocked
train-011425,unprocessed,,0,not_selected_or_gate_blocked
train-011426,unprocessed,,0,not_selected_or_gate_blocked
train-011427,unprocessed,,0,not_selected_or_gate_blocked
train-011428,unprocessed,,0,not_selected_or_gate_blocked
train-011429,unprocessed,,0,not_selected_or_gate_blocked
train-011430,unprocessed,,0,not_selected_or_gate_blocked
train-011431,unprocessed,,0,not_selected_or_gate_blocked
train-011432,unprocessed,,0,not_selected_or_gate_blocked
train-011433,unprocessed,,0,not_selected_or_gate_blocked
train-011434,unprocessed,,0,not_selected_or_gate_blocked
train-011437,unprocessed,,0,not_selected_or_gate_blocked
train-011439,unprocessed,,0,not_selected_or_gate_blocked
train-011440,unprocessed,,0,not_selected_or_gate_blocked
train-011442,unprocessed,,0,not_selected_or_gate_blocked
train-011444,unprocessed,,0,not_selected_or_gate_blocked
train-011446,unprocessed,,0,not_selected_or_gate_blocked
train-011447,unprocessed,,0,not_selected_or_gate_blocked
train-011448,unprocessed,,0,not_selected_or_gate_blocked
train-011449,unprocessed,,0,not_selected_or_gate_blocked
train-011450,unprocessed,,0,not_selected_or_gate_blocked
train-011451,unprocessed,,0,not_selected_or_gate_blocked
train-011452,unprocessed,,0,not_selected_or_gate_blocked
train-011455,unprocessed,,0,not_selected_or_gate_blocked
train-011456,unprocessed,,0,not_selected_or_gate_blocked
train-011458,unprocessed,,0,not_selected_or_gate_blocked
train-011459,unprocessed,,0,not_selected_or_gate_blocked
train-011461,unprocessed,,0,not_selected_or_gate_blocked
train-011462,unprocessed,,0,not_selected_or_gate_blocked
train-011467,unprocessed,,0,not_selected_or_gate_blocked
train-011468,unprocessed,,0,not_selected_or_gate_blocked
train-011473,unprocessed,,0,not_selected_or_gate_blocked
train-011474,unprocessed,,0,not_selected_or_gate_blocked
train-011475,unprocessed,,0,not_selected_or_gate_blocked
train-011477,unprocessed,,0,not_selected_or_gate_blocked
train-011478,unprocessed,,0,not_selected_or_gate_blocked
train-011480,unprocessed,,0,not_selected_or_gate_blocked
train-011482,unprocessed,,0,not_selected_or_gate_blocked
train-011484,unprocessed,,0,not_selected_or_gate_blocked
train-011485,unprocessed,,0,not_selected_or_gate_blocked
train-011486,unprocessed,,0,not_selected_or_gate_blocked
train-011487,unprocessed,,0,not_selected_or_gate_blocked
train-011488,unprocessed,,0,not_selected_or_gate_blocked
train-011489,unprocessed,,0,not_selected_or_gate_blocked
train-011491,unprocessed,,0,not_selected_or_gate_blocked
train-011493,unprocessed,,0,not_selected_or_gate_blocked
train-011494,unprocessed,,0,not_selected_or_gate_blocked
train-011495,unprocessed,,0,not_selected_or_gate_blocked
train-011496,unprocessed,,0,not_selected_or_gate_blocked
train-011497,unprocessed,,0,not_selected_or_gate_blocked
train-011498,unprocessed,,0,not_selected_or_gate_blocked
train-011499,unprocessed,,0,not_selected_or_gate_blocked
train-011500,unprocessed,,0,not_selected_or_gate_blocked
train-011502,unprocessed,,0,not_selected_or_gate_blocked
train-011503,unprocessed,,0,not_selected_or_gate_blocked
train-011504,unprocessed,,0,not_selected_or_gate_blocked
train-011507,unprocessed,,0,not_selected_or_gate_blocked
train-011510,unprocessed,,0,not_selected_or_gate_blocked
train-011511,unprocessed,,0,not_selected_or_gate_blocked
train-011512,unprocessed,,0,not_selected_or_gate_blocked
train-011513,unprocessed,,0,not_selected_or_gate_blocked
train-011514,unprocessed,,0,not_selected_or_gate_blocked
train-011517,unprocessed,,0,not_selected_or_gate_blocked
train-011519,unprocessed,,0,not_selected_or_gate_blocked
train-011521,unprocessed,,0,not_selected_or_gate_blocked
train-011523,unprocessed,,0,not_selected_or_gate_blocked
train-011525,unprocessed,,0,not_selected_or_gate_blocked
train-011526,unprocessed,,0,not_selected_or_gate_blocked
train-011527,unprocessed,,0,not_selected_or_gate_blocked
train-011531,unprocessed,,0,not_selected_or_gate_blocked
train-011532,unprocessed,,0,not_selected_or_gate_blocked
train-011535,unprocessed,,0,not_selected_or_gate_blocked
train-011537,unprocessed,,0,not_selected_or_gate_blocked
train-011539,unprocessed,,0,not_selected_or_gate_blocked
train-011540,unprocessed,,0,not_selected_or_gate_blocked
train-011541,unprocessed,,0,not_selected_or_gate_blocked
train-011543,unprocessed,,0,not_selected_or_gate_blocked
train-011544,unprocessed,,0,not_selected_or_gate_blocked
train-011546,unprocessed,,0,not_selected_or_gate_blocked
train-011547,unprocessed,,0,not_selected_or_gate_blocked
train-011549,unprocessed,,0,not_selected_or_gate_blocked
train-011550,unprocessed,,0,not_selected_or_gate_blocked
train-011551,unprocessed,,0,not_selected_or_gate_blocked
train-011552,unprocessed,,0,not_selected_or_gate_blocked
train-011553,unprocessed,,0,not_selected_or_gate_blocked
train-011554,unprocessed,,0,not_selected_or_gate_blocked
train-011555,unprocessed,,0,not_selected_or_gate_blocked
train-011556,unprocessed,,0,not_selected_or_gate_blocked
train-011558,unprocessed,,0,not_selected_or_gate_blocked
train-011559,unprocessed,,0,not_selected_or_gate_blocked
train-011560,unprocessed,,0,not_selected_or_gate_blocked
train-011561,unprocessed,,0,not_selected_or_gate_blocked
train-011564,unprocessed,,0,not_selected_or_gate_blocked
train-011565,unprocessed,,0,not_selected_or_gate_blocked
train-011566,unprocessed,,0,not_selected_or_gate_blocked
train-011568,unprocessed,,0,not_selected_or_gate_blocked
train-011569,unprocessed,,0,not_selected_or_gate_blocked
train-011570,unprocessed,,0,not_selected_or_gate_blocked
train-011572,unprocessed,,0,not_selected_or_gate_blocked
train-011573,unprocessed,,0,not_selected_or_gate_blocked
train-011575,unprocessed,,0,not_selected_or_gate_blocked
train-011576,unprocessed,,0,not_selected_or_gate_blocked
train-011577,unprocessed,,0,not_selected_or_gate_blocked
train-011578,unprocessed,,0,not_selected_or_gate_blocked
train-011579,unprocessed,,0,not_selected_or_gate_blocked
train-011580,unprocessed,,0,not_selected_or_gate_blocked
train-011582,unprocessed,,0,not_selected_or_gate_blocked
train-011583,unprocessed,,0,not_selected_or_gate_blocked
train-011584,unprocessed,,0,not_selected_or_gate_blocked
train-011585,unprocessed,,0,not_selected_or_gate_blocked
train-011586,unprocessed,,0,not_selected_or_gate_blocked
train-011587,unprocessed,,0,not_selected_or_gate_blocked
train-011588,unprocessed,,0,not_selected_or_gate_blocked
train-011589,unprocessed,,0,not_selected_or_gate_blocked
train-011590,unprocessed,,0,not_selected_or_gate_blocked
train-011592,unprocessed,,0,not_selected_or_gate_blocked
train-011593,unprocessed,,0,not_selected_or_gate_blocked
train-011594,unprocessed,,0,not_selected_or_gate_blocked
train-011595,unprocessed,,0,not_selected_or_gate_blocked
train-011596,unprocessed,,0,not_selected_or_gate_blocked
train-011598,unprocessed,,0,not_selected_or_gate_blocked
train-011599,unprocessed,,0,not_selected_or_gate_blocked
train-011600,unprocessed,,0,not_selected_or_gate_blocked
train-011601,unprocessed,,0,not_selected_or_gate_blocked
train-011602,unprocessed,,0,not_selected_or_gate_blocked
train-011604,unprocessed,,0,not_selected_or_gate_blocked
train-011606,unprocessed,,0,not_selected_or_gate_blocked
train-011607,unprocessed,,0,not_selected_or_gate_blocked
train-011608,unprocessed,,0,not_selected_or_gate_blocked
train-011610,unprocessed,,0,not_selected_or_gate_blocked
train-011611,unprocessed,,0,not_selected_or_gate_blocked
train-011612,unprocessed,,0,not_selected_or_gate_blocked
train-011613,unprocessed,,0,not_selected_or_gate_blocked
train-011614,unprocessed,,0,not_selected_or_gate_blocked
train-011615,unprocessed,,0,not_selected_or_gate_blocked
train-011616,unprocessed,,0,not_selected_or_gate_blocked
train-011620,unprocessed,,0,not_selected_or_gate_blocked
train-011622,unprocessed,,0,not_selected_or_gate_blocked
train-011623,unprocessed,,0,not_selected_or_gate_blocked
train-011625,unprocessed,,0,not_selected_or_gate_blocked
train-011627,unprocessed,,0,not_selected_or_gate_blocked
train-011628,unprocessed,,0,not_selected_or_gate_blocked
train-011629,unprocessed,,0,not_selected_or_gate_blocked
train-011630,unprocessed,,0,not_selected_or_gate_blocked
train-011632,unprocessed,,0,not_selected_or_gate_blocked
train-011633,unprocessed,,0,not_selected_or_gate_blocked
train-011635,unprocessed,,0,not_selected_or_gate_blocked
train-011637,unprocessed,,0,not_selected_or_gate_blocked
train-011640,unprocessed,,0,not_selected_or_gate_blocked
train-011641,unprocessed,,0,not_selected_or_gate_blocked
train-011642,unprocessed,,0,not_selected_or_gate_blocked
train-011643,unprocessed,,0,not_selected_or_gate_blocked
train-011644,unprocessed,,0,not_selected_or_gate_blocked
train-011646,unprocessed,,0,not_selected_or_gate_blocked
train-011648,unprocessed,,0,not_selected_or_gate_blocked
train-011649,unprocessed,,0,not_selected_or_gate_blocked
train-011650,unprocessed,,0,not_selected_or_gate_blocked
train-011652,unprocessed,,0,not_selected_or_gate_blocked
train-011653,unprocessed,,0,not_selected_or_gate_blocked
train-011654,unprocessed,,0,not_selected_or_gate_blocked
train-011655,unprocessed,,0,not_selected_or_gate_blocked
train-011656,unprocessed,,0,not_selected_or_gate_blocked
train-011658,unprocessed,,0,not_selected_or_gate_blocked
train-011659,unprocessed,,0,not_selected_or_gate_blocked
train-011660,unprocessed,,0,not_selected_or_gate_blocked
train-011662,unprocessed,,0,not_selected_or_gate_blocked
train-011665,unprocessed,,0,not_selected_or_gate_blocked
train-011668,unprocessed,,0,not_selected_or_gate_blocked
train-011669,unprocessed,,0,not_selected_or_gate_blocked
train-011670,unprocessed,,0,not_selected_or_gate_blocked
train-011671,unprocessed,,0,not_selected_or_gate_blocked
train-011672,unprocessed,,0,not_selected_or_gate_blocked
train-011673,unprocessed,,0,not_selected_or_gate_blocked
train-011674,unprocessed,,0,not_selected_or_gate_blocked
train-011675,unprocessed,,0,not_selected_or_gate_blocked
train-011676,unprocessed,,0,not_selected_or_gate_blocked
train-011677,unprocessed,,0,not_selected_or_gate_blocked
train-011678,unprocessed,,0,not_selected_or_gate_blocked
train-011679,unprocessed,,0,not_selected_or_gate_blocked
train-011680,unprocessed,,0,not_selected_or_gate_blocked
train-011682,unprocessed,,0,not_selected_or_gate_blocked
train-011683,unprocessed,,0,not_selected_or_gate_blocked
train-011684,unprocessed,,0,not_selected_or_gate_blocked
train-011685,unprocessed,,0,not_selected_or_gate_blocked
train-011686,unprocessed,,0,not_selected_or_gate_blocked
train-011687,unprocessed,,0,not_selected_or_gate_blocked
train-011688,unprocessed,,0,not_selected_or_gate_blocked
train-011691,unprocessed,,0,not_selected_or_gate_blocked
train-011692,unprocessed,,0,not_selected_or_gate_blocked
train-011693,unprocessed,,0,not_selected_or_gate_blocked
train-011694,unprocessed,,0,not_selected_or_gate_blocked
train-011695,unprocessed,,0,not_selected_or_gate_blocked
train-011696,unprocessed,,0,not_selected_or_gate_blocked
train-011697,unprocessed,,0,not_selected_or_gate_blocked
train-011698,unprocessed,,0,not_selected_or_gate_blocked
train-011700,unprocessed,,0,not_selected_or_gate_blocked
train-011701,unprocessed,,0,not_selected_or_gate_blocked
train-011702,unprocessed,,0,not_selected_or_gate_blocked
train-011703,unprocessed,,0,not_selected_or_gate_blocked
train-011704,unprocessed,,0,not_selected_or_gate_blocked
train-011705,unprocessed,,0,not_selected_or_gate_blocked
train-011706,unprocessed,,0,not_selected_or_gate_blocked
train-011708,unprocessed,,0,not_selected_or_gate_blocked
train-011712,unprocessed,,0,not_selected_or_gate_blocked
train-011714,unprocessed,,0,not_selected_or_gate_blocked
train-011715,unprocessed,,0,not_selected_or_gate_blocked
train-011717,unprocessed,,0,not_selected_or_gate_blocked
train-011718,unprocessed,,0,not_selected_or_gate_blocked
train-011720,unprocessed,,0,not_selected_or_gate_blocked
train-011722,unprocessed,,0,not_selected_or_gate_blocked
train-011723,unprocessed,,0,not_selected_or_gate_blocked
train-011725,unprocessed,,0,not_selected_or_gate_blocked
train-011726,unprocessed,,0,not_selected_or_gate_blocked
train-011727,unprocessed,,0,not_selected_or_gate_blocked
train-011730,unprocessed,,0,not_selected_or_gate_blocked
train-011731,unprocessed,,0,not_selected_or_gate_blocked
train-011735,unprocessed,,0,not_selected_or_gate_blocked
train-011736,unprocessed,,0,not_selected_or_gate_blocked
train-011738,unprocessed,,0,not_selected_or_gate_blocked
train-011739,unprocessed,,0,not_selected_or_gate_blocked
train-011741,unprocessed,,0,not_selected_or_gate_blocked
train-011743,unprocessed,,0,not_selected_or_gate_blocked
train-011744,unprocessed,,0,not_selected_or_gate_blocked
train-011745,unprocessed,,0,not_selected_or_gate_blocked
train-011746,unprocessed,,0,not_selected_or_gate_blocked
train-011747,unprocessed,,0,not_selected_or_gate_blocked
train-011749,unprocessed,,0,not_selected_or_gate_blocked
train-011750,unprocessed,,0,not_selected_or_gate_blocked
train-011751,unprocessed,,0,not_selected_or_gate_blocked
train-011754,unprocessed,,0,not_selected_or_gate_blocked
train-011755,unprocessed,,0,not_selected_or_gate_blocked
train-011756,unprocessed,,0,not_selected_or_gate_blocked
train-011757,unprocessed,,0,not_selected_or_gate_blocked
train-011758,unprocessed,,0,not_selected_or_gate_blocked
train-011759,unprocessed,,0,not_selected_or_gate_blocked
train-011760,unprocessed,,0,not_selected_or_gate_blocked
train-011762,unprocessed,,0,not_selected_or_gate_blocked
train-011763,unprocessed,,0,not_selected_or_gate_blocked
train-011765,unprocessed,,0,not_selected_or_gate_blocked
train-011768,unprocessed,,0,not_selected_or_gate_blocked
train-011769,unprocessed,,0,not_selected_or_gate_blocked
train-011770,unprocessed,,0,not_selected_or_gate_blocked
train-011771,unprocessed,,0,not_selected_or_gate_blocked
train-011772,unprocessed,,0,not_selected_or_gate_blocked
train-011773,unprocessed,,0,not_selected_or_gate_blocked
train-011774,unprocessed,,0,not_selected_or_gate_blocked
train-011775,unprocessed,,0,not_selected_or_gate_blocked
train-011776,unprocessed,,0,not_selected_or_gate_blocked
train-011777,unprocessed,,0,not_selected_or_gate_blocked
train-011779,unprocessed,,0,not_selected_or_gate_blocked
train-011780,unprocessed,,0,not_selected_or_gate_blocked
train-011782,unprocessed,,0,not_selected_or_gate_blocked
train-011784,unprocessed,,0,not_selected_or_gate_blocked
train-011786,unprocessed,,0,not_selected_or_gate_blocked
train-011787,unprocessed,,0,not_selected_or_gate_blocked
train-011788,unprocessed,,0,not_selected_or_gate_blocked
train-011789,unprocessed,,0,not_selected_or_gate_blocked
train-011790,unprocessed,,0,not_selected_or_gate_blocked
train-011791,unprocessed,,0,not_selected_or_gate_blocked
train-011792,unprocessed,,0,not_selected_or_gate_blocked
train-011793,unprocessed,,0,not_selected_or_gate_blocked
train-011794,unprocessed,,0,not_selected_or_gate_blocked
train-011795,unprocessed,,0,not_selected_or_gate_blocked
train-011796,unprocessed,,0,not_selected_or_gate_blocked
train-011798,unprocessed,,0,not_selected_or_gate_blocked
train-011799,unprocessed,,0,not_selected_or_gate_blocked
train-011800,unprocessed,,0,not_selected_or_gate_blocked
train-011802,unprocessed,,0,not_selected_or_gate_blocked
train-011803,unprocessed,,0,not_selected_or_gate_blocked
train-011804,unprocessed,,0,not_selected_or_gate_blocked
train-011805,unprocessed,,0,not_selected_or_gate_blocked
train-011806,unprocessed,,0,not_selected_or_gate_blocked
train-011807,unprocessed,,0,not_selected_or_gate_blocked
train-011808,unprocessed,,0,not_selected_or_gate_blocked
train-011809,unprocessed,,0,not_selected_or_gate_blocked
train-011810,unprocessed,,0,not_selected_or_gate_blocked
train-011813,unprocessed,,0,not_selected_or_gate_blocked
train-011814,unprocessed,,0,not_selected_or_gate_blocked
train-011816,unprocessed,,0,not_selected_or_gate_blocked
train-011821,unprocessed,,0,not_selected_or_gate_blocked
train-011822,unprocessed,,0,not_selected_or_gate_blocked
train-011823,unprocessed,,0,not_selected_or_gate_blocked
train-011824,unprocessed,,0,not_selected_or_gate_blocked
train-011825,unprocessed,,0,not_selected_or_gate_blocked
train-011826,unprocessed,,0,not_selected_or_gate_blocked
train-011827,unprocessed,,0,not_selected_or_gate_blocked
train-011828,unprocessed,,0,not_selected_or_gate_blocked
train-011829,unprocessed,,0,not_selected_or_gate_blocked
train-011830,unprocessed,,0,not_selected_or_gate_blocked
train-011831,unprocessed,,0,not_selected_or_gate_blocked
train-011832,unprocessed,,0,not_selected_or_gate_blocked
train-011833,unprocessed,,0,not_selected_or_gate_blocked
train-011834,unprocessed,,0,not_selected_or_gate_blocked
train-011835,unprocessed,,0,not_selected_or_gate_blocked
train-011837,unprocessed,,0,not_selected_or_gate_blocked
train-011838,unprocessed,,0,not_selected_or_gate_blocked
train-011839,unprocessed,,0,not_selected_or_gate_blocked
train-011841,unprocessed,,0,not_selected_or_gate_blocked
train-011842,unprocessed,,0,not_selected_or_gate_blocked
train-011843,unprocessed,,0,not_selected_or_gate_blocked
train-011845,unprocessed,,0,not_selected_or_gate_blocked
train-011846,unprocessed,,0,not_selected_or_gate_blocked
train-011848,unprocessed,,0,not_selected_or_gate_blocked
train-011849,unprocessed,,0,not_selected_or_gate_blocked
train-011852,unprocessed,,0,not_selected_or_gate_blocked
train-011853,unprocessed,,0,not_selected_or_gate_blocked
train-011855,unprocessed,,0,not_selected_or_gate_blocked
train-011858,unprocessed,,0,not_selected_or_gate_blocked
train-011859,unprocessed,,0,not_selected_or_gate_blocked
train-011860,unprocessed,,0,not_selected_or_gate_blocked
train-011861,unprocessed,,0,not_selected_or_gate_blocked
train-011862,unprocessed,,0,not_selected_or_gate_blocked
train-011864,unprocessed,,0,not_selected_or_gate_blocked
train-011866,unprocessed,,0,not_selected_or_gate_blocked
train-011867,unprocessed,,0,not_selected_or_gate_blocked
train-011868,unprocessed,,0,not_selected_or_gate_blocked
train-011869,unprocessed,,0,not_selected_or_gate_blocked
train-011870,unprocessed,,0,not_selected_or_gate_blocked
train-011871,unprocessed,,0,not_selected_or_gate_blocked
train-011872,unprocessed,,0,not_selected_or_gate_blocked
train-011873,unprocessed,,0,not_selected_or_gate_blocked
train-011874,unprocessed,,0,not_selected_or_gate_blocked
train-011880,unprocessed,,0,not_selected_or_gate_blocked
train-011883,unprocessed,,0,not_selected_or_gate_blocked
train-011885,unprocessed,,0,not_selected_or_gate_blocked
train-011887,unprocessed,,0,not_selected_or_gate_blocked
train-011889,unprocessed,,0,not_selected_or_gate_blocked
train-011891,unprocessed,,0,not_selected_or_gate_blocked
train-011892,unprocessed,,0,not_selected_or_gate_blocked
train-011893,unprocessed,,0,not_selected_or_gate_blocked
train-011896,unprocessed,,0,not_selected_or_gate_blocked
train-011897,unprocessed,,0,not_selected_or_gate_blocked
train-011898,unprocessed,,0,not_selected_or_gate_blocked
train-011899,unprocessed,,0,not_selected_or_gate_blocked
train-011901,unprocessed,,0,not_selected_or_gate_blocked
train-011902,unprocessed,,0,not_selected_or_gate_blocked
train-011904,unprocessed,,0,not_selected_or_gate_blocked
train-011905,unprocessed,,0,not_selected_or_gate_blocked
train-011906,unprocessed,,0,not_selected_or_gate_blocked
train-011907,unprocessed,,0,not_selected_or_gate_blocked
train-011910,unprocessed,,0,not_selected_or_gate_blocked
train-011912,unprocessed,,0,not_selected_or_gate_blocked
train-011913,unprocessed,,0,not_selected_or_gate_blocked
train-011914,unprocessed,,0,not_selected_or_gate_blocked
train-011915,unprocessed,,0,not_selected_or_gate_blocked
train-011916,unprocessed,,0,not_selected_or_gate_blocked
train-011918,unprocessed,,0,not_selected_or_gate_blocked
train-011919,unprocessed,,0,not_selected_or_gate_blocked
train-011920,unprocessed,,0,not_selected_or_gate_blocked
train-011921,unprocessed,,0,not_selected_or_gate_blocked
train-011923,unprocessed,,0,not_selected_or_gate_blocked
train-011925,unprocessed,,0,not_selected_or_gate_blocked
train-011926,unprocessed,,0,not_selected_or_gate_blocked
train-011928,unprocessed,,0,not_selected_or_gate_blocked
train-011929,unprocessed,,0,not_selected_or_gate_blocked
train-011930,unprocessed,,0,not_selected_or_gate_blocked
train-011931,unprocessed,,0,not_selected_or_gate_blocked
train-011932,unprocessed,,0,not_selected_or_gate_blocked
train-011933,unprocessed,,0,not_selected_or_gate_blocked
train-011937,unprocessed,,0,not_selected_or_gate_blocked
train-011939,unprocessed,,0,not_selected_or_gate_blocked
train-011940,unprocessed,,0,not_selected_or_gate_blocked
train-011941,unprocessed,,0,not_selected_or_gate_blocked
train-011943,unprocessed,,0,not_selected_or_gate_blocked
train-011944,unprocessed,,0,not_selected_or_gate_blocked
train-011946,unprocessed,,0,not_selected_or_gate_blocked
train-011947,unprocessed,,0,not_selected_or_gate_blocked
train-011949,unprocessed,,0,not_selected_or_gate_blocked
train-011950,unprocessed,,0,not_selected_or_gate_blocked
train-011951,unprocessed,,0,not_selected_or_gate_blocked
train-011952,unprocessed,,0,not_selected_or_gate_blocked
train-011953,unprocessed,,0,not_selected_or_gate_blocked
train-011954,unprocessed,,0,not_selected_or_gate_blocked
train-011955,unprocessed,,0,not_selected_or_gate_blocked
train-011958,unprocessed,,0,not_selected_or_gate_blocked
train-011959,unprocessed,,0,not_selected_or_gate_blocked
train-011960,unprocessed,,0,not_selected_or_gate_blocked
train-011961,unprocessed,,0,not_selected_or_gate_blocked
train-011962,unprocessed,,0,not_selected_or_gate_blocked
train-011963,unprocessed,,0,not_selected_or_gate_blocked
train-011964,unprocessed,,0,not_selected_or_gate_blocked
train-011965,unprocessed,,0,not_selected_or_gate_blocked
train-011966,unprocessed,,0,not_selected_or_gate_blocked
train-011967,unprocessed,,0,not_selected_or_gate_blocked
train-011968,unprocessed,,0,not_selected_or_gate_blocked
train-011969,unprocessed,,0,not_selected_or_gate_blocked
train-011970,unprocessed,,0,not_selected_or_gate_blocked
train-011971,unprocessed,,0,not_selected_or_gate_blocked
train-011975,unprocessed,,0,not_selected_or_gate_blocked
train-011977,unprocessed,,0,not_selected_or_gate_blocked
train-011978,unprocessed,,0,not_selected_or_gate_blocked
train-011979,unprocessed,,0,not_selected_or_gate_blocked
train-011980,unprocessed,,0,not_selected_or_gate_blocked
train-011982,unprocessed,,0,not_selected_or_gate_blocked
train-011983,unprocessed,,0,not_selected_or_gate_blocked
train-011984,unprocessed,,0,not_selected_or_gate_blocked
train-011985,unprocessed,,0,not_selected_or_gate_blocked
train-011987,unprocessed,,0,not_selected_or_gate_blocked
train-011989,unprocessed,,0,not_selected_or_gate_blocked
train-011990,unprocessed,,0,not_selected_or_gate_blocked
train-011991,unprocessed,,0,not_selected_or_gate_blocked
train-011993,unprocessed,,0,not_selected_or_gate_blocked
train-011994,unprocessed,,0,not_selected_or_gate_blocked
train-011995,unprocessed,,0,not_selected_or_gate_blocked
train-011996,unprocessed,,0,not_selected_or_gate_blocked
train-011997,unprocessed,,0,not_selected_or_gate_blocked
train-011998,unprocessed,,0,not_selected_or_gate_blocked
train-012002,unprocessed,,0,not_selected_or_gate_blocked
train-012005,unprocessed,,0,not_selected_or_gate_blocked
train-012006,unprocessed,,0,not_selected_or_gate_blocked
train-012008,unprocessed,,0,not_selected_or_gate_blocked
train-012009,unprocessed,,0,not_selected_or_gate_blocked
train-012011,unprocessed,,0,not_selected_or_gate_blocked
train-012012,unprocessed,,0,not_selected_or_gate_blocked
train-012013,unprocessed,,0,not_selected_or_gate_blocked
train-012014,unprocessed,,0,not_selected_or_gate_blocked
train-012015,unprocessed,,0,not_selected_or_gate_blocked
train-012016,unprocessed,,0,not_selected_or_gate_blocked
train-012017,unprocessed,,0,not_selected_or_gate_blocked
train-012018,unprocessed,,0,not_selected_or_gate_blocked
train-012019,unprocessed,,0,not_selected_or_gate_blocked
train-012021,unprocessed,,0,not_selected_or_gate_blocked
train-012022,unprocessed,,0,not_selected_or_gate_blocked
train-012024,unprocessed,,0,not_selected_or_gate_blocked
train-012025,unprocessed,,0,not_selected_or_gate_blocked
train-012026,unprocessed,,0,not_selected_or_gate_blocked
train-012027,unprocessed,,0,not_selected_or_gate_blocked
train-012029,unprocessed,,0,not_selected_or_gate_blocked
train-012031,unprocessed,,0,not_selected_or_gate_blocked
train-012032,unprocessed,,0,not_selected_or_gate_blocked
train-012034,unprocessed,,0,not_selected_or_gate_blocked
train-012035,unprocessed,,0,not_selected_or_gate_blocked
train-012036,unprocessed,,0,not_selected_or_gate_blocked
train-012037,unprocessed,,0,not_selected_or_gate_blocked
train-012039,unprocessed,,0,not_selected_or_gate_blocked
train-012040,unprocessed,,0,not_selected_or_gate_blocked
train-012041,unprocessed,,0,not_selected_or_gate_blocked
train-012042,unprocessed,,0,not_selected_or_gate_blocked
train-012044,unprocessed,,0,not_selected_or_gate_blocked
train-012045,unprocessed,,0,not_selected_or_gate_blocked
train-012046,unprocessed,,0,not_selected_or_gate_blocked
train-012047,unprocessed,,0,not_selected_or_gate_blocked
train-012048,unprocessed,,0,not_selected_or_gate_blocked
train-012049,unprocessed,,0,not_selected_or_gate_blocked
train-012052,unprocessed,,0,not_selected_or_gate_blocked
train-012053,unprocessed,,0,not_selected_or_gate_blocked
train-012054,unprocessed,,0,not_selected_or_gate_blocked
train-012055,unprocessed,,0,not_selected_or_gate_blocked
train-012056,unprocessed,,0,not_selected_or_gate_blocked
train-012058,unprocessed,,0,not_selected_or_gate_blocked
train-012059,unprocessed,,0,not_selected_or_gate_blocked
train-012060,unprocessed,,0,not_selected_or_gate_blocked
train-012062,unprocessed,,0,not_selected_or_gate_blocked
train-012063,unprocessed,,0,not_selected_or_gate_blocked
train-012064,unprocessed,,0,not_selected_or_gate_blocked
train-012065,unprocessed,,0,not_selected_or_gate_blocked
train-012066,unprocessed,,0,not_selected_or_gate_blocked
train-012067,unprocessed,,0,not_selected_or_gate_blocked
train-012069,unprocessed,,0,not_selected_or_gate_blocked
train-012072,unprocessed,,0,not_selected_or_gate_blocked
train-012073,unprocessed,,0,not_selected_or_gate_blocked
train-012074,unprocessed,,0,not_selected_or_gate_blocked
train-012077,unprocessed,,0,not_selected_or_gate_blocked
train-012083,unprocessed,,0,not_selected_or_gate_blocked
train-012084,unprocessed,,0,not_selected_or_gate_blocked
train-012085,unprocessed,,0,not_selected_or_gate_blocked
train-012087,unprocessed,,0,not_selected_or_gate_blocked
train-012090,unprocessed,,0,not_selected_or_gate_blocked
train-012091,unprocessed,,0,not_selected_or_gate_blocked
train-012092,unprocessed,,0,not_selected_or_gate_blocked
train-012093,unprocessed,,0,not_selected_or_gate_blocked
train-012094,unprocessed,,0,not_selected_or_gate_blocked
train-012095,unprocessed,,0,not_selected_or_gate_blocked
train-012097,unprocessed,,0,not_selected_or_gate_blocked
train-012100,unprocessed,,0,not_selected_or_gate_blocked
train-012101,unprocessed,,0,not_selected_or_gate_blocked
train-012102,unprocessed,,0,not_selected_or_gate_blocked
train-012104,unprocessed,,0,not_selected_or_gate_blocked
train-012105,unprocessed,,0,not_selected_or_gate_blocked
train-012106,unprocessed,,0,not_selected_or_gate_blocked
train-012107,unprocessed,,0,not_selected_or_gate_blocked
train-012108,unprocessed,,0,not_selected_or_gate_blocked
train-012110,unprocessed,,0,not_selected_or_gate_blocked
train-012111,unprocessed,,0,not_selected_or_gate_blocked
train-012112,unprocessed,,0,not_selected_or_gate_blocked
train-012113,unprocessed,,0,not_selected_or_gate_blocked
train-012114,unprocessed,,0,not_selected_or_gate_blocked
train-012116,unprocessed,,0,not_selected_or_gate_blocked
train-012117,unprocessed,,0,not_selected_or_gate_blocked
train-012118,unprocessed,,0,not_selected_or_gate_blocked
train-012119,unprocessed,,0,not_selected_or_gate_blocked
train-012120,unprocessed,,0,not_selected_or_gate_blocked
train-012121,unprocessed,,0,not_selected_or_gate_blocked
train-012122,unprocessed,,0,not_selected_or_gate_blocked
train-012123,unprocessed,,0,not_selected_or_gate_blocked
train-012125,unprocessed,,0,not_selected_or_gate_blocked
train-012127,unprocessed,,0,not_selected_or_gate_blocked
train-012128,unprocessed,,0,not_selected_or_gate_blocked
train-012129,unprocessed,,0,not_selected_or_gate_blocked
train-012130,unprocessed,,0,not_selected_or_gate_blocked
train-012131,unprocessed,,0,not_selected_or_gate_blocked
train-012132,unprocessed,,0,not_selected_or_gate_blocked
train-012134,unprocessed,,0,not_selected_or_gate_blocked
train-012135,unprocessed,,0,not_selected_or_gate_blocked
train-012136,unprocessed,,0,not_selected_or_gate_blocked
train-012138,unprocessed,,0,not_selected_or_gate_blocked
train-012141,unprocessed,,0,not_selected_or_gate_blocked
train-012142,unprocessed,,0,not_selected_or_gate_blocked
train-012143,unprocessed,,0,not_selected_or_gate_blocked
train-012144,unprocessed,,0,not_selected_or_gate_blocked
train-012145,unprocessed,,0,not_selected_or_gate_blocked
train-012146,unprocessed,,0,not_selected_or_gate_blocked
train-012147,unprocessed,,0,not_selected_or_gate_blocked
train-012148,unprocessed,,0,not_selected_or_gate_blocked
train-012149,unprocessed,,0,not_selected_or_gate_blocked
train-012150,unprocessed,,0,not_selected_or_gate_blocked
train-012153,unprocessed,,0,not_selected_or_gate_blocked
train-012156,unprocessed,,0,not_selected_or_gate_blocked
train-012158,unprocessed,,0,not_selected_or_gate_blocked
train-012160,unprocessed,,0,not_selected_or_gate_blocked
train-012161,unprocessed,,0,not_selected_or_gate_blocked
train-012162,unprocessed,,0,not_selected_or_gate_blocked
train-012163,unprocessed,,0,not_selected_or_gate_blocked
train-012164,unprocessed,,0,not_selected_or_gate_blocked
train-012165,unprocessed,,0,not_selected_or_gate_blocked
train-012167,unprocessed,,0,not_selected_or_gate_blocked
train-012168,unprocessed,,0,not_selected_or_gate_blocked
train-012169,unprocessed,,0,not_selected_or_gate_blocked
train-012170,unprocessed,,0,not_selected_or_gate_blocked
train-012172,unprocessed,,0,not_selected_or_gate_blocked
train-012173,unprocessed,,0,not_selected_or_gate_blocked
train-012174,unprocessed,,0,not_selected_or_gate_blocked
train-012175,unprocessed,,0,not_selected_or_gate_blocked
train-012176,unprocessed,,0,not_selected_or_gate_blocked
train-012177,unprocessed,,0,not_selected_or_gate_blocked
train-012178,unprocessed,,0,not_selected_or_gate_blocked
train-012179,unprocessed,,0,not_selected_or_gate_blocked
train-012180,unprocessed,,0,not_selected_or_gate_blocked
train-012181,unprocessed,,0,not_selected_or_gate_blocked
train-012182,unprocessed,,0,not_selected_or_gate_blocked
train-012183,unprocessed,,0,not_selected_or_gate_blocked
train-012184,unprocessed,,0,not_selected_or_gate_blocked
train-012185,unprocessed,,0,not_selected_or_gate_blocked
train-012186,unprocessed,,0,not_selected_or_gate_blocked
train-012189,unprocessed,,0,not_selected_or_gate_blocked
train-012191,unprocessed,,0,not_selected_or_gate_blocked
train-012192,unprocessed,,0,not_selected_or_gate_blocked
train-012194,unprocessed,,0,not_selected_or_gate_blocked
train-012195,unprocessed,,0,not_selected_or_gate_blocked
train-012196,unprocessed,,0,not_selected_or_gate_blocked
train-012199,unprocessed,,0,not_selected_or_gate_blocked
train-012200,unprocessed,,0,not_selected_or_gate_blocked
train-012201,unprocessed,,0,not_selected_or_gate_blocked
train-012202,unprocessed,,0,not_selected_or_gate_blocked
train-012204,unprocessed,,0,not_selected_or_gate_blocked
train-012205,unprocessed,,0,not_selected_or_gate_blocked
train-012206,unprocessed,,0,not_selected_or_gate_blocked
train-012208,unprocessed,,0,not_selected_or_gate_blocked
train-012209,unprocessed,,0,not_selected_or_gate_blocked
train-012215,unprocessed,,0,not_selected_or_gate_blocked
train-012216,unprocessed,,0,not_selected_or_gate_blocked
train-012217,unprocessed,,0,not_selected_or_gate_blocked
train-012218,unprocessed,,0,not_selected_or_gate_blocked
train-012220,unprocessed,,0,not_selected_or_gate_blocked
train-012222,unprocessed,,0,not_selected_or_gate_blocked
train-012223,unprocessed,,0,not_selected_or_gate_blocked
train-012224,unprocessed,,0,not_selected_or_gate_blocked
train-012225,unprocessed,,0,not_selected_or_gate_blocked
train-012226,unprocessed,,0,not_selected_or_gate_blocked
train-012227,unprocessed,,0,not_selected_or_gate_blocked
train-012228,unprocessed,,0,not_selected_or_gate_blocked
train-012230,unprocessed,,0,not_selected_or_gate_blocked
train-012232,unprocessed,,0,not_selected_or_gate_blocked
train-012233,unprocessed,,0,not_selected_or_gate_blocked
train-012236,unprocessed,,0,not_selected_or_gate_blocked
train-012237,unprocessed,,0,not_selected_or_gate_blocked
train-012238,unprocessed,,0,not_selected_or_gate_blocked
train-012239,unprocessed,,0,not_selected_or_gate_blocked
train-012240,unprocessed,,0,not_selected_or_gate_blocked
train-012241,unprocessed,,0,not_selected_or_gate_blocked
train-012242,unprocessed,,0,not_selected_or_gate_blocked
train-012244,unprocessed,,0,not_selected_or_gate_blocked
train-012245,unprocessed,,0,not_selected_or_gate_blocked
train-012246,unprocessed,,0,not_selected_or_gate_blocked
train-012247,unprocessed,,0,not_selected_or_gate_blocked
train-012248,unprocessed,,0,not_selected_or_gate_blocked
train-012249,unprocessed,,0,not_selected_or_gate_blocked
train-012253,unprocessed,,0,not_selected_or_gate_blocked
train-012255,unprocessed,,0,not_selected_or_gate_blocked
train-012256,unprocessed,,0,not_selected_or_gate_blocked
train-012258,unprocessed,,0,not_selected_or_gate_blocked
train-012260,unprocessed,,0,not_selected_or_gate_blocked
train-012261,unprocessed,,0,not_selected_or_gate_blocked
train-012262,unprocessed,,0,not_selected_or_gate_blocked
train-012263,unprocessed,,0,not_selected_or_gate_blocked
train-012264,unprocessed,,0,not_selected_or_gate_blocked
train-012265,unprocessed,,0,not_selected_or_gate_blocked
train-012266,unprocessed,,0,not_selected_or_gate_blocked
train-012268,unprocessed,,0,not_selected_or_gate_blocked
train-012269,unprocessed,,0,not_selected_or_gate_blocked
train-012270,unprocessed,,0,not_selected_or_gate_blocked
train-012271,unprocessed,,0,not_selected_or_gate_blocked
train-012272,unprocessed,,0,not_selected_or_gate_blocked
train-012273,unprocessed,,0,not_selected_or_gate_blocked
train-012274,unprocessed,,0,not_selected_or_gate_blocked
train-012275,unprocessed,,0,not_selected_or_gate_blocked
train-012277,unprocessed,,0,not_selected_or_gate_blocked
train-012279,unprocessed,,0,not_selected_or_gate_blocked
train-012280,unprocessed,,0,not_selected_or_gate_blocked
train-012281,unprocessed,,0,not_selected_or_gate_blocked
train-012282,unprocessed,,0,not_selected_or_gate_blocked
train-012283,unprocessed,,0,not_selected_or_gate_blocked
train-012284,unprocessed,,0,not_selected_or_gate_blocked
train-012285,unprocessed,,0,not_selected_or_gate_blocked
train-012286,unprocessed,,0,not_selected_or_gate_blocked
train-012288,unprocessed,,0,not_selected_or_gate_blocked
train-012289,unprocessed,,0,not_selected_or_gate_blocked
train-012290,unprocessed,,0,not_selected_or_gate_blocked
train-012291,unprocessed,,0,not_selected_or_gate_blocked
train-012292,unprocessed,,0,not_selected_or_gate_blocked
train-012293,unprocessed,,0,not_selected_or_gate_blocked
train-012294,unprocessed,,0,not_selected_or_gate_blocked
train-012295,unprocessed,,0,not_selected_or_gate_blocked
train-012296,unprocessed,,0,not_selected_or_gate_blocked
train-012298,unprocessed,,0,not_selected_or_gate_blocked
train-012300,unprocessed,,0,not_selected_or_gate_blocked
train-012302,unprocessed,,0,not_selected_or_gate_blocked
train-012303,unprocessed,,0,not_selected_or_gate_blocked
train-012304,unprocessed,,0,not_selected_or_gate_blocked
train-012305,unprocessed,,0,not_selected_or_gate_blocked
train-012306,unprocessed,,0,not_selected_or_gate_blocked
train-012310,unprocessed,,0,not_selected_or_gate_blocked
train-012313,unprocessed,,0,not_selected_or_gate_blocked
train-012314,unprocessed,,0,not_selected_or_gate_blocked
train-012316,unprocessed,,0,not_selected_or_gate_blocked
train-012318,unprocessed,,0,not_selected_or_gate_blocked
train-012319,unprocessed,,0,not_selected_or_gate_blocked
train-012321,unprocessed,,0,not_selected_or_gate_blocked
train-012322,unprocessed,,0,not_selected_or_gate_blocked
train-012323,unprocessed,,0,not_selected_or_gate_blocked
train-012325,unprocessed,,0,not_selected_or_gate_blocked
train-012328,unprocessed,,0,not_selected_or_gate_blocked
train-012329,unprocessed,,0,not_selected_or_gate_blocked
train-012330,unprocessed,,0,not_selected_or_gate_blocked
train-012331,unprocessed,,0,not_selected_or_gate_blocked
train-012332,unprocessed,,0,not_selected_or_gate_blocked
train-012333,unprocessed,,0,not_selected_or_gate_blocked
train-012334,unprocessed,,0,not_selected_or_gate_blocked
train-012335,unprocessed,,0,not_selected_or_gate_blocked
train-012337,unprocessed,,0,not_selected_or_gate_blocked
train-012338,unprocessed,,0,not_selected_or_gate_blocked
train-012339,unprocessed,,0,not_selected_or_gate_blocked
train-012340,unprocessed,,0,not_selected_or_gate_blocked
train-012341,unprocessed,,0,not_selected_or_gate_blocked
train-012343,unprocessed,,0,not_selected_or_gate_blocked
train-012344,unprocessed,,0,not_selected_or_gate_blocked
train-012345,unprocessed,,0,not_selected_or_gate_blocked
train-012346,unprocessed,,0,not_selected_or_gate_blocked
train-012349,unprocessed,,0,not_selected_or_gate_blocked
train-012350,unprocessed,,0,not_selected_or_gate_blocked
train-012351,unprocessed,,0,not_selected_or_gate_blocked
train-012352,unprocessed,,0,not_selected_or_gate_blocked
train-012353,unprocessed,,0,not_selected_or_gate_blocked
train-012354,unprocessed,,0,not_selected_or_gate_blocked
train-012355,unprocessed,,0,not_selected_or_gate_blocked
train-012356,unprocessed,,0,not_selected_or_gate_blocked
train-012358,unprocessed,,0,not_selected_or_gate_blocked
train-012359,unprocessed,,0,not_selected_or_gate_blocked
train-012361,unprocessed,,0,not_selected_or_gate_blocked
train-012363,unprocessed,,0,not_selected_or_gate_blocked
train-012364,unprocessed,,0,not_selected_or_gate_blocked
train-012365,unprocessed,,0,not_selected_or_gate_blocked
train-012367,unprocessed,,0,not_selected_or_gate_blocked
train-012368,unprocessed,,0,not_selected_or_gate_blocked
train-012370,unprocessed,,0,not_selected_or_gate_blocked
train-012371,unprocessed,,0,not_selected_or_gate_blocked
train-012373,unprocessed,,0,not_selected_or_gate_blocked
train-012374,unprocessed,,0,not_selected_or_gate_blocked
train-012376,unprocessed,,0,not_selected_or_gate_blocked
train-012377,unprocessed,,0,not_selected_or_gate_blocked
train-012378,unprocessed,,0,not_selected_or_gate_blocked
train-012379,unprocessed,,0,not_selected_or_gate_blocked
train-012380,unprocessed,,0,not_selected_or_gate_blocked
train-012381,unprocessed,,0,not_selected_or_gate_blocked
train-012382,unprocessed,,0,not_selected_or_gate_blocked
train-012384,unprocessed,,0,not_selected_or_gate_blocked
train-012386,unprocessed,,0,not_selected_or_gate_blocked
train-012387,unprocessed,,0,not_selected_or_gate_blocked
train-012388,unprocessed,,0,not_selected_or_gate_blocked
train-012389,unprocessed,,0,not_selected_or_gate_blocked
train-012392,unprocessed,,0,not_selected_or_gate_blocked
train-012394,unprocessed,,0,not_selected_or_gate_blocked
train-012395,unprocessed,,0,not_selected_or_gate_blocked
train-012396,unprocessed,,0,not_selected_or_gate_blocked
train-012397,unprocessed,,0,not_selected_or_gate_blocked
train-012399,unprocessed,,0,not_selected_or_gate_blocked
train-012401,unprocessed,,0,not_selected_or_gate_blocked
train-012402,unprocessed,,0,not_selected_or_gate_blocked
train-012403,unprocessed,,0,not_selected_or_gate_blocked
train-012404,unprocessed,,0,not_selected_or_gate_blocked
train-012405,unprocessed,,0,not_selected_or_gate_blocked
train-012406,unprocessed,,0,not_selected_or_gate_blocked
train-012407,unprocessed,,0,not_selected_or_gate_blocked
train-012408,unprocessed,,0,not_selected_or_gate_blocked
train-012410,unprocessed,,0,not_selected_or_gate_blocked
train-012411,unprocessed,,0,not_selected_or_gate_blocked
train-012412,unprocessed,,0,not_selected_or_gate_blocked
train-012413,unprocessed,,0,not_selected_or_gate_blocked
train-012415,unprocessed,,0,not_selected_or_gate_blocked
train-012416,unprocessed,,0,not_selected_or_gate_blocked
train-012418,unprocessed,,0,not_selected_or_gate_blocked
train-012419,unprocessed,,0,not_selected_or_gate_blocked
train-012420,unprocessed,,0,not_selected_or_gate_blocked
train-012422,unprocessed,,0,not_selected_or_gate_blocked
train-012423,unprocessed,,0,not_selected_or_gate_blocked
train-012424,unprocessed,,0,not_selected_or_gate_blocked
train-012425,unprocessed,,0,not_selected_or_gate_blocked
train-012426,unprocessed,,0,not_selected_or_gate_blocked
train-012427,unprocessed,,0,not_selected_or_gate_blocked
train-012429,unprocessed,,0,not_selected_or_gate_blocked
train-012431,unprocessed,,0,not_selected_or_gate_blocked
train-012432,unprocessed,,0,not_selected_or_gate_blocked
train-012433,unprocessed,,0,not_selected_or_gate_blocked
train-012435,unprocessed,,0,not_selected_or_gate_blocked
train-012436,unprocessed,,0,not_selected_or_gate_blocked
train-012437,unprocessed,,0,not_selected_or_gate_blocked
train-012438,unprocessed,,0,not_selected_or_gate_blocked
train-012443,unprocessed,,0,not_selected_or_gate_blocked
train-012444,unprocessed,,0,not_selected_or_gate_blocked
train-012445,unprocessed,,0,not_selected_or_gate_blocked
train-012446,unprocessed,,0,not_selected_or_gate_blocked
train-012447,unprocessed,,0,not_selected_or_gate_blocked
train-012449,unprocessed,,0,not_selected_or_gate_blocked
train-012450,unprocessed,,0,not_selected_or_gate_blocked
train-012453,unprocessed,,0,not_selected_or_gate_blocked
train-012454,unprocessed,,0,not_selected_or_gate_blocked
train-012456,unprocessed,,0,not_selected_or_gate_blocked
train-012457,unprocessed,,0,not_selected_or_gate_blocked
train-012458,unprocessed,,0,not_selected_or_gate_blocked
train-012459,unprocessed,,0,not_selected_or_gate_blocked
train-012461,unprocessed,,0,not_selected_or_gate_blocked
train-012462,unprocessed,,0,not_selected_or_gate_blocked
train-012463,unprocessed,,0,not_selected_or_gate_blocked
train-012465,unprocessed,,0,not_selected_or_gate_blocked
train-012466,unprocessed,,0,not_selected_or_gate_blocked
train-012467,unprocessed,,0,not_selected_or_gate_blocked
train-012468,unprocessed,,0,not_selected_or_gate_blocked
train-012469,unprocessed,,0,not_selected_or_gate_blocked
train-012470,unprocessed,,0,not_selected_or_gate_blocked
train-012471,unprocessed,,0,not_selected_or_gate_blocked
train-012473,unprocessed,,0,not_selected_or_gate_blocked
train-012475,unprocessed,,0,not_selected_or_gate_blocked
train-012477,unprocessed,,0,not_selected_or_gate_blocked
train-012478,unprocessed,,0,not_selected_or_gate_blocked
train-012479,unprocessed,,0,not_selected_or_gate_blocked
train-012484,unprocessed,,0,not_selected_or_gate_blocked
train-012487,unprocessed,,0,not_selected_or_gate_blocked
train-012488,unprocessed,,0,not_selected_or_gate_blocked
train-012489,unprocessed,,0,not_selected_or_gate_blocked
train-012490,unprocessed,,0,not_selected_or_gate_blocked
train-012491,unprocessed,,0,not_selected_or_gate_blocked
train-012492,unprocessed,,0,not_selected_or_gate_blocked
train-012493,unprocessed,,0,not_selected_or_gate_blocked
train-012494,unprocessed,,0,not_selected_or_gate_blocked
train-012495,unprocessed,,0,not_selected_or_gate_blocked
train-012498,unprocessed,,0,not_selected_or_gate_blocked
train-012499,unprocessed,,0,not_selected_or_gate_blocked
train-012500,unprocessed,,0,not_selected_or_gate_blocked
train-012501,unprocessed,,0,not_selected_or_gate_blocked
train-012503,unprocessed,,0,not_selected_or_gate_blocked
train-012504,unprocessed,,0,not_selected_or_gate_blocked
train-012505,unprocessed,,0,not_selected_or_gate_blocked
train-012506,unprocessed,,0,not_selected_or_gate_blocked
train-012507,unprocessed,,0,not_selected_or_gate_blocked
train-012508,unprocessed,,0,not_selected_or_gate_blocked
train-012509,unprocessed,,0,not_selected_or_gate_blocked
train-012511,unprocessed,,0,not_selected_or_gate_blocked
train-012512,unprocessed,,0,not_selected_or_gate_blocked
train-012513,unprocessed,,0,not_selected_or_gate_blocked
train-012514,unprocessed,,0,not_selected_or_gate_blocked
train-012515,unprocessed,,0,not_selected_or_gate_blocked
train-012516,unprocessed,,0,not_selected_or_gate_blocked
train-012518,unprocessed,,0,not_selected_or_gate_blocked
train-012520,unprocessed,,0,not_selected_or_gate_blocked
train-012521,unprocessed,,0,not_selected_or_gate_blocked
train-012522,unprocessed,,0,not_selected_or_gate_blocked
train-012523,unprocessed,,0,not_selected_or_gate_blocked
train-012524,unprocessed,,0,not_selected_or_gate_blocked
train-012525,unprocessed,,0,not_selected_or_gate_blocked
train-012526,unprocessed,,0,not_selected_or_gate_blocked
train-012527,unprocessed,,0,not_selected_or_gate_blocked
train-012529,unprocessed,,0,not_selected_or_gate_blocked
train-012530,unprocessed,,0,not_selected_or_gate_blocked
train-012531,unprocessed,,0,not_selected_or_gate_blocked
train-012532,unprocessed,,0,not_selected_or_gate_blocked
train-012533,unprocessed,,0,not_selected_or_gate_blocked
train-012534,unprocessed,,0,not_selected_or_gate_blocked
train-012538,unprocessed,,0,not_selected_or_gate_blocked
train-012539,unprocessed,,0,not_selected_or_gate_blocked
train-012540,unprocessed,,0,not_selected_or_gate_blocked
train-012541,unprocessed,,0,not_selected_or_gate_blocked
train-012542,unprocessed,,0,not_selected_or_gate_blocked
train-012543,unprocessed,,0,not_selected_or_gate_blocked
train-012544,unprocessed,,0,not_selected_or_gate_blocked
train-012545,unprocessed,,0,not_selected_or_gate_blocked
train-012546,unprocessed,,0,not_selected_or_gate_blocked
train-012547,unprocessed,,0,not_selected_or_gate_blocked
train-012548,unprocessed,,0,not_selected_or_gate_blocked
train-012549,unprocessed,,0,not_selected_or_gate_blocked
train-012551,unprocessed,,0,not_selected_or_gate_blocked
train-012553,unprocessed,,0,not_selected_or_gate_blocked
train-012554,unprocessed,,0,not_selected_or_gate_blocked
train-012555,unprocessed,,0,not_selected_or_gate_blocked
train-012556,unprocessed,,0,not_selected_or_gate_blocked
train-012557,unprocessed,,0,not_selected_or_gate_blocked
train-012559,unprocessed,,0,not_selected_or_gate_blocked
train-012563,unprocessed,,0,not_selected_or_gate_blocked
train-012564,unprocessed,,0,not_selected_or_gate_blocked
train-012565,unprocessed,,0,not_selected_or_gate_blocked
train-012566,unprocessed,,0,not_selected_or_gate_blocked
train-012567,unprocessed,,0,not_selected_or_gate_blocked
train-012568,unprocessed,,0,not_selected_or_gate_blocked
train-012569,unprocessed,,0,not_selected_or_gate_blocked
train-012570,unprocessed,,0,not_selected_or_gate_blocked
train-012571,unprocessed,,0,not_selected_or_gate_blocked
train-012572,unprocessed,,0,not_selected_or_gate_blocked
train-012573,unprocessed,,0,not_selected_or_gate_blocked
train-012574,unprocessed,,0,not_selected_or_gate_blocked
train-012575,unprocessed,,0,not_selected_or_gate_blocked
train-012577,unprocessed,,0,not_selected_or_gate_blocked
train-012578,unprocessed,,0,not_selected_or_gate_blocked
train-012579,unprocessed,,0,not_selected_or_gate_blocked
train-012580,unprocessed,,0,not_selected_or_gate_blocked
train-012583,unprocessed,,0,not_selected_or_gate_blocked
train-012584,unprocessed,,0,not_selected_or_gate_blocked
train-012585,unprocessed,,0,not_selected_or_gate_blocked
train-012587,unprocessed,,0,not_selected_or_gate_blocked
train-012588,unprocessed,,0,not_selected_or_gate_blocked
train-012589,unprocessed,,0,not_selected_or_gate_blocked
train-012591,unprocessed,,0,not_selected_or_gate_blocked
train-012595,unprocessed,,0,not_selected_or_gate_blocked
train-012596,unprocessed,,0,not_selected_or_gate_blocked
train-012597,unprocessed,,0,not_selected_or_gate_blocked
train-012599,unprocessed,,0,not_selected_or_gate_blocked
train-012600,unprocessed,,0,not_selected_or_gate_blocked
train-012602,unprocessed,,0,not_selected_or_gate_blocked
train-012603,unprocessed,,0,not_selected_or_gate_blocked
train-012604,unprocessed,,0,not_selected_or_gate_blocked
train-012605,unprocessed,,0,not_selected_or_gate_blocked
train-012606,unprocessed,,0,not_selected_or_gate_blocked
train-012607,unprocessed,,0,not_selected_or_gate_blocked
train-012609,unprocessed,,0,not_selected_or_gate_blocked
train-012613,unprocessed,,0,not_selected_or_gate_blocked
train-012614,unprocessed,,0,not_selected_or_gate_blocked
train-012615,unprocessed,,0,not_selected_or_gate_blocked
train-012616,unprocessed,,0,not_selected_or_gate_blocked
train-012617,unprocessed,,0,not_selected_or_gate_blocked
train-012619,unprocessed,,0,not_selected_or_gate_blocked
train-012624,unprocessed,,0,not_selected_or_gate_blocked
train-012625,unprocessed,,0,not_selected_or_gate_blocked
train-012626,unprocessed,,0,not_selected_or_gate_blocked
train-012627,unprocessed,,0,not_selected_or_gate_blocked
train-012628,unprocessed,,0,not_selected_or_gate_blocked
train-012630,unprocessed,,0,not_selected_or_gate_blocked
train-012631,unprocessed,,0,not_selected_or_gate_blocked
train-012632,unprocessed,,0,not_selected_or_gate_blocked
train-012633,unprocessed,,0,not_selected_or_gate_blocked
train-012634,unprocessed,,0,not_selected_or_gate_blocked
train-012635,unprocessed,,0,not_selected_or_gate_blocked
train-012636,unprocessed,,0,not_selected_or_gate_blocked
train-012638,unprocessed,,0,not_selected_or_gate_blocked
train-012640,unprocessed,,0,not_selected_or_gate_blocked
train-012641,unprocessed,,0,not_selected_or_gate_blocked
train-012642,unprocessed,,0,not_selected_or_gate_blocked
train-012643,unprocessed,,0,not_selected_or_gate_blocked
train-012644,unprocessed,,0,not_selected_or_gate_blocked
train-012646,unprocessed,,0,not_selected_or_gate_blocked
train-012647,unprocessed,,0,not_selected_or_gate_blocked
train-012649,unprocessed,,0,not_selected_or_gate_blocked
train-012650,unprocessed,,0,not_selected_or_gate_blocked
train-012651,unprocessed,,0,not_selected_or_gate_blocked
train-012654,unprocessed,,0,not_selected_or_gate_blocked
train-012656,unprocessed,,0,not_selected_or_gate_blocked
train-012657,unprocessed,,0,not_selected_or_gate_blocked
train-012658,unprocessed,,0,not_selected_or_gate_blocked
train-012659,unprocessed,,0,not_selected_or_gate_blocked
train-012661,unprocessed,,0,not_selected_or_gate_blocked
train-012662,unprocessed,,0,not_selected_or_gate_blocked
train-012664,unprocessed,,0,not_selected_or_gate_blocked
train-012665,unprocessed,,0,not_selected_or_gate_blocked
train-012666,unprocessed,,0,not_selected_or_gate_blocked
train-012668,unprocessed,,0,not_selected_or_gate_blocked
train-012672,unprocessed,,0,not_selected_or_gate_blocked
train-012673,unprocessed,,0,not_selected_or_gate_blocked
train-012674,unprocessed,,0,not_selected_or_gate_blocked
train-012675,unprocessed,,0,not_selected_or_gate_blocked
train-012676,unprocessed,,0,not_selected_or_gate_blocked
train-012677,unprocessed,,0,not_selected_or_gate_blocked
train-012678,unprocessed,,0,not_selected_or_gate_blocked
train-012679,unprocessed,,0,not_selected_or_gate_blocked
train-012680,unprocessed,,0,not_selected_or_gate_blocked
train-012683,unprocessed,,0,not_selected_or_gate_blocked
train-012684,unprocessed,,0,not_selected_or_gate_blocked
train-012685,unprocessed,,0,not_selected_or_gate_blocked
train-012687,unprocessed,,0,not_selected_or_gate_blocked
train-012688,unprocessed,,0,not_selected_or_gate_blocked
train-012689,unprocessed,,0,not_selected_or_gate_blocked
train-012690,unprocessed,,0,not_selected_or_gate_blocked
train-012691,unprocessed,,0,not_selected_or_gate_blocked
train-012692,unprocessed,,0,not_selected_or_gate_blocked
train-012694,unprocessed,,0,not_selected_or_gate_blocked
train-012695,unprocessed,,0,not_selected_or_gate_blocked
train-012696,unprocessed,,0,not_selected_or_gate_blocked
train-012698,unprocessed,,0,not_selected_or_gate_blocked
train-012699,unprocessed,,0,not_selected_or_gate_blocked
train-012702,unprocessed,,0,not_selected_or_gate_blocked
train-012703,unprocessed,,0,not_selected_or_gate_blocked
train-012704,unprocessed,,0,not_selected_or_gate_blocked
train-012705,unprocessed,,0,not_selected_or_gate_blocked
train-012706,unprocessed,,0,not_selected_or_gate_blocked
train-012708,unprocessed,,0,not_selected_or_gate_blocked
train-012709,unprocessed,,0,not_selected_or_gate_blocked
train-012710,unprocessed,,0,not_selected_or_gate_blocked
train-012711,unprocessed,,0,not_selected_or_gate_blocked
train-012713,unprocessed,,0,not_selected_or_gate_blocked
train-012714,unprocessed,,0,not_selected_or_gate_blocked
train-012717,unprocessed,,0,not_selected_or_gate_blocked
train-012718,unprocessed,,0,not_selected_or_gate_blocked
train-012720,unprocessed,,0,not_selected_or_gate_blocked
train-012722,unprocessed,,0,not_selected_or_gate_blocked
train-012723,unprocessed,,0,not_selected_or_gate_blocked
train-012724,unprocessed,,0,not_selected_or_gate_blocked
train-012725,unprocessed,,0,not_selected_or_gate_blocked
train-012726,unprocessed,,0,not_selected_or_gate_blocked
train-012727,unprocessed,,0,not_selected_or_gate_blocked
train-012728,unprocessed,,0,not_selected_or_gate_blocked
train-012729,unprocessed,,0,not_selected_or_gate_blocked
train-012730,unprocessed,,0,not_selected_or_gate_blocked
train-012731,unprocessed,,0,not_selected_or_gate_blocked
train-012733,unprocessed,,0,not_selected_or_gate_blocked
train-012734,unprocessed,,0,not_selected_or_gate_blocked
train-012736,unprocessed,,0,not_selected_or_gate_blocked
train-012738,unprocessed,,0,not_selected_or_gate_blocked
train-012739,unprocessed,,0,not_selected_or_gate_blocked
train-012741,unprocessed,,0,not_selected_or_gate_blocked
train-012742,unprocessed,,0,not_selected_or_gate_blocked
train-012743,unprocessed,,0,not_selected_or_gate_blocked
train-012744,unprocessed,,0,not_selected_or_gate_blocked
train-012745,unprocessed,,0,not_selected_or_gate_blocked
train-012746,unprocessed,,0,not_selected_or_gate_blocked
train-012747,unprocessed,,0,not_selected_or_gate_blocked
train-012748,unprocessed,,0,not_selected_or_gate_blocked
train-012749,unprocessed,,0,not_selected_or_gate_blocked
train-012750,unprocessed,,0,not_selected_or_gate_blocked
train-012751,unprocessed,,0,not_selected_or_gate_blocked
train-012752,unprocessed,,0,not_selected_or_gate_blocked
train-012753,unprocessed,,0,not_selected_or_gate_blocked
train-012754,unprocessed,,0,not_selected_or_gate_blocked
train-012757,unprocessed,,0,not_selected_or_gate_blocked
train-012760,unprocessed,,0,not_selected_or_gate_blocked
train-012763,unprocessed,,0,not_selected_or_gate_blocked
train-012765,unprocessed,,0,not_selected_or_gate_blocked
train-012766,unprocessed,,0,not_selected_or_gate_blocked
train-012767,unprocessed,,0,not_selected_or_gate_blocked
train-012768,unprocessed,,0,not_selected_or_gate_blocked
train-012769,unprocessed,,0,not_selected_or_gate_blocked
train-012770,unprocessed,,0,not_selected_or_gate_blocked
train-012771,unprocessed,,0,not_selected_or_gate_blocked
train-012772,unprocessed,,0,not_selected_or_gate_blocked
train-012774,unprocessed,,0,not_selected_or_gate_blocked
train-012775,unprocessed,,0,not_selected_or_gate_blocked
train-012776,unprocessed,,0,not_selected_or_gate_blocked
train-012779,unprocessed,,0,not_selected_or_gate_blocked
train-012780,unprocessed,,0,not_selected_or_gate_blocked
train-012781,unprocessed,,0,not_selected_or_gate_blocked
train-012783,unprocessed,,0,not_selected_or_gate_blocked
train-012786,unprocessed,,0,not_selected_or_gate_blocked
train-012788,unprocessed,,0,not_selected_or_gate_blocked
train-012789,unprocessed,,0,not_selected_or_gate_blocked
train-012790,unprocessed,,0,not_selected_or_gate_blocked
train-012791,unprocessed,,0,not_selected_or_gate_blocked
train-012792,unprocessed,,0,not_selected_or_gate_blocked
train-012793,unprocessed,,0,not_selected_or_gate_blocked
train-012794,unprocessed,,0,not_selected_or_gate_blocked
train-012797,unprocessed,,0,not_selected_or_gate_blocked
train-012799,unprocessed,,0,not_selected_or_gate_blocked
train-012801,unprocessed,,0,not_selected_or_gate_blocked
train-012803,unprocessed,,0,not_selected_or_gate_blocked
train-012808,unprocessed,,0,not_selected_or_gate_blocked
train-012810,unprocessed,,0,not_selected_or_gate_blocked
train-012811,unprocessed,,0,not_selected_or_gate_blocked
train-012813,unprocessed,,0,not_selected_or_gate_blocked
train-012814,unprocessed,,0,not_selected_or_gate_blocked
train-012815,unprocessed,,0,not_selected_or_gate_blocked
train-012816,unprocessed,,0,not_selected_or_gate_blocked
train-012818,unprocessed,,0,not_selected_or_gate_blocked
train-012819,unprocessed,,0,not_selected_or_gate_blocked
train-012820,unprocessed,,0,not_selected_or_gate_blocked
train-012821,unprocessed,,0,not_selected_or_gate_blocked
train-012822,unprocessed,,0,not_selected_or_gate_blocked
train-012823,unprocessed,,0,not_selected_or_gate_blocked
train-012824,unprocessed,,0,not_selected_or_gate_blocked
train-012825,unprocessed,,0,not_selected_or_gate_blocked
train-012826,unprocessed,,0,not_selected_or_gate_blocked
train-012827,unprocessed,,0,not_selected_or_gate_blocked
train-012828,unprocessed,,0,not_selected_or_gate_blocked
train-012829,unprocessed,,0,not_selected_or_gate_blocked
train-012831,unprocessed,,0,not_selected_or_gate_blocked
train-012834,unprocessed,,0,not_selected_or_gate_blocked
train-012835,unprocessed,,0,not_selected_or_gate_blocked
train-012838,unprocessed,,0,not_selected_or_gate_blocked
train-012840,unprocessed,,0,not_selected_or_gate_blocked
train-012841,unprocessed,,0,not_selected_or_gate_blocked
train-012842,unprocessed,,0,not_selected_or_gate_blocked
train-012843,unprocessed,,0,not_selected_or_gate_blocked
train-012845,unprocessed,,0,not_selected_or_gate_blocked
train-012848,unprocessed,,0,not_selected_or_gate_blocked
train-012849,unprocessed,,0,not_selected_or_gate_blocked
train-012850,unprocessed,,0,not_selected_or_gate_blocked
train-012851,unprocessed,,0,not_selected_or_gate_blocked
train-012852,unprocessed,,0,not_selected_or_gate_blocked
train-012854,unprocessed,,0,not_selected_or_gate_blocked
train-012857,unprocessed,,0,not_selected_or_gate_blocked
train-012860,unprocessed,,0,not_selected_or_gate_blocked
train-012861,unprocessed,,0,not_selected_or_gate_blocked
train-012862,unprocessed,,0,not_selected_or_gate_blocked
train-012863,unprocessed,,0,not_selected_or_gate_blocked
train-012864,unprocessed,,0,not_selected_or_gate_blocked
train-012865,unprocessed,,0,not_selected_or_gate_blocked
train-012866,unprocessed,,0,not_selected_or_gate_blocked
train-012867,unprocessed,,0,not_selected_or_gate_blocked
train-012868,unprocessed,,0,not_selected_or_gate_blocked
train-012869,unprocessed,,0,not_selected_or_gate_blocked
train-012870,unprocessed,,0,not_selected_or_gate_blocked
train-012872,unprocessed,,0,not_selected_or_gate_blocked
train-012874,unprocessed,,0,not_selected_or_gate_blocked
train-012875,unprocessed,,0,not_selected_or_gate_blocked
train-012876,unprocessed,,0,not_selected_or_gate_blocked
train-012879,unprocessed,,0,not_selected_or_gate_blocked
train-012880,unprocessed,,0,not_selected_or_gate_blocked
train-012882,unprocessed,,0,not_selected_or_gate_blocked
train-012884,unprocessed,,0,not_selected_or_gate_blocked
train-012885,unprocessed,,0,not_selected_or_gate_blocked
train-012886,unprocessed,,0,not_selected_or_gate_blocked
train-012888,unprocessed,,0,not_selected_or_gate_blocked
train-012889,unprocessed,,0,not_selected_or_gate_blocked
train-012891,unprocessed,,0,not_selected_or_gate_blocked
train-012893,unprocessed,,0,not_selected_or_gate_blocked
train-012895,unprocessed,,0,not_selected_or_gate_blocked
train-012897,unprocessed,,0,not_selected_or_gate_blocked
train-012899,unprocessed,,0,not_selected_or_gate_blocked
train-012900,unprocessed,,0,not_selected_or_gate_blocked
train-012902,unprocessed,,0,not_selected_or_gate_blocked
train-012905,unprocessed,,0,not_selected_or_gate_blocked
train-012906,unprocessed,,0,not_selected_or_gate_blocked
train-012907,unprocessed,,0,not_selected_or_gate_blocked
train-012910,unprocessed,,0,not_selected_or_gate_blocked
train-012912,unprocessed,,0,not_selected_or_gate_blocked
train-012913,unprocessed,,0,not_selected_or_gate_blocked
train-012914,unprocessed,,0,not_selected_or_gate_blocked
train-012915,unprocessed,,0,not_selected_or_gate_blocked
train-012917,unprocessed,,0,not_selected_or_gate_blocked
train-012918,unprocessed,,0,not_selected_or_gate_blocked
train-012920,unprocessed,,0,not_selected_or_gate_blocked
train-012922,unprocessed,,0,not_selected_or_gate_blocked
train-012923,unprocessed,,0,not_selected_or_gate_blocked
train-012924,unprocessed,,0,not_selected_or_gate_blocked
train-012926,unprocessed,,0,not_selected_or_gate_blocked
train-012927,unprocessed,,0,not_selected_or_gate_blocked
train-012928,unprocessed,,0,not_selected_or_gate_blocked
train-012929,unprocessed,,0,not_selected_or_gate_blocked
train-012930,unprocessed,,0,not_selected_or_gate_blocked
train-012933,unprocessed,,0,not_selected_or_gate_blocked
train-012934,unprocessed,,0,not_selected_or_gate_blocked
train-012936,unprocessed,,0,not_selected_or_gate_blocked
train-012938,unprocessed,,0,not_selected_or_gate_blocked
train-012940,unprocessed,,0,not_selected_or_gate_blocked
train-012941,unprocessed,,0,not_selected_or_gate_blocked
train-012942,unprocessed,,0,not_selected_or_gate_blocked
train-012943,unprocessed,,0,not_selected_or_gate_blocked
train-012944,unprocessed,,0,not_selected_or_gate_blocked
train-012945,unprocessed,,0,not_selected_or_gate_blocked
train-012946,unprocessed,,0,not_selected_or_gate_blocked
train-012948,unprocessed,,0,not_selected_or_gate_blocked
train-012949,unprocessed,,0,not_selected_or_gate_blocked
train-012950,unprocessed,,0,not_selected_or_gate_blocked
train-012951,unprocessed,,0,not_selected_or_gate_blocked
train-012952,unprocessed,,0,not_selected_or_gate_blocked
train-012954,unprocessed,,0,not_selected_or_gate_blocked
train-012955,unprocessed,,0,not_selected_or_gate_blocked
train-012956,unprocessed,,0,not_selected_or_gate_blocked
train-012957,unprocessed,,0,not_selected_or_gate_blocked
train-012959,unprocessed,,0,not_selected_or_gate_blocked
train-012961,unprocessed,,0,not_selected_or_gate_blocked
train-012962,unprocessed,,0,not_selected_or_gate_blocked
train-012963,unprocessed,,0,not_selected_or_gate_blocked
train-012965,unprocessed,,0,not_selected_or_gate_blocked
train-012966,unprocessed,,0,not_selected_or_gate_blocked
train-012969,unprocessed,,0,not_selected_or_gate_blocked
train-012970,unprocessed,,0,not_selected_or_gate_blocked
train-012972,unprocessed,,0,not_selected_or_gate_blocked
train-012973,unprocessed,,0,not_selected_or_gate_blocked
train-012974,unprocessed,,0,not_selected_or_gate_blocked
train-012977,unprocessed,,0,not_selected_or_gate_blocked
train-012979,unprocessed,,0,not_selected_or_gate_blocked
train-012981,unprocessed,,0,not_selected_or_gate_blocked
train-012982,unprocessed,,0,not_selected_or_gate_blocked
train-012983,unprocessed,,0,not_selected_or_gate_blocked
train-012984,unprocessed,,0,not_selected_or_gate_blocked
train-012985,unprocessed,,0,not_selected_or_gate_blocked
train-012987,unprocessed,,0,not_selected_or_gate_blocked
train-012988,unprocessed,,0,not_selected_or_gate_blocked
train-012990,unprocessed,,0,not_selected_or_gate_blocked
train-012992,unprocessed,,0,not_selected_or_gate_blocked
train-012993,unprocessed,,0,not_selected_or_gate_blocked
train-012995,unprocessed,,0,not_selected_or_gate_blocked
train-012996,unprocessed,,0,not_selected_or_gate_blocked
train-012998,unprocessed,,0,not_selected_or_gate_blocked
train-012999,unprocessed,,0,not_selected_or_gate_blocked
train-013000,unprocessed,,0,not_selected_or_gate_blocked
train-013001,unprocessed,,0,not_selected_or_gate_blocked
train-013003,unprocessed,,0,not_selected_or_gate_blocked
train-013005,unprocessed,,0,not_selected_or_gate_blocked
train-013006,unprocessed,,0,not_selected_or_gate_blocked
train-013007,unprocessed,,0,not_selected_or_gate_blocked
train-013008,unprocessed,,0,not_selected_or_gate_blocked
train-013009,unprocessed,,0,not_selected_or_gate_blocked
train-013013,unprocessed,,0,not_selected_or_gate_blocked
train-013014,unprocessed,,0,not_selected_or_gate_blocked
train-013015,unprocessed,,0,not_selected_or_gate_blocked
train-013019,unprocessed,,0,not_selected_or_gate_blocked
train-013020,unprocessed,,0,not_selected_or_gate_blocked
train-013021,unprocessed,,0,not_selected_or_gate_blocked
train-013023,unprocessed,,0,not_selected_or_gate_blocked
train-013025,unprocessed,,0,not_selected_or_gate_blocked
train-013026,unprocessed,,0,not_selected_or_gate_blocked
train-013027,unprocessed,,0,not_selected_or_gate_blocked
train-013028,unprocessed,,0,not_selected_or_gate_blocked
train-013032,unprocessed,,0,not_selected_or_gate_blocked
train-013033,unprocessed,,0,not_selected_or_gate_blocked
train-013034,unprocessed,,0,not_selected_or_gate_blocked
train-013035,unprocessed,,0,not_selected_or_gate_blocked
train-013036,unprocessed,,0,not_selected_or_gate_blocked
train-013038,unprocessed,,0,not_selected_or_gate_blocked
train-013039,unprocessed,,0,not_selected_or_gate_blocked
train-013040,unprocessed,,0,not_selected_or_gate_blocked
train-013042,unprocessed,,0,not_selected_or_gate_blocked
train-013043,unprocessed,,0,not_selected_or_gate_blocked
train-013045,unprocessed,,0,not_selected_or_gate_blocked
train-013046,unprocessed,,0,not_selected_or_gate_blocked
train-013048,unprocessed,,0,not_selected_or_gate_blocked
train-013049,unprocessed,,0,not_selected_or_gate_blocked
train-013050,unprocessed,,0,not_selected_or_gate_blocked
train-013051,unprocessed,,0,not_selected_or_gate_blocked
train-013052,unprocessed,,0,not_selected_or_gate_blocked
train-013053,unprocessed,,0,not_selected_or_gate_blocked
train-013054,unprocessed,,0,not_selected_or_gate_blocked
train-013055,unprocessed,,0,not_selected_or_gate_blocked
train-013056,unprocessed,,0,not_selected_or_gate_blocked
train-013059,unprocessed,,0,not_selected_or_gate_blocked
train-013060,unprocessed,,0,not_selected_or_gate_blocked
train-013062,unprocessed,,0,not_selected_or_gate_blocked
train-013063,unprocessed,,0,not_selected_or_gate_blocked
train-013065,unprocessed,,0,not_selected_or_gate_blocked
train-013066,unprocessed,,0,not_selected_or_gate_blocked
train-013067,unprocessed,,0,not_selected_or_gate_blocked
train-013069,unprocessed,,0,not_selected_or_gate_blocked
train-013070,unprocessed,,0,not_selected_or_gate_blocked
train-013072,unprocessed,,0,not_selected_or_gate_blocked
train-013073,unprocessed,,0,not_selected_or_gate_blocked
train-013074,unprocessed,,0,not_selected_or_gate_blocked
train-013075,unprocessed,,0,not_selected_or_gate_blocked
train-013076,unprocessed,,0,not_selected_or_gate_blocked
train-013080,unprocessed,,0,not_selected_or_gate_blocked
train-013081,unprocessed,,0,not_selected_or_gate_blocked
train-013082,unprocessed,,0,not_selected_or_gate_blocked
train-013083,unprocessed,,0,not_selected_or_gate_blocked
train-013084,unprocessed,,0,not_selected_or_gate_blocked
train-013086,unprocessed,,0,not_selected_or_gate_blocked
train-013087,unprocessed,,0,not_selected_or_gate_blocked
train-013088,unprocessed,,0,not_selected_or_gate_blocked
train-013089,unprocessed,,0,not_selected_or_gate_blocked
train-013091,unprocessed,,0,not_selected_or_gate_blocked
train-013092,unprocessed,,0,not_selected_or_gate_blocked
train-013093,unprocessed,,0,not_selected_or_gate_blocked
train-013095,unprocessed,,0,not_selected_or_gate_blocked
train-013097,unprocessed,,0,not_selected_or_gate_blocked
train-013098,unprocessed,,0,not_selected_or_gate_blocked
train-013100,unprocessed,,0,not_selected_or_gate_blocked
train-013101,unprocessed,,0,not_selected_or_gate_blocked
train-013102,unprocessed,,0,not_selected_or_gate_blocked
train-013104,unprocessed,,0,not_selected_or_gate_blocked
train-013105,unprocessed,,0,not_selected_or_gate_blocked
train-013108,unprocessed,,0,not_selected_or_gate_blocked
train-013109,unprocessed,,0,not_selected_or_gate_blocked
train-013110,unprocessed,,0,not_selected_or_gate_blocked
train-013111,unprocessed,,0,not_selected_or_gate_blocked
train-013113,unprocessed,,0,not_selected_or_gate_blocked
train-013115,unprocessed,,0,not_selected_or_gate_blocked
train-013119,unprocessed,,0,not_selected_or_gate_blocked
train-013120,unprocessed,,0,not_selected_or_gate_blocked
train-013121,unprocessed,,0,not_selected_or_gate_blocked
train-013122,unprocessed,,0,not_selected_or_gate_blocked
train-013123,unprocessed,,0,not_selected_or_gate_blocked
train-013125,unprocessed,,0,not_selected_or_gate_blocked
train-013127,unprocessed,,0,not_selected_or_gate_blocked
train-013128,unprocessed,,0,not_selected_or_gate_blocked
train-013129,unprocessed,,0,not_selected_or_gate_blocked
train-013130,unprocessed,,0,not_selected_or_gate_blocked
train-013131,unprocessed,,0,not_selected_or_gate_blocked
train-013132,unprocessed,,0,not_selected_or_gate_blocked
train-013134,unprocessed,,0,not_selected_or_gate_blocked
train-013136,unprocessed,,0,not_selected_or_gate_blocked
train-013137,unprocessed,,0,not_selected_or_gate_blocked
train-013138,unprocessed,,0,not_selected_or_gate_blocked
train-013139,unprocessed,,0,not_selected_or_gate_blocked
train-013140,unprocessed,,0,not_selected_or_gate_blocked
train-013141,unprocessed,,0,not_selected_or_gate_blocked
train-013143,unprocessed,,0,not_selected_or_gate_blocked
train-013144,unprocessed,,0,not_selected_or_gate_blocked
train-013145,unprocessed,,0,not_selected_or_gate_blocked
train-013147,unprocessed,,0,not_selected_or_gate_blocked
train-013148,unprocessed,,0,not_selected_or_gate_blocked
train-013149,unprocessed,,0,not_selected_or_gate_blocked
train-013150,unprocessed,,0,not_selected_or_gate_blocked
train-013151,unprocessed,,0,not_selected_or_gate_blocked
train-013152,unprocessed,,0,not_selected_or_gate_blocked
train-013154,unprocessed,,0,not_selected_or_gate_blocked
train-013155,unprocessed,,0,not_selected_or_gate_blocked
train-013156,unprocessed,,0,not_selected_or_gate_blocked
train-013157,unprocessed,,0,not_selected_or_gate_blocked
train-013158,unprocessed,,0,not_selected_or_gate_blocked
train-013159,unprocessed,,0,not_selected_or_gate_blocked
train-013160,unprocessed,,0,not_selected_or_gate_blocked
train-013161,unprocessed,,0,not_selected_or_gate_blocked
train-013163,unprocessed,,0,not_selected_or_gate_blocked
train-013164,unprocessed,,0,not_selected_or_gate_blocked
train-013166,unprocessed,,0,not_selected_or_gate_blocked
train-013167,unprocessed,,0,not_selected_or_gate_blocked
train-013168,unprocessed,,0,not_selected_or_gate_blocked
train-013169,unprocessed,,0,not_selected_or_gate_blocked
train-013170,unprocessed,,0,not_selected_or_gate_blocked
train-013171,unprocessed,,0,not_selected_or_gate_blocked
train-013173,unprocessed,,0,not_selected_or_gate_blocked
train-013175,unprocessed,,0,not_selected_or_gate_blocked
train-013176,unprocessed,,0,not_selected_or_gate_blocked
train-013177,unprocessed,,0,not_selected_or_gate_blocked
train-013178,unprocessed,,0,not_selected_or_gate_blocked
train-013179,unprocessed,,0,not_selected_or_gate_blocked
train-013182,unprocessed,,0,not_selected_or_gate_blocked
train-013183,unprocessed,,0,not_selected_or_gate_blocked
train-013184,unprocessed,,0,not_selected_or_gate_blocked
train-013185,unprocessed,,0,not_selected_or_gate_blocked
train-013186,unprocessed,,0,not_selected_or_gate_blocked
train-013187,unprocessed,,0,not_selected_or_gate_blocked
train-013188,unprocessed,,0,not_selected_or_gate_blocked
train-013189,unprocessed,,0,not_selected_or_gate_blocked
train-013190,unprocessed,,0,not_selected_or_gate_blocked
train-013191,unprocessed,,0,not_selected_or_gate_blocked
train-013194,unprocessed,,0,not_selected_or_gate_blocked
train-013197,unprocessed,,0,not_selected_or_gate_blocked
train-013198,unprocessed,,0,not_selected_or_gate_blocked
train-013199,unprocessed,,0,not_selected_or_gate_blocked
train-013200,unprocessed,,0,not_selected_or_gate_blocked
train-013201,unprocessed,,0,not_selected_or_gate_blocked
train-013203,unprocessed,,0,not_selected_or_gate_blocked
train-013204,unprocessed,,0,not_selected_or_gate_blocked
train-013205,unprocessed,,0,not_selected_or_gate_blocked
train-013206,unprocessed,,0,not_selected_or_gate_blocked
train-013207,unprocessed,,0,not_selected_or_gate_blocked
train-013209,unprocessed,,0,not_selected_or_gate_blocked
train-013210,unprocessed,,0,not_selected_or_gate_blocked
train-013211,unprocessed,,0,not_selected_or_gate_blocked
train-013212,unprocessed,,0,not_selected_or_gate_blocked
train-013213,unprocessed,,0,not_selected_or_gate_blocked
train-013214,unprocessed,,0,not_selected_or_gate_blocked
train-013215,unprocessed,,0,not_selected_or_gate_blocked
train-013216,unprocessed,,0,not_selected_or_gate_blocked
train-013217,unprocessed,,0,not_selected_or_gate_blocked
train-013218,unprocessed,,0,not_selected_or_gate_blocked
train-013220,unprocessed,,0,not_selected_or_gate_blocked
train-013222,unprocessed,,0,not_selected_or_gate_blocked
train-013223,unprocessed,,0,not_selected_or_gate_blocked
train-013226,unprocessed,,0,not_selected_or_gate_blocked
train-013228,unprocessed,,0,not_selected_or_gate_blocked
train-013229,unprocessed,,0,not_selected_or_gate_blocked
train-013230,unprocessed,,0,not_selected_or_gate_blocked
train-013231,unprocessed,,0,not_selected_or_gate_blocked
train-013232,unprocessed,,0,not_selected_or_gate_blocked
train-013233,unprocessed,,0,not_selected_or_gate_blocked
train-013234,unprocessed,,0,not_selected_or_gate_blocked
train-013235,unprocessed,,0,not_selected_or_gate_blocked
train-013238,unprocessed,,0,not_selected_or_gate_blocked
train-013239,unprocessed,,0,not_selected_or_gate_blocked
train-013240,unprocessed,,0,not_selected_or_gate_blocked
train-013242,unprocessed,,0,not_selected_or_gate_blocked
train-013244,unprocessed,,0,not_selected_or_gate_blocked
train-013246,unprocessed,,0,not_selected_or_gate_blocked
train-013247,unprocessed,,0,not_selected_or_gate_blocked
train-013248,unprocessed,,0,not_selected_or_gate_blocked
train-013249,unprocessed,,0,not_selected_or_gate_blocked
train-013250,unprocessed,,0,not_selected_or_gate_blocked
train-013251,unprocessed,,0,not_selected_or_gate_blocked
train-013253,unprocessed,,0,not_selected_or_gate_blocked
train-013254,unprocessed,,0,not_selected_or_gate_blocked
train-013256,unprocessed,,0,not_selected_or_gate_blocked
train-013257,unprocessed,,0,not_selected_or_gate_blocked
train-013259,unprocessed,,0,not_selected_or_gate_blocked
train-013260,unprocessed,,0,not_selected_or_gate_blocked
train-013261,unprocessed,,0,not_selected_or_gate_blocked
train-013262,unprocessed,,0,not_selected_or_gate_blocked
train-013263,unprocessed,,0,not_selected_or_gate_blocked
train-013264,unprocessed,,0,not_selected_or_gate_blocked
train-013265,unprocessed,,0,not_selected_or_gate_blocked
train-013266,unprocessed,,0,not_selected_or_gate_blocked
train-013268,unprocessed,,0,not_selected_or_gate_blocked
train-013269,unprocessed,,0,not_selected_or_gate_blocked
train-013272,unprocessed,,0,not_selected_or_gate_blocked
train-013273,unprocessed,,0,not_selected_or_gate_blocked
train-013274,unprocessed,,0,not_selected_or_gate_blocked
train-013276,unprocessed,,0,not_selected_or_gate_blocked
train-013277,unprocessed,,0,not_selected_or_gate_blocked
train-013278,unprocessed,,0,not_selected_or_gate_blocked
train-013279,unprocessed,,0,not_selected_or_gate_blocked
train-013280,unprocessed,,0,not_selected_or_gate_blocked
train-013281,unprocessed,,0,not_selected_or_gate_blocked
train-013282,unprocessed,,0,not_selected_or_gate_blocked
train-013283,unprocessed,,0,not_selected_or_gate_blocked
train-013284,unprocessed,,0,not_selected_or_gate_blocked
train-013286,unprocessed,,0,not_selected_or_gate_blocked
train-013287,unprocessed,,0,not_selected_or_gate_blocked
train-013288,unprocessed,,0,not_selected_or_gate_blocked
train-013289,unprocessed,,0,not_selected_or_gate_blocked
train-013290,unprocessed,,0,not_selected_or_gate_blocked
train-013292,unprocessed,,0,not_selected_or_gate_blocked
train-013295,unprocessed,,0,not_selected_or_gate_blocked
train-013297,unprocessed,,0,not_selected_or_gate_blocked
train-013298,unprocessed,,0,not_selected_or_gate_blocked
train-013299,unprocessed,,0,not_selected_or_gate_blocked
train-013300,unprocessed,,0,not_selected_or_gate_blocked
train-013301,unprocessed,,0,not_selected_or_gate_blocked
train-013302,unprocessed,,0,not_selected_or_gate_blocked
train-013303,unprocessed,,0,not_selected_or_gate_blocked
train-013304,unprocessed,,0,not_selected_or_gate_blocked
train-013305,unprocessed,,0,not_selected_or_gate_blocked
train-013306,unprocessed,,0,not_selected_or_gate_blocked
train-013308,unprocessed,,0,not_selected_or_gate_blocked
train-013310,unprocessed,,0,not_selected_or_gate_blocked
train-013311,unprocessed,,0,not_selected_or_gate_blocked
train-013312,unprocessed,,0,not_selected_or_gate_blocked
train-013313,unprocessed,,0,not_selected_or_gate_blocked
train-013314,unprocessed,,0,not_selected_or_gate_blocked
train-013315,unprocessed,,0,not_selected_or_gate_blocked
train-013316,unprocessed,,0,not_selected_or_gate_blocked
train-013317,unprocessed,,0,not_selected_or_gate_blocked
train-013318,unprocessed,,0,not_selected_or_gate_blocked
train-013319,unprocessed,,0,not_selected_or_gate_blocked
train-013320,unprocessed,,0,not_selected_or_gate_blocked
train-013321,unprocessed,,0,not_selected_or_gate_blocked
train-013323,unprocessed,,0,not_selected_or_gate_blocked
train-013324,unprocessed,,0,not_selected_or_gate_blocked
train-013325,unprocessed,,0,not_selected_or_gate_blocked
train-013326,unprocessed,,0,not_selected_or_gate_blocked
train-013327,unprocessed,,0,not_selected_or_gate_blocked
train-013329,unprocessed,,0,not_selected_or_gate_blocked
train-013330,unprocessed,,0,not_selected_or_gate_blocked
train-013331,unprocessed,,0,not_selected_or_gate_blocked
train-013332,unprocessed,,0,not_selected_or_gate_blocked
train-013333,unprocessed,,0,not_selected_or_gate_blocked
train-013334,unprocessed,,0,not_selected_or_gate_blocked
train-013336,unprocessed,,0,not_selected_or_gate_blocked
train-013337,unprocessed,,0,not_selected_or_gate_blocked
train-013338,unprocessed,,0,not_selected_or_gate_blocked
train-013340,unprocessed,,0,not_selected_or_gate_blocked
train-013342,unprocessed,,0,not_selected_or_gate_blocked
train-013343,unprocessed,,0,not_selected_or_gate_blocked
train-013344,unprocessed,,0,not_selected_or_gate_blocked
train-013345,unprocessed,,0,not_selected_or_gate_blocked
train-013346,unprocessed,,0,not_selected_or_gate_blocked
train-013348,unprocessed,,0,not_selected_or_gate_blocked
train-013350,unprocessed,,0,not_selected_or_gate_blocked
train-013352,unprocessed,,0,not_selected_or_gate_blocked
train-013353,unprocessed,,0,not_selected_or_gate_blocked
train-013354,unprocessed,,0,not_selected_or_gate_blocked
train-013357,unprocessed,,0,not_selected_or_gate_blocked
train-013358,unprocessed,,0,not_selected_or_gate_blocked
train-013359,unprocessed,,0,not_selected_or_gate_blocked
train-013360,unprocessed,,0,not_selected_or_gate_blocked
train-013361,unprocessed,,0,not_selected_or_gate_blocked
train-013363,unprocessed,,0,not_selected_or_gate_blocked
train-013364,unprocessed,,0,not_selected_or_gate_blocked
train-013365,unprocessed,,0,not_selected_or_gate_blocked
train-013366,unprocessed,,0,not_selected_or_gate_blocked
train-013367,unprocessed,,0,not_selected_or_gate_blocked
train-013369,unprocessed,,0,not_selected_or_gate_blocked
train-013371,unprocessed,,0,not_selected_or_gate_blocked
train-013373,unprocessed,,0,not_selected_or_gate_blocked
train-013374,unprocessed,,0,not_selected_or_gate_blocked
train-013375,unprocessed,,0,not_selected_or_gate_blocked
train-013376,unprocessed,,0,not_selected_or_gate_blocked
train-013377,unprocessed,,0,not_selected_or_gate_blocked
train-013379,unprocessed,,0,not_selected_or_gate_blocked
train-013380,unprocessed,,0,not_selected_or_gate_blocked
train-013382,unprocessed,,0,not_selected_or_gate_blocked
train-013385,unprocessed,,0,not_selected_or_gate_blocked
train-013386,unprocessed,,0,not_selected_or_gate_blocked
train-013387,unprocessed,,0,not_selected_or_gate_blocked
train-013389,unprocessed,,0,not_selected_or_gate_blocked
train-013391,unprocessed,,0,not_selected_or_gate_blocked
train-013393,unprocessed,,0,not_selected_or_gate_blocked
train-013394,unprocessed,,0,not_selected_or_gate_blocked
train-013395,unprocessed,,0,not_selected_or_gate_blocked
train-013397,unprocessed,,0,not_selected_or_gate_blocked
train-013398,unprocessed,,0,not_selected_or_gate_blocked
train-013399,unprocessed,,0,not_selected_or_gate_blocked
train-013400,unprocessed,,0,not_selected_or_gate_blocked
train-013401,unprocessed,,0,not_selected_or_gate_blocked
train-013402,unprocessed,,0,not_selected_or_gate_blocked
train-013403,unprocessed,,0,not_selected_or_gate_blocked
train-013404,unprocessed,,0,not_selected_or_gate_blocked
train-013405,unprocessed,,0,not_selected_or_gate_blocked
train-013407,unprocessed,,0,not_selected_or_gate_blocked
train-013408,unprocessed,,0,not_selected_or_gate_blocked
train-013409,unprocessed,,0,not_selected_or_gate_blocked
train-013411,unprocessed,,0,not_selected_or_gate_blocked
train-013412,unprocessed,,0,not_selected_or_gate_blocked
train-013413,unprocessed,,0,not_selected_or_gate_blocked
train-013414,unprocessed,,0,not_selected_or_gate_blocked
train-013415,unprocessed,,0,not_selected_or_gate_blocked
train-013418,unprocessed,,0,not_selected_or_gate_blocked
train-013420,unprocessed,,0,not_selected_or_gate_blocked
train-013421,unprocessed,,0,not_selected_or_gate_blocked
train-013422,unprocessed,,0,not_selected_or_gate_blocked
train-013423,unprocessed,,0,not_selected_or_gate_blocked
train-013424,unprocessed,,0,not_selected_or_gate_blocked
train-013425,unprocessed,,0,not_selected_or_gate_blocked
train-013426,unprocessed,,0,not_selected_or_gate_blocked
train-013427,unprocessed,,0,not_selected_or_gate_blocked
train-013428,unprocessed,,0,not_selected_or_gate_blocked
train-013429,unprocessed,,0,not_selected_or_gate_blocked
train-013433,unprocessed,,0,not_selected_or_gate_blocked
train-013434,unprocessed,,0,not_selected_or_gate_blocked
train-013438,unprocessed,,0,not_selected_or_gate_blocked
train-013440,unprocessed,,0,not_selected_or_gate_blocked
train-013441,unprocessed,,0,not_selected_or_gate_blocked
train-013442,unprocessed,,0,not_selected_or_gate_blocked
train-013443,unprocessed,,0,not_selected_or_gate_blocked
train-013444,unprocessed,,0,not_selected_or_gate_blocked
train-013445,unprocessed,,0,not_selected_or_gate_blocked
train-013446,unprocessed,,0,not_selected_or_gate_blocked
train-013447,unprocessed,,0,not_selected_or_gate_blocked
train-013448,unprocessed,,0,not_selected_or_gate_blocked
train-013449,unprocessed,,0,not_selected_or_gate_blocked
train-013452,unprocessed,,0,not_selected_or_gate_blocked
train-013453,unprocessed,,0,not_selected_or_gate_blocked
train-013454,unprocessed,,0,not_selected_or_gate_blocked
train-013455,unprocessed,,0,not_selected_or_gate_blocked
train-013456,unprocessed,,0,not_selected_or_gate_blocked
train-013457,unprocessed,,0,not_selected_or_gate_blocked
train-013458,unprocessed,,0,not_selected_or_gate_blocked
train-013461,unprocessed,,0,not_selected_or_gate_blocked
train-013462,unprocessed,,0,not_selected_or_gate_blocked
train-013463,unprocessed,,0,not_selected_or_gate_blocked
train-013465,unprocessed,,0,not_selected_or_gate_blocked
train-013467,unprocessed,,0,not_selected_or_gate_blocked
train-013468,unprocessed,,0,not_selected_or_gate_blocked
train-013469,unprocessed,,0,not_selected_or_gate_blocked
train-013470,unprocessed,,0,not_selected_or_gate_blocked
train-013471,unprocessed,,0,not_selected_or_gate_blocked
train-013472,unprocessed,,0,not_selected_or_gate_blocked
train-013473,unprocessed,,0,not_selected_or_gate_blocked
train-013474,unprocessed,,0,not_selected_or_gate_blocked
train-013475,unprocessed,,0,not_selected_or_gate_blocked
train-013476,unprocessed,,0,not_selected_or_gate_blocked
train-013477,unprocessed,,0,not_selected_or_gate_blocked
train-013478,unprocessed,,0,not_selected_or_gate_blocked
train-013479,unprocessed,,0,not_selected_or_gate_blocked
train-013480,unprocessed,,0,not_selected_or_gate_blocked
train-013481,unprocessed,,0,not_selected_or_gate_blocked
train-013482,unprocessed,,0,not_selected_or_gate_blocked
train-013485,unprocessed,,0,not_selected_or_gate_blocked
train-013486,unprocessed,,0,not_selected_or_gate_blocked
train-013487,unprocessed,,0,not_selected_or_gate_blocked
train-013488,unprocessed,,0,not_selected_or_gate_blocked
train-013490,unprocessed,,0,not_selected_or_gate_blocked
train-013491,unprocessed,,0,not_selected_or_gate_blocked
train-013492,unprocessed,,0,not_selected_or_gate_blocked
train-013493,unprocessed,,0,not_selected_or_gate_blocked
train-013494,unprocessed,,0,not_selected_or_gate_blocked
train-013495,unprocessed,,0,not_selected_or_gate_blocked
train-013496,unprocessed,,0,not_selected_or_gate_blocked
train-013497,unprocessed,,0,not_selected_or_gate_blocked
train-013498,unprocessed,,0,not_selected_or_gate_blocked
train-013500,unprocessed,,0,not_selected_or_gate_blocked
train-013502,unprocessed,,0,not_selected_or_gate_blocked
train-013503,unprocessed,,0,not_selected_or_gate_blocked
train-013504,unprocessed,,0,not_selected_or_gate_blocked
train-013505,unprocessed,,0,not_selected_or_gate_blocked
train-013506,unprocessed,,0,not_selected_or_gate_blocked
train-013508,unprocessed,,0,not_selected_or_gate_blocked
train-013509,unprocessed,,0,not_selected_or_gate_blocked
train-013511,unprocessed,,0,not_selected_or_gate_blocked
train-013512,unprocessed,,0,not_selected_or_gate_blocked
train-013513,unprocessed,,0,not_selected_or_gate_blocked
train-013515,unprocessed,,0,not_selected_or_gate_blocked
train-013516,unprocessed,,0,not_selected_or_gate_blocked
train-013517,unprocessed,,0,not_selected_or_gate_blocked
train-013518,unprocessed,,0,not_selected_or_gate_blocked
train-013519,unprocessed,,0,not_selected_or_gate_blocked
train-013520,unprocessed,,0,not_selected_or_gate_blocked
train-013522,unprocessed,,0,not_selected_or_gate_blocked
train-013523,unprocessed,,0,not_selected_or_gate_blocked
train-013526,unprocessed,,0,not_selected_or_gate_blocked
train-013527,unprocessed,,0,not_selected_or_gate_blocked
train-013528,unprocessed,,0,not_selected_or_gate_blocked
train-013531,unprocessed,,0,not_selected_or_gate_blocked
train-013532,unprocessed,,0,not_selected_or_gate_blocked
train-013533,unprocessed,,0,not_selected_or_gate_blocked
train-013534,unprocessed,,0,not_selected_or_gate_blocked
train-013535,unprocessed,,0,not_selected_or_gate_blocked
train-013536,unprocessed,,0,not_selected_or_gate_blocked
train-013537,unprocessed,,0,not_selected_or_gate_blocked
train-013538,unprocessed,,0,not_selected_or_gate_blocked
train-013539,unprocessed,,0,not_selected_or_gate_blocked
train-013540,unprocessed,,0,not_selected_or_gate_blocked
train-013541,unprocessed,,0,not_selected_or_gate_blocked
train-013542,unprocessed,,0,not_selected_or_gate_blocked
train-013543,unprocessed,,0,not_selected_or_gate_blocked
train-013544,unprocessed,,0,not_selected_or_gate_blocked
train-013545,unprocessed,,0,not_selected_or_gate_blocked
train-013546,unprocessed,,0,not_selected_or_gate_blocked
train-013548,unprocessed,,0,not_selected_or_gate_blocked
train-013550,unprocessed,,0,not_selected_or_gate_blocked
train-013551,unprocessed,,0,not_selected_or_gate_blocked
train-013552,unprocessed,,0,not_selected_or_gate_blocked
train-013553,unprocessed,,0,not_selected_or_gate_blocked
train-013554,unprocessed,,0,not_selected_or_gate_blocked
train-013555,unprocessed,,0,not_selected_or_gate_blocked
train-013556,unprocessed,,0,not_selected_or_gate_blocked
train-013557,unprocessed,,0,not_selected_or_gate_blocked
train-013559,unprocessed,,0,not_selected_or_gate_blocked
train-013560,unprocessed,,0,not_selected_or_gate_blocked
train-013561,unprocessed,,0,not_selected_or_gate_blocked
train-013563,unprocessed,,0,not_selected_or_gate_blocked
train-013565,unprocessed,,0,not_selected_or_gate_blocked
train-013566,unprocessed,,0,not_selected_or_gate_blocked
train-013567,unprocessed,,0,not_selected_or_gate_blocked
train-013568,unprocessed,,0,not_selected_or_gate_blocked
train-013570,unprocessed,,0,not_selected_or_gate_blocked
train-013571,unprocessed,,0,not_selected_or_gate_blocked
train-013573,unprocessed,,0,not_selected_or_gate_blocked
train-013577,unprocessed,,0,not_selected_or_gate_blocked
train-013578,unprocessed,,0,not_selected_or_gate_blocked
train-013579,unprocessed,,0,not_selected_or_gate_blocked
train-013580,unprocessed,,0,not_selected_or_gate_blocked
train-013581,unprocessed,,0,not_selected_or_gate_blocked
train-013582,unprocessed,,0,not_selected_or_gate_blocked
train-013583,unprocessed,,0,not_selected_or_gate_blocked
train-013584,unprocessed,,0,not_selected_or_gate_blocked
train-013588,unprocessed,,0,not_selected_or_gate_blocked
train-013589,unprocessed,,0,not_selected_or_gate_blocked
train-013590,unprocessed,,0,not_selected_or_gate_blocked
train-013591,unprocessed,,0,not_selected_or_gate_blocked
train-013592,unprocessed,,0,not_selected_or_gate_blocked
train-013595,unprocessed,,0,not_selected_or_gate_blocked
train-013598,unprocessed,,0,not_selected_or_gate_blocked
train-013599,unprocessed,,0,not_selected_or_gate_blocked
train-013600,unprocessed,,0,not_selected_or_gate_blocked
train-013601,unprocessed,,0,not_selected_or_gate_blocked
train-013603,unprocessed,,0,not_selected_or_gate_blocked
train-013604,unprocessed,,0,not_selected_or_gate_blocked
train-013605,unprocessed,,0,not_selected_or_gate_blocked
train-013607,unprocessed,,0,not_selected_or_gate_blocked
train-013608,unprocessed,,0,not_selected_or_gate_blocked
train-013610,unprocessed,,0,not_selected_or_gate_blocked
train-013612,unprocessed,,0,not_selected_or_gate_blocked
train-013613,unprocessed,,0,not_selected_or_gate_blocked
train-013614,unprocessed,,0,not_selected_or_gate_blocked
train-013615,unprocessed,,0,not_selected_or_gate_blocked
train-013619,unprocessed,,0,not_selected_or_gate_blocked
train-013620,unprocessed,,0,not_selected_or_gate_blocked
train-013621,unprocessed,,0,not_selected_or_gate_blocked
train-013622,unprocessed,,0,not_selected_or_gate_blocked
train-013623,unprocessed,,0,not_selected_or_gate_blocked
train-013624,unprocessed,,0,not_selected_or_gate_blocked
train-013626,unprocessed,,0,not_selected_or_gate_blocked
train-013627,unprocessed,,0,not_selected_or_gate_blocked
train-013628,unprocessed,,0,not_selected_or_gate_blocked
train-013629,unprocessed,,0,not_selected_or_gate_blocked
train-013630,unprocessed,,0,not_selected_or_gate_blocked
train-013631,unprocessed,,0,not_selected_or_gate_blocked
train-013632,unprocessed,,0,not_selected_or_gate_blocked
train-013633,unprocessed,,0,not_selected_or_gate_blocked
train-013634,unprocessed,,0,not_selected_or_gate_blocked
train-013638,unprocessed,,0,not_selected_or_gate_blocked
train-013640,unprocessed,,0,not_selected_or_gate_blocked
train-013641,unprocessed,,0,not_selected_or_gate_blocked
train-013642,unprocessed,,0,not_selected_or_gate_blocked
train-013643,unprocessed,,0,not_selected_or_gate_blocked
train-013644,unprocessed,,0,not_selected_or_gate_blocked
train-013645,unprocessed,,0,not_selected_or_gate_blocked
train-013646,unprocessed,,0,not_selected_or_gate_blocked
train-013648,unprocessed,,0,not_selected_or_gate_blocked
train-013649,unprocessed,,0,not_selected_or_gate_blocked
train-013650,unprocessed,,0,not_selected_or_gate_blocked
train-013651,unprocessed,,0,not_selected_or_gate_blocked
train-013653,unprocessed,,0,not_selected_or_gate_blocked
train-013654,unprocessed,,0,not_selected_or_gate_blocked
train-013655,unprocessed,,0,not_selected_or_gate_blocked
train-013656,unprocessed,,0,not_selected_or_gate_blocked
train-013659,unprocessed,,0,not_selected_or_gate_blocked
train-013660,unprocessed,,0,not_selected_or_gate_blocked
train-013661,unprocessed,,0,not_selected_or_gate_blocked
train-013662,unprocessed,,0,not_selected_or_gate_blocked
train-013663,unprocessed,,0,not_selected_or_gate_blocked
train-013664,unprocessed,,0,not_selected_or_gate_blocked
train-013666,unprocessed,,0,not_selected_or_gate_blocked
train-013668,unprocessed,,0,not_selected_or_gate_blocked
train-013669,unprocessed,,0,not_selected_or_gate_blocked
train-013670,unprocessed,,0,not_selected_or_gate_blocked
train-013671,unprocessed,,0,not_selected_or_gate_blocked
train-013673,unprocessed,,0,not_selected_or_gate_blocked
train-013674,unprocessed,,0,not_selected_or_gate_blocked
train-013676,unprocessed,,0,not_selected_or_gate_blocked
train-013681,unprocessed,,0,not_selected_or_gate_blocked
train-013683,unprocessed,,0,not_selected_or_gate_blocked
train-013685,unprocessed,,0,not_selected_or_gate_blocked
train-013686,unprocessed,,0,not_selected_or_gate_blocked
train-013687,unprocessed,,0,not_selected_or_gate_blocked
train-013688,unprocessed,,0,not_selected_or_gate_blocked
train-013690,unprocessed,,0,not_selected_or_gate_blocked
train-013691,unprocessed,,0,not_selected_or_gate_blocked
train-013692,unprocessed,,0,not_selected_or_gate_blocked
train-013695,unprocessed,,0,not_selected_or_gate_blocked
train-013696,unprocessed,,0,not_selected_or_gate_blocked
train-013698,unprocessed,,0,not_selected_or_gate_blocked
train-013701,unprocessed,,0,not_selected_or_gate_blocked
train-013702,unprocessed,,0,not_selected_or_gate_blocked
train-013703,unprocessed,,0,not_selected_or_gate_blocked
train-013704,unprocessed,,0,not_selected_or_gate_blocked
train-013705,unprocessed,,0,not_selected_or_gate_blocked
train-013707,unprocessed,,0,not_selected_or_gate_blocked
train-013708,unprocessed,,0,not_selected_or_gate_blocked
train-013709,unprocessed,,0,not_selected_or_gate_blocked
train-013710,unprocessed,,0,not_selected_or_gate_blocked
train-013711,unprocessed,,0,not_selected_or_gate_blocked
train-013712,unprocessed,,0,not_selected_or_gate_blocked
train-013713,unprocessed,,0,not_selected_or_gate_blocked
train-013714,unprocessed,,0,not_selected_or_gate_blocked
train-013715,unprocessed,,0,not_selected_or_gate_blocked
train-013718,unprocessed,,0,not_selected_or_gate_blocked
train-013719,unprocessed,,0,not_selected_or_gate_blocked
train-013720,unprocessed,,0,not_selected_or_gate_blocked
train-013722,unprocessed,,0,not_selected_or_gate_blocked
train-013723,unprocessed,,0,not_selected_or_gate_blocked
train-013724,unprocessed,,0,not_selected_or_gate_blocked
train-013725,unprocessed,,0,not_selected_or_gate_blocked
train-013726,unprocessed,,0,not_selected_or_gate_blocked
train-013727,unprocessed,,0,not_selected_or_gate_blocked
train-013728,unprocessed,,0,not_selected_or_gate_blocked
train-013730,unprocessed,,0,not_selected_or_gate_blocked
train-013731,unprocessed,,0,not_selected_or_gate_blocked
train-013734,unprocessed,,0,not_selected_or_gate_blocked
train-013735,unprocessed,,0,not_selected_or_gate_blocked
train-013736,unprocessed,,0,not_selected_or_gate_blocked
train-013738,unprocessed,,0,not_selected_or_gate_blocked
train-013739,unprocessed,,0,not_selected_or_gate_blocked
train-013740,unprocessed,,0,not_selected_or_gate_blocked
train-013742,unprocessed,,0,not_selected_or_gate_blocked
train-013743,unprocessed,,0,not_selected_or_gate_blocked
train-013744,unprocessed,,0,not_selected_or_gate_blocked
train-013746,unprocessed,,0,not_selected_or_gate_blocked
train-013748,unprocessed,,0,not_selected_or_gate_blocked
train-013750,unprocessed,,0,not_selected_or_gate_blocked
train-013751,unprocessed,,0,not_selected_or_gate_blocked
train-013752,unprocessed,,0,not_selected_or_gate_blocked
train-013753,unprocessed,,0,not_selected_or_gate_blocked
train-013754,unprocessed,,0,not_selected_or_gate_blocked
train-013756,unprocessed,,0,not_selected_or_gate_blocked
train-013757,unprocessed,,0,not_selected_or_gate_blocked
train-013758,unprocessed,,0,not_selected_or_gate_blocked
train-013759,unprocessed,,0,not_selected_or_gate_blocked
train-013761,unprocessed,,0,not_selected_or_gate_blocked
train-013762,unprocessed,,0,not_selected_or_gate_blocked
train-013764,unprocessed,,0,not_selected_or_gate_blocked
train-013766,unprocessed,,0,not_selected_or_gate_blocked
train-013767,unprocessed,,0,not_selected_or_gate_blocked
train-013768,unprocessed,,0,not_selected_or_gate_blocked
train-013769,unprocessed,,0,not_selected_or_gate_blocked
train-013770,unprocessed,,0,not_selected_or_gate_blocked
train-013771,unprocessed,,0,not_selected_or_gate_blocked
train-013772,unprocessed,,0,not_selected_or_gate_blocked
train-013774,unprocessed,,0,not_selected_or_gate_blocked
train-013775,unprocessed,,0,not_selected_or_gate_blocked
train-013776,unprocessed,,0,not_selected_or_gate_blocked
train-013777,unprocessed,,0,not_selected_or_gate_blocked
train-013779,unprocessed,,0,not_selected_or_gate_blocked
train-013780,unprocessed,,0,not_selected_or_gate_blocked
train-013781,unprocessed,,0,not_selected_or_gate_blocked
train-013782,unprocessed,,0,not_selected_or_gate_blocked
train-013784,unprocessed,,0,not_selected_or_gate_blocked
train-013785,unprocessed,,0,not_selected_or_gate_blocked
train-013786,unprocessed,,0,not_selected_or_gate_blocked
train-013787,unprocessed,,0,not_selected_or_gate_blocked
train-013791,unprocessed,,0,not_selected_or_gate_blocked
train-013793,unprocessed,,0,not_selected_or_gate_blocked
train-013794,unprocessed,,0,not_selected_or_gate_blocked
train-013796,unprocessed,,0,not_selected_or_gate_blocked
train-013797,unprocessed,,0,not_selected_or_gate_blocked
train-013798,unprocessed,,0,not_selected_or_gate_blocked
train-013799,unprocessed,,0,not_selected_or_gate_blocked
train-013800,unprocessed,,0,not_selected_or_gate_blocked
train-013802,unprocessed,,0,not_selected_or_gate_blocked
train-013803,unprocessed,,0,not_selected_or_gate_blocked
train-013804,unprocessed,,0,not_selected_or_gate_blocked
train-013805,unprocessed,,0,not_selected_or_gate_blocked
train-013807,unprocessed,,0,not_selected_or_gate_blocked
train-013811,unprocessed,,0,not_selected_or_gate_blocked
train-013812,unprocessed,,0,not_selected_or_gate_blocked
train-013813,unprocessed,,0,not_selected_or_gate_blocked
train-013815,unprocessed,,0,not_selected_or_gate_blocked
train-013816,unprocessed,,0,not_selected_or_gate_blocked
train-013817,unprocessed,,0,not_selected_or_gate_blocked
train-013818,unprocessed,,0,not_selected_or_gate_blocked
train-013821,unprocessed,,0,not_selected_or_gate_blocked
train-013822,unprocessed,,0,not_selected_or_gate_blocked
train-013823,unprocessed,,0,not_selected_or_gate_blocked
train-013824,unprocessed,,0,not_selected_or_gate_blocked
train-013825,unprocessed,,0,not_selected_or_gate_blocked
train-013826,unprocessed,,0,not_selected_or_gate_blocked
train-013827,unprocessed,,0,not_selected_or_gate_blocked
train-013828,unprocessed,,0,not_selected_or_gate_blocked
train-013830,unprocessed,,0,not_selected_or_gate_blocked
train-013831,unprocessed,,0,not_selected_or_gate_blocked
train-013832,unprocessed,,0,not_selected_or_gate_blocked
train-013834,unprocessed,,0,not_selected_or_gate_blocked
train-013835,unprocessed,,0,not_selected_or_gate_blocked
train-013838,unprocessed,,0,not_selected_or_gate_blocked
train-013840,unprocessed,,0,not_selected_or_gate_blocked
train-013843,unprocessed,,0,not_selected_or_gate_blocked
train-013844,unprocessed,,0,not_selected_or_gate_blocked
train-013845,unprocessed,,0,not_selected_or_gate_blocked
train-013846,unprocessed,,0,not_selected_or_gate_blocked
train-013847,unprocessed,,0,not_selected_or_gate_blocked
train-013848,unprocessed,,0,not_selected_or_gate_blocked
train-013849,unprocessed,,0,not_selected_or_gate_blocked
train-013850,unprocessed,,0,not_selected_or_gate_blocked
train-013851,unprocessed,,0,not_selected_or_gate_blocked
train-013852,unprocessed,,0,not_selected_or_gate_blocked
train-013854,unprocessed,,0,not_selected_or_gate_blocked
train-013855,unprocessed,,0,not_selected_or_gate_blocked
train-013856,unprocessed,,0,not_selected_or_gate_blocked
train-013858,unprocessed,,0,not_selected_or_gate_blocked
train-013859,unprocessed,,0,not_selected_or_gate_blocked
train-013860,unprocessed,,0,not_selected_or_gate_blocked
train-013861,unprocessed,,0,not_selected_or_gate_blocked
train-013864,unprocessed,,0,not_selected_or_gate_blocked
train-013866,unprocessed,,0,not_selected_or_gate_blocked
train-013867,unprocessed,,0,not_selected_or_gate_blocked
train-013868,unprocessed,,0,not_selected_or_gate_blocked
train-013869,unprocessed,,0,not_selected_or_gate_blocked
train-013870,unprocessed,,0,not_selected_or_gate_blocked
train-013873,unprocessed,,0,not_selected_or_gate_blocked
train-013874,unprocessed,,0,not_selected_or_gate_blocked
train-013875,unprocessed,,0,not_selected_or_gate_blocked
train-013877,unprocessed,,0,not_selected_or_gate_blocked
train-013878,unprocessed,,0,not_selected_or_gate_blocked
train-013879,unprocessed,,0,not_selected_or_gate_blocked
train-013880,unprocessed,,0,not_selected_or_gate_blocked
train-013883,unprocessed,,0,not_selected_or_gate_blocked
train-013884,unprocessed,,0,not_selected_or_gate_blocked
train-013887,unprocessed,,0,not_selected_or_gate_blocked
train-013888,unprocessed,,0,not_selected_or_gate_blocked
train-013890,unprocessed,,0,not_selected_or_gate_blocked
train-013892,unprocessed,,0,not_selected_or_gate_blocked
train-013893,unprocessed,,0,not_selected_or_gate_blocked
train-013894,unprocessed,,0,not_selected_or_gate_blocked
train-013895,unprocessed,,0,not_selected_or_gate_blocked
train-013897,unprocessed,,0,not_selected_or_gate_blocked
train-013899,unprocessed,,0,not_selected_or_gate_blocked
train-013900,unprocessed,,0,not_selected_or_gate_blocked
train-013902,unprocessed,,0,not_selected_or_gate_blocked
train-013903,unprocessed,,0,not_selected_or_gate_blocked
train-013906,unprocessed,,0,not_selected_or_gate_blocked
train-013907,unprocessed,,0,not_selected_or_gate_blocked
train-013908,unprocessed,,0,not_selected_or_gate_blocked
train-013909,unprocessed,,0,not_selected_or_gate_blocked
train-013912,unprocessed,,0,not_selected_or_gate_blocked
train-013913,unprocessed,,0,not_selected_or_gate_blocked
train-013914,unprocessed,,0,not_selected_or_gate_blocked
train-013916,unprocessed,,0,not_selected_or_gate_blocked
train-013917,unprocessed,,0,not_selected_or_gate_blocked
train-013918,unprocessed,,0,not_selected_or_gate_blocked
train-013919,unprocessed,,0,not_selected_or_gate_blocked
train-013920,unprocessed,,0,not_selected_or_gate_blocked
train-013922,unprocessed,,0,not_selected_or_gate_blocked
train-013925,unprocessed,,0,not_selected_or_gate_blocked
train-013928,unprocessed,,0,not_selected_or_gate_blocked
train-013929,unprocessed,,0,not_selected_or_gate_blocked
train-013931,unprocessed,,0,not_selected_or_gate_blocked
train-013932,unprocessed,,0,not_selected_or_gate_blocked
train-013934,unprocessed,,0,not_selected_or_gate_blocked
train-013935,unprocessed,,0,not_selected_or_gate_blocked
train-013936,unprocessed,,0,not_selected_or_gate_blocked
train-013937,unprocessed,,0,not_selected_or_gate_blocked
train-013938,unprocessed,,0,not_selected_or_gate_blocked
train-013939,unprocessed,,0,not_selected_or_gate_blocked
train-013942,unprocessed,,0,not_selected_or_gate_blocked
train-013943,unprocessed,,0,not_selected_or_gate_blocked
train-013944,unprocessed,,0,not_selected_or_gate_blocked
train-013945,unprocessed,,0,not_selected_or_gate_blocked
train-013946,unprocessed,,0,not_selected_or_gate_blocked
train-013947,unprocessed,,0,not_selected_or_gate_blocked
train-013948,unprocessed,,0,not_selected_or_gate_blocked
train-013949,unprocessed,,0,not_selected_or_gate_blocked
train-013950,unprocessed,,0,not_selected_or_gate_blocked
train-013952,unprocessed,,0,not_selected_or_gate_blocked
train-013953,unprocessed,,0,not_selected_or_gate_blocked
train-013954,unprocessed,,0,not_selected_or_gate_blocked
train-013955,unprocessed,,0,not_selected_or_gate_blocked
train-013956,unprocessed,,0,not_selected_or_gate_blocked
train-013957,unprocessed,,0,not_selected_or_gate_blocked
train-013960,unprocessed,,0,not_selected_or_gate_blocked
train-013961,unprocessed,,0,not_selected_or_gate_blocked
train-013963,unprocessed,,0,not_selected_or_gate_blocked
train-013965,unprocessed,,0,not_selected_or_gate_blocked
train-013966,unprocessed,,0,not_selected_or_gate_blocked
train-013967,unprocessed,,0,not_selected_or_gate_blocked
train-013968,unprocessed,,0,not_selected_or_gate_blocked
train-013970,unprocessed,,0,not_selected_or_gate_blocked
train-013971,unprocessed,,0,not_selected_or_gate_blocked
train-013972,unprocessed,,0,not_selected_or_gate_blocked
train-013973,unprocessed,,0,not_selected_or_gate_blocked
train-013975,unprocessed,,0,not_selected_or_gate_blocked
train-013976,unprocessed,,0,not_selected_or_gate_blocked
train-013977,unprocessed,,0,not_selected_or_gate_blocked
train-013978,unprocessed,,0,not_selected_or_gate_blocked
train-013979,unprocessed,,0,not_selected_or_gate_blocked
train-013980,unprocessed,,0,not_selected_or_gate_blocked
train-013982,unprocessed,,0,not_selected_or_gate_blocked
train-013983,unprocessed,,0,not_selected_or_gate_blocked
train-013984,unprocessed,,0,not_selected_or_gate_blocked
train-013985,unprocessed,,0,not_selected_or_gate_blocked
train-013987,unprocessed,,0,not_selected_or_gate_blocked
train-013989,unprocessed,,0,not_selected_or_gate_blocked
train-013992,unprocessed,,0,not_selected_or_gate_blocked
train-013994,unprocessed,,0,not_selected_or_gate_blocked
train-013995,unprocessed,,0,not_selected_or_gate_blocked
train-013996,unprocessed,,0,not_selected_or_gate_blocked
train-013997,unprocessed,,0,not_selected_or_gate_blocked
train-013999,unprocessed,,0,not_selected_or_gate_blocked
train-014000,unprocessed,,0,not_selected_or_gate_blocked
train-014003,unprocessed,,0,not_selected_or_gate_blocked
train-014006,unprocessed,,0,not_selected_or_gate_blocked
train-014010,unprocessed,,0,not_selected_or_gate_blocked
train-014012,unprocessed,,0,not_selected_or_gate_blocked
train-014013,unprocessed,,0,not_selected_or_gate_blocked
train-014014,unprocessed,,0,not_selected_or_gate_blocked
train-014015,unprocessed,,0,not_selected_or_gate_blocked
train-014016,unprocessed,,0,not_selected_or_gate_blocked
train-014017,unprocessed,,0,not_selected_or_gate_blocked
train-014018,unprocessed,,0,not_selected_or_gate_blocked
train-014021,unprocessed,,0,not_selected_or_gate_blocked
train-014022,unprocessed,,0,not_selected_or_gate_blocked
train-014023,unprocessed,,0,not_selected_or_gate_blocked
train-014024,unprocessed,,0,not_selected_or_gate_blocked
train-014025,unprocessed,,0,not_selected_or_gate_blocked
train-014028,unprocessed,,0,not_selected_or_gate_blocked
train-014029,unprocessed,,0,not_selected_or_gate_blocked
train-014031,unprocessed,,0,not_selected_or_gate_blocked
train-014032,unprocessed,,0,not_selected_or_gate_blocked
train-014033,unprocessed,,0,not_selected_or_gate_blocked
train-014034,unprocessed,,0,not_selected_or_gate_blocked
train-014036,unprocessed,,0,not_selected_or_gate_blocked
train-014038,unprocessed,,0,not_selected_or_gate_blocked
train-014040,unprocessed,,0,not_selected_or_gate_blocked
train-014041,unprocessed,,0,not_selected_or_gate_blocked
train-014043,unprocessed,,0,not_selected_or_gate_blocked
train-014046,unprocessed,,0,not_selected_or_gate_blocked
train-014047,unprocessed,,0,not_selected_or_gate_blocked
train-014049,unprocessed,,0,not_selected_or_gate_blocked
train-014050,unprocessed,,0,not_selected_or_gate_blocked
train-014052,unprocessed,,0,not_selected_or_gate_blocked
train-014053,unprocessed,,0,not_selected_or_gate_blocked
train-014054,unprocessed,,0,not_selected_or_gate_blocked
train-014056,unprocessed,,0,not_selected_or_gate_blocked
train-014057,unprocessed,,0,not_selected_or_gate_blocked
train-014059,unprocessed,,0,not_selected_or_gate_blocked
train-014060,unprocessed,,0,not_selected_or_gate_blocked
train-014061,unprocessed,,0,not_selected_or_gate_blocked
train-014062,unprocessed,,0,not_selected_or_gate_blocked
train-014064,unprocessed,,0,not_selected_or_gate_blocked
train-014067,unprocessed,,0,not_selected_or_gate_blocked
train-014068,unprocessed,,0,not_selected_or_gate_blocked
train-014069,unprocessed,,0,not_selected_or_gate_blocked
train-014070,unprocessed,,0,not_selected_or_gate_blocked
train-014071,unprocessed,,0,not_selected_or_gate_blocked
train-014072,unprocessed,,0,not_selected_or_gate_blocked
train-014073,unprocessed,,0,not_selected_or_gate_blocked
train-014074,unprocessed,,0,not_selected_or_gate_blocked
train-014075,unprocessed,,0,not_selected_or_gate_blocked
train-014076,unprocessed,,0,not_selected_or_gate_blocked
train-014077,unprocessed,,0,not_selected_or_gate_blocked
train-014079,unprocessed,,0,not_selected_or_gate_blocked
train-014081,unprocessed,,0,not_selected_or_gate_blocked
train-014083,unprocessed,,0,not_selected_or_gate_blocked
train-014085,unprocessed,,0,not_selected_or_gate_blocked
train-014086,unprocessed,,0,not_selected_or_gate_blocked
train-014087,unprocessed,,0,not_selected_or_gate_blocked
train-014089,unprocessed,,0,not_selected_or_gate_blocked
train-014090,unprocessed,,0,not_selected_or_gate_blocked
train-014091,unprocessed,,0,not_selected_or_gate_blocked
train-014093,unprocessed,,0,not_selected_or_gate_blocked
train-014094,unprocessed,,0,not_selected_or_gate_blocked
train-014096,unprocessed,,0,not_selected_or_gate_blocked
train-014099,unprocessed,,0,not_selected_or_gate_blocked
train-014103,unprocessed,,0,not_selected_or_gate_blocked
train-014104,unprocessed,,0,not_selected_or_gate_blocked
train-014105,unprocessed,,0,not_selected_or_gate_blocked
train-014106,unprocessed,,0,not_selected_or_gate_blocked
train-014107,unprocessed,,0,not_selected_or_gate_blocked
train-014111,unprocessed,,0,not_selected_or_gate_blocked
train-014112,unprocessed,,0,not_selected_or_gate_blocked
train-014113,unprocessed,,0,not_selected_or_gate_blocked
train-014115,unprocessed,,0,not_selected_or_gate_blocked
train-014117,unprocessed,,0,not_selected_or_gate_blocked
train-014118,unprocessed,,0,not_selected_or_gate_blocked
train-014119,unprocessed,,0,not_selected_or_gate_blocked
train-014120,unprocessed,,0,not_selected_or_gate_blocked
train-014121,unprocessed,,0,not_selected_or_gate_blocked
train-014123,unprocessed,,0,not_selected_or_gate_blocked
train-014124,unprocessed,,0,not_selected_or_gate_blocked
train-014125,unprocessed,,0,not_selected_or_gate_blocked
train-014126,unprocessed,,0,not_selected_or_gate_blocked
train-014127,unprocessed,,0,not_selected_or_gate_blocked
train-014128,unprocessed,,0,not_selected_or_gate_blocked
train-014129,unprocessed,,0,not_selected_or_gate_blocked
train-014130,unprocessed,,0,not_selected_or_gate_blocked
train-014131,unprocessed,,0,not_selected_or_gate_blocked
train-014132,unprocessed,,0,not_selected_or_gate_blocked
train-014133,unprocessed,,0,not_selected_or_gate_blocked
train-014134,unprocessed,,0,not_selected_or_gate_blocked
train-014135,unprocessed,,0,not_selected_or_gate_blocked
train-014136,unprocessed,,0,not_selected_or_gate_blocked
train-014137,unprocessed,,0,not_selected_or_gate_blocked
train-014138,unprocessed,,0,not_selected_or_gate_blocked
train-014139,unprocessed,,0,not_selected_or_gate_blocked
train-014140,unprocessed,,0,not_selected_or_gate_blocked
train-014142,unprocessed,,0,not_selected_or_gate_blocked
train-014143,unprocessed,,0,not_selected_or_gate_blocked
train-014144,unprocessed,,0,not_selected_or_gate_blocked
train-014145,unprocessed,,0,not_selected_or_gate_blocked
train-014146,unprocessed,,0,not_selected_or_gate_blocked
train-014147,unprocessed,,0,not_selected_or_gate_blocked
train-014148,unprocessed,,0,not_selected_or_gate_blocked
train-014149,unprocessed,,0,not_selected_or_gate_blocked
train-014150,unprocessed,,0,not_selected_or_gate_blocked
train-014153,unprocessed,,0,not_selected_or_gate_blocked
train-014155,unprocessed,,0,not_selected_or_gate_blocked
train-014156,unprocessed,,0,not_selected_or_gate_blocked
train-014157,unprocessed,,0,not_selected_or_gate_blocked
train-014159,unprocessed,,0,not_selected_or_gate_blocked
train-014160,unprocessed,,0,not_selected_or_gate_blocked
train-014164,unprocessed,,0,not_selected_or_gate_blocked
train-014165,unprocessed,,0,not_selected_or_gate_blocked
train-014166,unprocessed,,0,not_selected_or_gate_blocked
train-014169,unprocessed,,0,not_selected_or_gate_blocked
train-014170,unprocessed,,0,not_selected_or_gate_blocked
train-014171,unprocessed,,0,not_selected_or_gate_blocked
train-014175,unprocessed,,0,not_selected_or_gate_blocked
train-014176,unprocessed,,0,not_selected_or_gate_blocked
train-014178,unprocessed,,0,not_selected_or_gate_blocked
train-014179,unprocessed,,0,not_selected_or_gate_blocked
train-014180,unprocessed,,0,not_selected_or_gate_blocked
train-014182,unprocessed,,0,not_selected_or_gate_blocked
train-014183,unprocessed,,0,not_selected_or_gate_blocked
train-014184,unprocessed,,0,not_selected_or_gate_blocked
train-014185,unprocessed,,0,not_selected_or_gate_blocked
train-014186,unprocessed,,0,not_selected_or_gate_blocked
train-014187,unprocessed,,0,not_selected_or_gate_blocked
train-014188,unprocessed,,0,not_selected_or_gate_blocked
train-014189,unprocessed,,0,not_selected_or_gate_blocked
train-014190,unprocessed,,0,not_selected_or_gate_blocked
train-014191,unprocessed,,0,not_selected_or_gate_blocked
train-014192,unprocessed,,0,not_selected_or_gate_blocked
train-014193,unprocessed,,0,not_selected_or_gate_blocked
train-014194,unprocessed,,0,not_selected_or_gate_blocked
train-014197,unprocessed,,0,not_selected_or_gate_blocked
train-014198,unprocessed,,0,not_selected_or_gate_blocked
train-014199,unprocessed,,0,not_selected_or_gate_blocked
train-014200,unprocessed,,0,not_selected_or_gate_blocked
train-014201,unprocessed,,0,not_selected_or_gate_blocked
train-014203,unprocessed,,0,not_selected_or_gate_blocked
train-014204,unprocessed,,0,not_selected_or_gate_blocked
train-014205,unprocessed,,0,not_selected_or_gate_blocked
train-014206,unprocessed,,0,not_selected_or_gate_blocked
train-014207,unprocessed,,0,not_selected_or_gate_blocked
train-014208,unprocessed,,0,not_selected_or_gate_blocked
train-014209,unprocessed,,0,not_selected_or_gate_blocked
train-014210,unprocessed,,0,not_selected_or_gate_blocked
train-014212,unprocessed,,0,not_selected_or_gate_blocked
train-014213,unprocessed,,0,not_selected_or_gate_blocked
train-014214,unprocessed,,0,not_selected_or_gate_blocked
train-014216,unprocessed,,0,not_selected_or_gate_blocked
train-014218,unprocessed,,0,not_selected_or_gate_blocked
train-014219,unprocessed,,0,not_selected_or_gate_blocked
train-014221,unprocessed,,0,not_selected_or_gate_blocked
train-014223,unprocessed,,0,not_selected_or_gate_blocked
train-014225,unprocessed,,0,not_selected_or_gate_blocked
train-014226,unprocessed,,0,not_selected_or_gate_blocked
train-014227,unprocessed,,0,not_selected_or_gate_blocked
train-014228,unprocessed,,0,not_selected_or_gate_blocked
train-014229,unprocessed,,0,not_selected_or_gate_blocked
train-014231,unprocessed,,0,not_selected_or_gate_blocked
train-014233,unprocessed,,0,not_selected_or_gate_blocked
train-014234,unprocessed,,0,not_selected_or_gate_blocked
train-014235,unprocessed,,0,not_selected_or_gate_blocked
train-014236,unprocessed,,0,not_selected_or_gate_blocked
train-014237,unprocessed,,0,not_selected_or_gate_blocked
train-014239,unprocessed,,0,not_selected_or_gate_blocked
train-014240,unprocessed,,0,not_selected_or_gate_blocked
train-014243,unprocessed,,0,not_selected_or_gate_blocked
train-014245,unprocessed,,0,not_selected_or_gate_blocked
train-014246,unprocessed,,0,not_selected_or_gate_blocked
train-014247,unprocessed,,0,not_selected_or_gate_blocked
train-014249,unprocessed,,0,not_selected_or_gate_blocked
train-014250,unprocessed,,0,not_selected_or_gate_blocked
train-014251,unprocessed,,0,not_selected_or_gate_blocked
train-014252,unprocessed,,0,not_selected_or_gate_blocked
train-014254,unprocessed,,0,not_selected_or_gate_blocked
train-014256,unprocessed,,0,not_selected_or_gate_blocked
train-014257,unprocessed,,0,not_selected_or_gate_blocked
train-014258,unprocessed,,0,not_selected_or_gate_blocked
train-014259,unprocessed,,0,not_selected_or_gate_blocked
train-014260,unprocessed,,0,not_selected_or_gate_blocked
train-014263,unprocessed,,0,not_selected_or_gate_blocked
train-014265,unprocessed,,0,not_selected_or_gate_blocked
train-014266,unprocessed,,0,not_selected_or_gate_blocked
train-014267,unprocessed,,0,not_selected_or_gate_blocked
train-014268,unprocessed,,0,not_selected_or_gate_blocked
train-014269,unprocessed,,0,not_selected_or_gate_blocked
train-014270,unprocessed,,0,not_selected_or_gate_blocked
train-014272,unprocessed,,0,not_selected_or_gate_blocked
train-014273,unprocessed,,0,not_selected_or_gate_blocked
train-014274,unprocessed,,0,not_selected_or_gate_blocked
train-014275,unprocessed,,0,not_selected_or_gate_blocked
train-014277,unprocessed,,0,not_selected_or_gate_blocked
train-014280,unprocessed,,0,not_selected_or_gate_blocked
train-014281,unprocessed,,0,not_selected_or_gate_blocked
train-014282,unprocessed,,0,not_selected_or_gate_blocked
train-014284,unprocessed,,0,not_selected_or_gate_blocked
train-014285,unprocessed,,0,not_selected_or_gate_blocked
train-014286,unprocessed,,0,not_selected_or_gate_blocked
train-014287,unprocessed,,0,not_selected_or_gate_blocked
train-014289,unprocessed,,0,not_selected_or_gate_blocked
train-014290,unprocessed,,0,not_selected_or_gate_blocked
train-014292,unprocessed,,0,not_selected_or_gate_blocked
train-014293,unprocessed,,0,not_selected_or_gate_blocked
train-014294,unprocessed,,0,not_selected_or_gate_blocked
train-014295,unprocessed,,0,not_selected_or_gate_blocked
train-014296,unprocessed,,0,not_selected_or_gate_blocked
train-014297,unprocessed,,0,not_selected_or_gate_blocked
train-014298,unprocessed,,0,not_selected_or_gate_blocked
train-014299,unprocessed,,0,not_selected_or_gate_blocked
train-014300,unprocessed,,0,not_selected_or_gate_blocked
train-014301,unprocessed,,0,not_selected_or_gate_blocked
train-014302,unprocessed,,0,not_selected_or_gate_blocked
train-014303,unprocessed,,0,not_selected_or_gate_blocked
train-014305,unprocessed,,0,not_selected_or_gate_blocked
train-014307,unprocessed,,0,not_selected_or_gate_blocked
train-014309,unprocessed,,0,not_selected_or_gate_blocked
train-014310,unprocessed,,0,not_selected_or_gate_blocked
train-014311,unprocessed,,0,not_selected_or_gate_blocked
train-014312,unprocessed,,0,not_selected_or_gate_blocked
train-014314,unprocessed,,0,not_selected_or_gate_blocked
train-014315,unprocessed,,0,not_selected_or_gate_blocked
train-014318,unprocessed,,0,not_selected_or_gate_blocked
train-014319,unprocessed,,0,not_selected_or_gate_blocked
train-014320,unprocessed,,0,not_selected_or_gate_blocked
train-014321,unprocessed,,0,not_selected_or_gate_blocked
train-014322,unprocessed,,0,not_selected_or_gate_blocked
train-014323,unprocessed,,0,not_selected_or_gate_blocked
train-014325,unprocessed,,0,not_selected_or_gate_blocked
train-014326,unprocessed,,0,not_selected_or_gate_blocked
train-014327,unprocessed,,0,not_selected_or_gate_blocked
train-014331,unprocessed,,0,not_selected_or_gate_blocked
train-014332,unprocessed,,0,not_selected_or_gate_blocked
train-014334,unprocessed,,0,not_selected_or_gate_blocked
train-014335,unprocessed,,0,not_selected_or_gate_blocked
train-014336,unprocessed,,0,not_selected_or_gate_blocked
train-014338,unprocessed,,0,not_selected_or_gate_blocked
train-014339,unprocessed,,0,not_selected_or_gate_blocked
train-014340,unprocessed,,0,not_selected_or_gate_blocked
train-014341,unprocessed,,0,not_selected_or_gate_blocked
train-014342,unprocessed,,0,not_selected_or_gate_blocked
train-014343,unprocessed,,0,not_selected_or_gate_blocked
train-014345,unprocessed,,0,not_selected_or_gate_blocked
train-014347,unprocessed,,0,not_selected_or_gate_blocked
train-014348,unprocessed,,0,not_selected_or_gate_blocked
train-014351,unprocessed,,0,not_selected_or_gate_blocked
train-014352,unprocessed,,0,not_selected_or_gate_blocked
train-014353,unprocessed,,0,not_selected_or_gate_blocked
train-014354,unprocessed,,0,not_selected_or_gate_blocked
train-014355,unprocessed,,0,not_selected_or_gate_blocked
train-014356,unprocessed,,0,not_selected_or_gate_blocked
train-014358,unprocessed,,0,not_selected_or_gate_blocked
train-014360,unprocessed,,0,not_selected_or_gate_blocked
train-014361,unprocessed,,0,not_selected_or_gate_blocked
train-014362,unprocessed,,0,not_selected_or_gate_blocked
train-014364,unprocessed,,0,not_selected_or_gate_blocked
train-014365,unprocessed,,0,not_selected_or_gate_blocked
train-014366,unprocessed,,0,not_selected_or_gate_blocked
train-014367,unprocessed,,0,not_selected_or_gate_blocked
train-014368,unprocessed,,0,not_selected_or_gate_blocked
train-014369,unprocessed,,0,not_selected_or_gate_blocked
train-014370,unprocessed,,0,not_selected_or_gate_blocked
train-014373,unprocessed,,0,not_selected_or_gate_blocked
train-014375,unprocessed,,0,not_selected_or_gate_blocked
train-014376,unprocessed,,0,not_selected_or_gate_blocked
train-014377,unprocessed,,0,not_selected_or_gate_blocked
train-014379,unprocessed,,0,not_selected_or_gate_blocked
train-014380,unprocessed,,0,not_selected_or_gate_blocked
train-014381,unprocessed,,0,not_selected_or_gate_blocked
train-014383,unprocessed,,0,not_selected_or_gate_blocked
train-014384,unprocessed,,0,not_selected_or_gate_blocked
train-014385,unprocessed,,0,not_selected_or_gate_blocked
train-014386,unprocessed,,0,not_selected_or_gate_blocked
train-014387,unprocessed,,0,not_selected_or_gate_blocked
train-014388,unprocessed,,0,not_selected_or_gate_blocked
train-014391,unprocessed,,0,not_selected_or_gate_blocked
train-014392,unprocessed,,0,not_selected_or_gate_blocked
train-014393,unprocessed,,0,not_selected_or_gate_blocked
train-014394,unprocessed,,0,not_selected_or_gate_blocked
train-014396,unprocessed,,0,not_selected_or_gate_blocked
train-014398,unprocessed,,0,not_selected_or_gate_blocked
train-014399,unprocessed,,0,not_selected_or_gate_blocked
train-014400,unprocessed,,0,not_selected_or_gate_blocked
train-014401,unprocessed,,0,not_selected_or_gate_blocked
train-014402,unprocessed,,0,not_selected_or_gate_blocked
train-014404,unprocessed,,0,not_selected_or_gate_blocked
train-014405,unprocessed,,0,not_selected_or_gate_blocked
train-014407,unprocessed,,0,not_selected_or_gate_blocked
train-014408,unprocessed,,0,not_selected_or_gate_blocked
train-014410,unprocessed,,0,not_selected_or_gate_blocked
train-014411,unprocessed,,0,not_selected_or_gate_blocked
train-014412,unprocessed,,0,not_selected_or_gate_blocked
train-014414,unprocessed,,0,not_selected_or_gate_blocked
train-014416,unprocessed,,0,not_selected_or_gate_blocked
train-014417,unprocessed,,0,not_selected_or_gate_blocked
train-014419,unprocessed,,0,not_selected_or_gate_blocked
train-014420,unprocessed,,0,not_selected_or_gate_blocked
train-014422,unprocessed,,0,not_selected_or_gate_blocked
train-014424,unprocessed,,0,not_selected_or_gate_blocked
train-014426,unprocessed,,0,not_selected_or_gate_blocked
train-014427,unprocessed,,0,not_selected_or_gate_blocked
train-014428,unprocessed,,0,not_selected_or_gate_blocked
train-014430,unprocessed,,0,not_selected_or_gate_blocked
train-014431,unprocessed,,0,not_selected_or_gate_blocked
train-014432,unprocessed,,0,not_selected_or_gate_blocked
train-014433,unprocessed,,0,not_selected_or_gate_blocked
train-014434,unprocessed,,0,not_selected_or_gate_blocked
train-014435,unprocessed,,0,not_selected_or_gate_blocked
train-014436,unprocessed,,0,not_selected_or_gate_blocked
train-014437,unprocessed,,0,not_selected_or_gate_blocked
train-014439,unprocessed,,0,not_selected_or_gate_blocked
train-014442,unprocessed,,0,not_selected_or_gate_blocked
train-014444,unprocessed,,0,not_selected_or_gate_blocked
train-014445,unprocessed,,0,not_selected_or_gate_blocked
train-014447,unprocessed,,0,not_selected_or_gate_blocked
train-014448,unprocessed,,0,not_selected_or_gate_blocked
train-014449,unprocessed,,0,not_selected_or_gate_blocked
train-014450,unprocessed,,0,not_selected_or_gate_blocked
train-014451,unprocessed,,0,not_selected_or_gate_blocked
train-014453,unprocessed,,0,not_selected_or_gate_blocked
train-014454,unprocessed,,0,not_selected_or_gate_blocked
train-014455,unprocessed,,0,not_selected_or_gate_blocked
train-014456,unprocessed,,0,not_selected_or_gate_blocked
train-014457,unprocessed,,0,not_selected_or_gate_blocked
train-014458,unprocessed,,0,not_selected_or_gate_blocked
train-014460,unprocessed,,0,not_selected_or_gate_blocked
train-014461,unprocessed,,0,not_selected_or_gate_blocked
train-014464,unprocessed,,0,not_selected_or_gate_blocked
train-014465,unprocessed,,0,not_selected_or_gate_blocked
train-014466,unprocessed,,0,not_selected_or_gate_blocked
train-014467,unprocessed,,0,not_selected_or_gate_blocked
train-014468,unprocessed,,0,not_selected_or_gate_blocked
train-014469,unprocessed,,0,not_selected_or_gate_blocked
train-014470,unprocessed,,0,not_selected_or_gate_blocked
train-014473,unprocessed,,0,not_selected_or_gate_blocked
train-014474,unprocessed,,0,not_selected_or_gate_blocked
train-014475,unprocessed,,0,not_selected_or_gate_blocked
train-014476,unprocessed,,0,not_selected_or_gate_blocked
train-014477,unprocessed,,0,not_selected_or_gate_blocked
train-014478,unprocessed,,0,not_selected_or_gate_blocked
train-014479,unprocessed,,0,not_selected_or_gate_blocked
train-014480,unprocessed,,0,not_selected_or_gate_blocked
train-014481,unprocessed,,0,not_selected_or_gate_blocked
train-014483,unprocessed,,0,not_selected_or_gate_blocked
train-014485,unprocessed,,0,not_selected_or_gate_blocked
train-014486,unprocessed,,0,not_selected_or_gate_blocked
train-014487,unprocessed,,0,not_selected_or_gate_blocked
train-014488,unprocessed,,0,not_selected_or_gate_blocked
train-014489,unprocessed,,0,not_selected_or_gate_blocked
train-014490,unprocessed,,0,not_selected_or_gate_blocked
train-014491,unprocessed,,0,not_selected_or_gate_blocked
train-014492,unprocessed,,0,not_selected_or_gate_blocked
train-014493,unprocessed,,0,not_selected_or_gate_blocked
train-014494,unprocessed,,0,not_selected_or_gate_blocked
train-014496,unprocessed,,0,not_selected_or_gate_blocked
train-014497,unprocessed,,0,not_selected_or_gate_blocked
train-014498,unprocessed,,0,not_selected_or_gate_blocked
train-014499,unprocessed,,0,not_selected_or_gate_blocked
train-014501,unprocessed,,0,not_selected_or_gate_blocked
train-014502,unprocessed,,0,not_selected_or_gate_blocked
train-014503,unprocessed,,0,not_selected_or_gate_blocked
train-014504,unprocessed,,0,not_selected_or_gate_blocked
train-014505,unprocessed,,0,not_selected_or_gate_blocked
train-014506,unprocessed,,0,not_selected_or_gate_blocked
train-014507,unprocessed,,0,not_selected_or_gate_blocked
train-014510,unprocessed,,0,not_selected_or_gate_blocked
train-014511,unprocessed,,0,not_selected_or_gate_blocked
train-014513,unprocessed,,0,not_selected_or_gate_blocked
train-014514,unprocessed,,0,not_selected_or_gate_blocked
train-014515,unprocessed,,0,not_selected_or_gate_blocked
train-014516,unprocessed,,0,not_selected_or_gate_blocked
train-014517,unprocessed,,0,not_selected_or_gate_blocked
train-014518,unprocessed,,0,not_selected_or_gate_blocked
train-014519,unprocessed,,0,not_selected_or_gate_blocked
train-014520,unprocessed,,0,not_selected_or_gate_blocked
train-014522,unprocessed,,0,not_selected_or_gate_blocked
train-014523,unprocessed,,0,not_selected_or_gate_blocked
train-014524,unprocessed,,0,not_selected_or_gate_blocked
train-014527,unprocessed,,0,not_selected_or_gate_blocked
train-014528,unprocessed,,0,not_selected_or_gate_blocked
train-014529,unprocessed,,0,not_selected_or_gate_blocked
train-014534,unprocessed,,0,not_selected_or_gate_blocked
train-014535,unprocessed,,0,not_selected_or_gate_blocked
train-014536,unprocessed,,0,not_selected_or_gate_blocked
train-014538,unprocessed,,0,not_selected_or_gate_blocked
train-014539,unprocessed,,0,not_selected_or_gate_blocked
train-014540,unprocessed,,0,not_selected_or_gate_blocked
train-014541,unprocessed,,0,not_selected_or_gate_blocked
train-014542,unprocessed,,0,not_selected_or_gate_blocked
train-014543,unprocessed,,0,not_selected_or_gate_blocked
train-014544,unprocessed,,0,not_selected_or_gate_blocked
train-014549,unprocessed,,0,not_selected_or_gate_blocked
train-014550,unprocessed,,0,not_selected_or_gate_blocked
train-014551,unprocessed,,0,not_selected_or_gate_blocked
train-014552,unprocessed,,0,not_selected_or_gate_blocked
train-014554,unprocessed,,0,not_selected_or_gate_blocked
train-014556,unprocessed,,0,not_selected_or_gate_blocked
train-014557,unprocessed,,0,not_selected_or_gate_blocked
train-014559,unprocessed,,0,not_selected_or_gate_blocked
train-014560,unprocessed,,0,not_selected_or_gate_blocked
train-014561,unprocessed,,0,not_selected_or_gate_blocked
train-014562,unprocessed,,0,not_selected_or_gate_blocked
train-014563,unprocessed,,0,not_selected_or_gate_blocked
train-014564,unprocessed,,0,not_selected_or_gate_blocked
train-014565,unprocessed,,0,not_selected_or_gate_blocked
train-014567,unprocessed,,0,not_selected_or_gate_blocked
train-014568,unprocessed,,0,not_selected_or_gate_blocked
train-014569,unprocessed,,0,not_selected_or_gate_blocked
train-014571,unprocessed,,0,not_selected_or_gate_blocked
train-014573,unprocessed,,0,not_selected_or_gate_blocked
train-014576,unprocessed,,0,not_selected_or_gate_blocked
train-014577,unprocessed,,0,not_selected_or_gate_blocked
train-014578,unprocessed,,0,not_selected_or_gate_blocked
train-014582,unprocessed,,0,not_selected_or_gate_blocked
train-014583,unprocessed,,0,not_selected_or_gate_blocked
train-014585,unprocessed,,0,not_selected_or_gate_blocked
train-014586,unprocessed,,0,not_selected_or_gate_blocked
train-014587,unprocessed,,0,not_selected_or_gate_blocked
train-014588,unprocessed,,0,not_selected_or_gate_blocked
train-014589,unprocessed,,0,not_selected_or_gate_blocked
train-014591,unprocessed,,0,not_selected_or_gate_blocked
train-014592,unprocessed,,0,not_selected_or_gate_blocked
train-014593,unprocessed,,0,not_selected_or_gate_blocked
train-014595,unprocessed,,0,not_selected_or_gate_blocked
train-014596,unprocessed,,0,not_selected_or_gate_blocked
train-014597,unprocessed,,0,not_selected_or_gate_blocked
train-014599,unprocessed,,0,not_selected_or_gate_blocked
train-014601,unprocessed,,0,not_selected_or_gate_blocked
train-014602,unprocessed,,0,not_selected_or_gate_blocked
train-014603,unprocessed,,0,not_selected_or_gate_blocked
train-014605,unprocessed,,0,not_selected_or_gate_blocked
train-014606,unprocessed,,0,not_selected_or_gate_blocked
train-014607,unprocessed,,0,not_selected_or_gate_blocked
train-014608,unprocessed,,0,not_selected_or_gate_blocked
train-014610,unprocessed,,0,not_selected_or_gate_blocked
train-014612,unprocessed,,0,not_selected_or_gate_blocked
train-014613,unprocessed,,0,not_selected_or_gate_blocked
train-014614,unprocessed,,0,not_selected_or_gate_blocked
train-014615,unprocessed,,0,not_selected_or_gate_blocked
train-014616,unprocessed,,0,not_selected_or_gate_blocked
train-014618,unprocessed,,0,not_selected_or_gate_blocked
train-014620,unprocessed,,0,not_selected_or_gate_blocked
train-014622,unprocessed,,0,not_selected_or_gate_blocked
train-014625,unprocessed,,0,not_selected_or_gate_blocked
train-014627,unprocessed,,0,not_selected_or_gate_blocked
train-014628,unprocessed,,0,not_selected_or_gate_blocked
train-014629,unprocessed,,0,not_selected_or_gate_blocked
train-014630,unprocessed,,0,not_selected_or_gate_blocked
train-014631,unprocessed,,0,not_selected_or_gate_blocked
train-014632,unprocessed,,0,not_selected_or_gate_blocked
train-014633,unprocessed,,0,not_selected_or_gate_blocked
train-014635,unprocessed,,0,not_selected_or_gate_blocked
train-014636,unprocessed,,0,not_selected_or_gate_blocked
train-014637,unprocessed,,0,not_selected_or_gate_blocked
train-014638,unprocessed,,0,not_selected_or_gate_blocked
train-014639,unprocessed,,0,not_selected_or_gate_blocked
train-014640,unprocessed,,0,not_selected_or_gate_blocked
train-014644,unprocessed,,0,not_selected_or_gate_blocked
train-014645,unprocessed,,0,not_selected_or_gate_blocked
train-014648,unprocessed,,0,not_selected_or_gate_blocked
train-014649,unprocessed,,0,not_selected_or_gate_blocked
train-014650,unprocessed,,0,not_selected_or_gate_blocked
train-014652,unprocessed,,0,not_selected_or_gate_blocked
train-014653,unprocessed,,0,not_selected_or_gate_blocked
train-014654,unprocessed,,0,not_selected_or_gate_blocked
train-014656,unprocessed,,0,not_selected_or_gate_blocked
train-014658,unprocessed,,0,not_selected_or_gate_blocked
train-014659,unprocessed,,0,not_selected_or_gate_blocked
train-014660,unprocessed,,0,not_selected_or_gate_blocked
train-014661,unprocessed,,0,not_selected_or_gate_blocked
train-014664,unprocessed,,0,not_selected_or_gate_blocked
train-014665,unprocessed,,0,not_selected_or_gate_blocked
train-014666,unprocessed,,0,not_selected_or_gate_blocked
train-014668,unprocessed,,0,not_selected_or_gate_blocked
train-014669,unprocessed,,0,not_selected_or_gate_blocked
train-014673,unprocessed,,0,not_selected_or_gate_blocked
train-014674,unprocessed,,0,not_selected_or_gate_blocked
train-014675,unprocessed,,0,not_selected_or_gate_blocked
train-014678,unprocessed,,0,not_selected_or_gate_blocked
train-014680,unprocessed,,0,not_selected_or_gate_blocked
train-014681,unprocessed,,0,not_selected_or_gate_blocked
train-014682,unprocessed,,0,not_selected_or_gate_blocked
train-014683,unprocessed,,0,not_selected_or_gate_blocked
train-014684,unprocessed,,0,not_selected_or_gate_blocked
train-014686,unprocessed,,0,not_selected_or_gate_blocked
train-014687,unprocessed,,0,not_selected_or_gate_blocked
train-014688,unprocessed,,0,not_selected_or_gate_blocked
train-014689,unprocessed,,0,not_selected_or_gate_blocked
train-014690,unprocessed,,0,not_selected_or_gate_blocked
train-014691,unprocessed,,0,not_selected_or_gate_blocked
train-014692,unprocessed,,0,not_selected_or_gate_blocked
train-014693,unprocessed,,0,not_selected_or_gate_blocked
train-014694,unprocessed,,0,not_selected_or_gate_blocked
train-014696,unprocessed,,0,not_selected_or_gate_blocked
train-014698,unprocessed,,0,not_selected_or_gate_blocked
train-014701,unprocessed,,0,not_selected_or_gate_blocked
train-014703,unprocessed,,0,not_selected_or_gate_blocked
train-014704,unprocessed,,0,not_selected_or_gate_blocked
train-014705,unprocessed,,0,not_selected_or_gate_blocked
train-014706,unprocessed,,0,not_selected_or_gate_blocked
train-014708,unprocessed,,0,not_selected_or_gate_blocked
train-014709,unprocessed,,0,not_selected_or_gate_blocked
train-014710,unprocessed,,0,not_selected_or_gate_blocked
train-014713,unprocessed,,0,not_selected_or_gate_blocked
train-014714,unprocessed,,0,not_selected_or_gate_blocked
train-014717,unprocessed,,0,not_selected_or_gate_blocked
train-014718,unprocessed,,0,not_selected_or_gate_blocked
train-014721,unprocessed,,0,not_selected_or_gate_blocked
train-014722,unprocessed,,0,not_selected_or_gate_blocked
train-014723,unprocessed,,0,not_selected_or_gate_blocked
train-014724,unprocessed,,0,not_selected_or_gate_blocked
train-014725,unprocessed,,0,not_selected_or_gate_blocked
train-014729,unprocessed,,0,not_selected_or_gate_blocked
train-014730,unprocessed,,0,not_selected_or_gate_blocked
train-014731,unprocessed,,0,not_selected_or_gate_blocked
train-014733,unprocessed,,0,not_selected_or_gate_blocked
train-014734,unprocessed,,0,not_selected_or_gate_blocked
train-014736,unprocessed,,0,not_selected_or_gate_blocked
train-014737,unprocessed,,0,not_selected_or_gate_blocked
train-014738,unprocessed,,0,not_selected_or_gate_blocked
train-014741,unprocessed,,0,not_selected_or_gate_blocked
train-014743,unprocessed,,0,not_selected_or_gate_blocked
train-014744,unprocessed,,0,not_selected_or_gate_blocked
train-014745,unprocessed,,0,not_selected_or_gate_blocked
train-014747,unprocessed,,0,not_selected_or_gate_blocked
train-014748,unprocessed,,0,not_selected_or_gate_blocked
train-014751,unprocessed,,0,not_selected_or_gate_blocked
train-014752,unprocessed,,0,not_selected_or_gate_blocked
train-014753,unprocessed,,0,not_selected_or_gate_blocked
train-014754,unprocessed,,0,not_selected_or_gate_blocked
train-014755,unprocessed,,0,not_selected_or_gate_blocked
train-014757,unprocessed,,0,not_selected_or_gate_blocked
train-014758,unprocessed,,0,not_selected_or_gate_blocked
train-014759,unprocessed,,0,not_selected_or_gate_blocked
train-014760,unprocessed,,0,not_selected_or_gate_blocked
train-014763,unprocessed,,0,not_selected_or_gate_blocked
train-014764,unprocessed,,0,not_selected_or_gate_blocked
train-014765,unprocessed,,0,not_selected_or_gate_blocked
train-014766,unprocessed,,0,not_selected_or_gate_blocked
train-014767,unprocessed,,0,not_selected_or_gate_blocked
train-014768,unprocessed,,0,not_selected_or_gate_blocked
train-014770,unprocessed,,0,not_selected_or_gate_blocked
train-014772,unprocessed,,0,not_selected_or_gate_blocked
train-014773,unprocessed,,0,not_selected_or_gate_blocked
train-014774,unprocessed,,0,not_selected_or_gate_blocked
train-014775,unprocessed,,0,not_selected_or_gate_blocked
train-014777,unprocessed,,0,not_selected_or_gate_blocked
train-014778,unprocessed,,0,not_selected_or_gate_blocked
train-014779,unprocessed,,0,not_selected_or_gate_blocked
train-014781,unprocessed,,0,not_selected_or_gate_blocked
train-014783,unprocessed,,0,not_selected_or_gate_blocked
train-014784,unprocessed,,0,not_selected_or_gate_blocked
train-014785,unprocessed,,0,not_selected_or_gate_blocked
train-014789,unprocessed,,0,not_selected_or_gate_blocked
train-014790,unprocessed,,0,not_selected_or_gate_blocked
train-014792,unprocessed,,0,not_selected_or_gate_blocked
train-014794,unprocessed,,0,not_selected_or_gate_blocked
train-014796,unprocessed,,0,not_selected_or_gate_blocked
train-014797,unprocessed,,0,not_selected_or_gate_blocked
train-014798,unprocessed,,0,not_selected_or_gate_blocked
train-014800,unprocessed,,0,not_selected_or_gate_blocked
train-014801,unprocessed,,0,not_selected_or_gate_blocked
train-014802,unprocessed,,0,not_selected_or_gate_blocked
train-014803,unprocessed,,0,not_selected_or_gate_blocked
train-014805,unprocessed,,0,not_selected_or_gate_blocked
train-014807,unprocessed,,0,not_selected_or_gate_blocked
train-014808,unprocessed,,0,not_selected_or_gate_blocked
train-014809,unprocessed,,0,not_selected_or_gate_blocked
train-014810,unprocessed,,0,not_selected_or_gate_blocked
train-014811,unprocessed,,0,not_selected_or_gate_blocked
train-014812,unprocessed,,0,not_selected_or_gate_blocked
train-014813,unprocessed,,0,not_selected_or_gate_blocked
train-014817,unprocessed,,0,not_selected_or_gate_blocked
train-014818,unprocessed,,0,not_selected_or_gate_blocked
train-014819,unprocessed,,0,not_selected_or_gate_blocked
train-014820,unprocessed,,0,not_selected_or_gate_blocked
train-014824,unprocessed,,0,not_selected_or_gate_blocked
train-014826,unprocessed,,0,not_selected_or_gate_blocked
train-014827,unprocessed,,0,not_selected_or_gate_blocked
train-014829,unprocessed,,0,not_selected_or_gate_blocked
train-014830,unprocessed,,0,not_selected_or_gate_blocked
train-014831,unprocessed,,0,not_selected_or_gate_blocked
train-014832,unprocessed,,0,not_selected_or_gate_blocked
train-014833,unprocessed,,0,not_selected_or_gate_blocked
train-014834,unprocessed,,0,not_selected_or_gate_blocked
train-014835,unprocessed,,0,not_selected_or_gate_blocked
train-014836,unprocessed,,0,not_selected_or_gate_blocked
train-014837,unprocessed,,0,not_selected_or_gate_blocked
train-014838,unprocessed,,0,not_selected_or_gate_blocked
train-014839,unprocessed,,0,not_selected_or_gate_blocked
train-014840,unprocessed,,0,not_selected_or_gate_blocked
train-014841,unprocessed,,0,not_selected_or_gate_blocked
train-014842,unprocessed,,0,not_selected_or_gate_blocked
train-014843,unprocessed,,0,not_selected_or_gate_blocked
train-014845,unprocessed,,0,not_selected_or_gate_blocked
train-014847,unprocessed,,0,not_selected_or_gate_blocked
train-014848,unprocessed,,0,not_selected_or_gate_blocked
train-014849,unprocessed,,0,not_selected_or_gate_blocked
train-014852,unprocessed,,0,not_selected_or_gate_blocked
train-014853,unprocessed,,0,not_selected_or_gate_blocked
train-014855,unprocessed,,0,not_selected_or_gate_blocked
train-014856,unprocessed,,0,not_selected_or_gate_blocked
train-014857,unprocessed,,0,not_selected_or_gate_blocked
train-014859,unprocessed,,0,not_selected_or_gate_blocked
train-014861,unprocessed,,0,not_selected_or_gate_blocked
train-014862,unprocessed,,0,not_selected_or_gate_blocked
train-014863,unprocessed,,0,not_selected_or_gate_blocked
train-014864,unprocessed,,0,not_selected_or_gate_blocked
train-014865,unprocessed,,0,not_selected_or_gate_blocked
train-014866,unprocessed,,0,not_selected_or_gate_blocked
train-014867,unprocessed,,0,not_selected_or_gate_blocked
train-014868,unprocessed,,0,not_selected_or_gate_blocked
train-014869,unprocessed,,0,not_selected_or_gate_blocked
train-014870,unprocessed,,0,not_selected_or_gate_blocked
train-014871,unprocessed,,0,not_selected_or_gate_blocked
train-014873,unprocessed,,0,not_selected_or_gate_blocked
train-014874,unprocessed,,0,not_selected_or_gate_blocked
train-014875,unprocessed,,0,not_selected_or_gate_blocked
train-014876,unprocessed,,0,not_selected_or_gate_blocked
train-014877,unprocessed,,0,not_selected_or_gate_blocked
train-014878,unprocessed,,0,not_selected_or_gate_blocked
train-014879,unprocessed,,0,not_selected_or_gate_blocked
train-014881,unprocessed,,0,not_selected_or_gate_blocked
train-014882,unprocessed,,0,not_selected_or_gate_blocked
train-014884,unprocessed,,0,not_selected_or_gate_blocked
train-014885,unprocessed,,0,not_selected_or_gate_blocked
train-014886,unprocessed,,0,not_selected_or_gate_blocked
train-014887,unprocessed,,0,not_selected_or_gate_blocked
train-014888,unprocessed,,0,not_selected_or_gate_blocked
train-014890,unprocessed,,0,not_selected_or_gate_blocked
train-014891,unprocessed,,0,not_selected_or_gate_blocked
train-014892,unprocessed,,0,not_selected_or_gate_blocked
train-014896,unprocessed,,0,not_selected_or_gate_blocked
train-014899,unprocessed,,0,not_selected_or_gate_blocked
train-014900,unprocessed,,0,not_selected_or_gate_blocked
train-014903,unprocessed,,0,not_selected_or_gate_blocked
train-014905,unprocessed,,0,not_selected_or_gate_blocked
train-014908,unprocessed,,0,not_selected_or_gate_blocked
train-014909,unprocessed,,0,not_selected_or_gate_blocked
train-014910,unprocessed,,0,not_selected_or_gate_blocked
train-014914,unprocessed,,0,not_selected_or_gate_blocked
train-014919,unprocessed,,0,not_selected_or_gate_blocked
train-014921,unprocessed,,0,not_selected_or_gate_blocked
train-014922,unprocessed,,0,not_selected_or_gate_blocked
train-014923,unprocessed,,0,not_selected_or_gate_blocked
train-014924,unprocessed,,0,not_selected_or_gate_blocked
train-014925,unprocessed,,0,not_selected_or_gate_blocked
train-014926,unprocessed,,0,not_selected_or_gate_blocked
train-014927,unprocessed,,0,not_selected_or_gate_blocked
train-014928,unprocessed,,0,not_selected_or_gate_blocked
train-014930,unprocessed,,0,not_selected_or_gate_blocked
train-014931,unprocessed,,0,not_selected_or_gate_blocked
train-014934,unprocessed,,0,not_selected_or_gate_blocked
train-014935,unprocessed,,0,not_selected_or_gate_blocked
train-014936,unprocessed,,0,not_selected_or_gate_blocked
train-014937,unprocessed,,0,not_selected_or_gate_blocked
train-014938,unprocessed,,0,not_selected_or_gate_blocked
train-014939,unprocessed,,0,not_selected_or_gate_blocked
train-014940,unprocessed,,0,not_selected_or_gate_blocked
train-014941,unprocessed,,0,not_selected_or_gate_blocked
train-014942,unprocessed,,0,not_selected_or_gate_blocked
train-014943,unprocessed,,0,not_selected_or_gate_blocked
train-014945,unprocessed,,0,not_selected_or_gate_blocked
train-014947,unprocessed,,0,not_selected_or_gate_blocked
train-014948,unprocessed,,0,not_selected_or_gate_blocked
train-014949,unprocessed,,0,not_selected_or_gate_blocked
train-014951,unprocessed,,0,not_selected_or_gate_blocked
train-014952,unprocessed,,0,not_selected_or_gate_blocked
train-014953,unprocessed,,0,not_selected_or_gate_blocked
train-014955,unprocessed,,0,not_selected_or_gate_blocked
train-014956,unprocessed,,0,not_selected_or_gate_blocked
train-014957,unprocessed,,0,not_selected_or_gate_blocked
train-014958,unprocessed,,0,not_selected_or_gate_blocked
train-014959,unprocessed,,0,not_selected_or_gate_blocked
train-014960,unprocessed,,0,not_selected_or_gate_blocked
train-014965,unprocessed,,0,not_selected_or_gate_blocked
train-014966,unprocessed,,0,not_selected_or_gate_blocked
train-014967,unprocessed,,0,not_selected_or_gate_blocked
train-014970,unprocessed,,0,not_selected_or_gate_blocked
train-014971,unprocessed,,0,not_selected_or_gate_blocked
train-014973,unprocessed,,0,not_selected_or_gate_blocked
train-014974,unprocessed,,0,not_selected_or_gate_blocked
train-014975,unprocessed,,0,not_selected_or_gate_blocked
train-014976,unprocessed,,0,not_selected_or_gate_blocked
train-014977,unprocessed,,0,not_selected_or_gate_blocked
train-014978,unprocessed,,0,not_selected_or_gate_blocked
train-014979,unprocessed,,0,not_selected_or_gate_blocked
train-014980,unprocessed,,0,not_selected_or_gate_blocked
train-014981,unprocessed,,0,not_selected_or_gate_blocked
train-014982,unprocessed,,0,not_selected_or_gate_blocked
train-014983,unprocessed,,0,not_selected_or_gate_blocked
train-014985,unprocessed,,0,not_selected_or_gate_blocked
train-014986,unprocessed,,0,not_selected_or_gate_blocked
train-014987,unprocessed,,0,not_selected_or_gate_blocked
train-014988,unprocessed,,0,not_selected_or_gate_blocked
train-014989,unprocessed,,0,not_selected_or_gate_blocked
train-014991,unprocessed,,0,not_selected_or_gate_blocked
train-014992,unprocessed,,0,not_selected_or_gate_blocked
train-014993,unprocessed,,0,not_selected_or_gate_blocked
train-014994,unprocessed,,0,not_selected_or_gate_blocked
train-014997,unprocessed,,0,not_selected_or_gate_blocked
train-014998,unprocessed,,0,not_selected_or_gate_blocked
train-014999,unprocessed,,0,not_selected_or_gate_blocked
train-015000,unprocessed,,0,not_selected_or_gate_blocked
train-015001,unprocessed,,0,not_selected_or_gate_blocked
train-015002,unprocessed,,0,not_selected_or_gate_blocked
train-015003,unprocessed,,0,not_selected_or_gate_blocked
train-015004,unprocessed,,0,not_selected_or_gate_blocked
train-015005,unprocessed,,0,not_selected_or_gate_blocked
train-015006,unprocessed,,0,not_selected_or_gate_blocked
train-015007,unprocessed,,0,not_selected_or_gate_blocked
train-015008,unprocessed,,0,not_selected_or_gate_blocked
train-015009,unprocessed,,0,not_selected_or_gate_blocked
train-015010,unprocessed,,0,not_selected_or_gate_blocked
train-015012,unprocessed,,0,not_selected_or_gate_blocked
train-015014,unprocessed,,0,not_selected_or_gate_blocked
train-015015,unprocessed,,0,not_selected_or_gate_blocked
train-015016,unprocessed,,0,not_selected_or_gate_blocked
train-015017,unprocessed,,0,not_selected_or_gate_blocked
train-015018,unprocessed,,0,not_selected_or_gate_blocked
train-015019,unprocessed,,0,not_selected_or_gate_blocked
train-015020,unprocessed,,0,not_selected_or_gate_blocked
train-015021,unprocessed,,0,not_selected_or_gate_blocked
train-015023,unprocessed,,0,not_selected_or_gate_blocked
train-015024,unprocessed,,0,not_selected_or_gate_blocked
train-015026,unprocessed,,0,not_selected_or_gate_blocked
train-015027,unprocessed,,0,not_selected_or_gate_blocked
train-015029,unprocessed,,0,not_selected_or_gate_blocked
train-015030,unprocessed,,0,not_selected_or_gate_blocked
train-015031,unprocessed,,0,not_selected_or_gate_blocked
train-015032,unprocessed,,0,not_selected_or_gate_blocked
train-015034,unprocessed,,0,not_selected_or_gate_blocked
train-015035,unprocessed,,0,not_selected_or_gate_blocked
train-015036,unprocessed,,0,not_selected_or_gate_blocked
train-015037,unprocessed,,0,not_selected_or_gate_blocked
train-015038,unprocessed,,0,not_selected_or_gate_blocked
train-015039,unprocessed,,0,not_selected_or_gate_blocked
train-015040,unprocessed,,0,not_selected_or_gate_blocked
train-015041,unprocessed,,0,not_selected_or_gate_blocked
train-015042,unprocessed,,0,not_selected_or_gate_blocked
train-015043,unprocessed,,0,not_selected_or_gate_blocked
train-015044,unprocessed,,0,not_selected_or_gate_blocked
train-015045,unprocessed,,0,not_selected_or_gate_blocked
train-015046,unprocessed,,0,not_selected_or_gate_blocked
train-015047,unprocessed,,0,not_selected_or_gate_blocked
train-015049,unprocessed,,0,not_selected_or_gate_blocked
train-015050,unprocessed,,0,not_selected_or_gate_blocked
train-015051,unprocessed,,0,not_selected_or_gate_blocked
train-015052,unprocessed,,0,not_selected_or_gate_blocked
train-015054,unprocessed,,0,not_selected_or_gate_blocked
train-015055,unprocessed,,0,not_selected_or_gate_blocked
train-015056,unprocessed,,0,not_selected_or_gate_blocked
train-015057,unprocessed,,0,not_selected_or_gate_blocked
train-015058,unprocessed,,0,not_selected_or_gate_blocked
train-015059,unprocessed,,0,not_selected_or_gate_blocked
train-015060,unprocessed,,0,not_selected_or_gate_blocked
train-015061,unprocessed,,0,not_selected_or_gate_blocked
train-015062,unprocessed,,0,not_selected_or_gate_blocked
train-015066,unprocessed,,0,not_selected_or_gate_blocked
train-015067,unprocessed,,0,not_selected_or_gate_blocked
train-015068,unprocessed,,0,not_selected_or_gate_blocked
train-015069,unprocessed,,0,not_selected_or_gate_blocked
train-015070,unprocessed,,0,not_selected_or_gate_blocked
train-015071,unprocessed,,0,not_selected_or_gate_blocked
train-015072,unprocessed,,0,not_selected_or_gate_blocked
train-015073,unprocessed,,0,not_selected_or_gate_blocked
train-015075,unprocessed,,0,not_selected_or_gate_blocked
train-015078,unprocessed,,0,not_selected_or_gate_blocked
train-015080,unprocessed,,0,not_selected_or_gate_blocked
train-015081,unprocessed,,0,not_selected_or_gate_blocked
train-015082,unprocessed,,0,not_selected_or_gate_blocked
train-015083,unprocessed,,0,not_selected_or_gate_blocked
train-015084,unprocessed,,0,not_selected_or_gate_blocked
train-015085,unprocessed,,0,not_selected_or_gate_blocked
train-015086,unprocessed,,0,not_selected_or_gate_blocked
train-015087,unprocessed,,0,not_selected_or_gate_blocked
train-015088,unprocessed,,0,not_selected_or_gate_blocked
train-015089,unprocessed,,0,not_selected_or_gate_blocked
train-015091,unprocessed,,0,not_selected_or_gate_blocked
train-015092,unprocessed,,0,not_selected_or_gate_blocked
train-015096,unprocessed,,0,not_selected_or_gate_blocked
train-015097,unprocessed,,0,not_selected_or_gate_blocked
train-015098,unprocessed,,0,not_selected_or_gate_blocked
train-015099,unprocessed,,0,not_selected_or_gate_blocked
train-015102,unprocessed,,0,not_selected_or_gate_blocked
train-015103,unprocessed,,0,not_selected_or_gate_blocked
train-015104,unprocessed,,0,not_selected_or_gate_blocked
train-015106,unprocessed,,0,not_selected_or_gate_blocked
train-015107,unprocessed,,0,not_selected_or_gate_blocked
train-015109,unprocessed,,0,not_selected_or_gate_blocked
train-015110,unprocessed,,0,not_selected_or_gate_blocked
train-015111,unprocessed,,0,not_selected_or_gate_blocked
train-015112,unprocessed,,0,not_selected_or_gate_blocked
train-015113,unprocessed,,0,not_selected_or_gate_blocked
train-015114,unprocessed,,0,not_selected_or_gate_blocked
train-015115,unprocessed,,0,not_selected_or_gate_blocked
train-015119,unprocessed,,0,not_selected_or_gate_blocked
train-015121,unprocessed,,0,not_selected_or_gate_blocked
train-015122,unprocessed,,0,not_selected_or_gate_blocked
train-015124,unprocessed,,0,not_selected_or_gate_blocked
train-015125,unprocessed,,0,not_selected_or_gate_blocked
train-015126,unprocessed,,0,not_selected_or_gate_blocked
train-015130,unprocessed,,0,not_selected_or_gate_blocked
train-015131,unprocessed,,0,not_selected_or_gate_blocked
train-015133,unprocessed,,0,not_selected_or_gate_blocked
train-015134,unprocessed,,0,not_selected_or_gate_blocked
train-015135,unprocessed,,0,not_selected_or_gate_blocked
train-015136,unprocessed,,0,not_selected_or_gate_blocked
train-015137,unprocessed,,0,not_selected_or_gate_blocked
train-015138,unprocessed,,0,not_selected_or_gate_blocked
train-015139,unprocessed,,0,not_selected_or_gate_blocked
train-015140,unprocessed,,0,not_selected_or_gate_blocked
train-015141,unprocessed,,0,not_selected_or_gate_blocked
train-015142,unprocessed,,0,not_selected_or_gate_blocked
train-015143,unprocessed,,0,not_selected_or_gate_blocked
train-015144,unprocessed,,0,not_selected_or_gate_blocked
train-015145,unprocessed,,0,not_selected_or_gate_blocked
train-015146,unprocessed,,0,not_selected_or_gate_blocked
train-015149,unprocessed,,0,not_selected_or_gate_blocked
train-015150,unprocessed,,0,not_selected_or_gate_blocked
train-015152,unprocessed,,0,not_selected_or_gate_blocked
train-015153,unprocessed,,0,not_selected_or_gate_blocked
train-015154,unprocessed,,0,not_selected_or_gate_blocked
train-015155,unprocessed,,0,not_selected_or_gate_blocked
train-015158,unprocessed,,0,not_selected_or_gate_blocked
train-015160,unprocessed,,0,not_selected_or_gate_blocked
train-015162,unprocessed,,0,not_selected_or_gate_blocked
train-015164,unprocessed,,0,not_selected_or_gate_blocked
train-015165,unprocessed,,0,not_selected_or_gate_blocked
train-015167,unprocessed,,0,not_selected_or_gate_blocked
train-015168,unprocessed,,0,not_selected_or_gate_blocked
train-015169,unprocessed,,0,not_selected_or_gate_blocked
train-015170,unprocessed,,0,not_selected_or_gate_blocked
train-015171,unprocessed,,0,not_selected_or_gate_blocked
train-015172,unprocessed,,0,not_selected_or_gate_blocked
train-015173,unprocessed,,0,not_selected_or_gate_blocked
train-015174,unprocessed,,0,not_selected_or_gate_blocked
train-015175,unprocessed,,0,not_selected_or_gate_blocked
train-015177,unprocessed,,0,not_selected_or_gate_blocked
train-015178,unprocessed,,0,not_selected_or_gate_blocked
train-015179,unprocessed,,0,not_selected_or_gate_blocked
train-015182,unprocessed,,0,not_selected_or_gate_blocked
train-015183,unprocessed,,0,not_selected_or_gate_blocked
train-015184,unprocessed,,0,not_selected_or_gate_blocked
train-015185,unprocessed,,0,not_selected_or_gate_blocked
train-015186,unprocessed,,0,not_selected_or_gate_blocked
train-015191,unprocessed,,0,not_selected_or_gate_blocked
train-015192,unprocessed,,0,not_selected_or_gate_blocked
train-015194,unprocessed,,0,not_selected_or_gate_blocked
train-015195,unprocessed,,0,not_selected_or_gate_blocked
train-015196,unprocessed,,0,not_selected_or_gate_blocked
train-015201,unprocessed,,0,not_selected_or_gate_blocked
train-015202,unprocessed,,0,not_selected_or_gate_blocked
train-015203,unprocessed,,0,not_selected_or_gate_blocked
train-015204,unprocessed,,0,not_selected_or_gate_blocked
train-015206,unprocessed,,0,not_selected_or_gate_blocked
train-015208,unprocessed,,0,not_selected_or_gate_blocked
train-015209,unprocessed,,0,not_selected_or_gate_blocked
train-015210,unprocessed,,0,not_selected_or_gate_blocked
train-015212,unprocessed,,0,not_selected_or_gate_blocked
train-015213,unprocessed,,0,not_selected_or_gate_blocked
train-015215,unprocessed,,0,not_selected_or_gate_blocked
train-015216,unprocessed,,0,not_selected_or_gate_blocked
train-015217,unprocessed,,0,not_selected_or_gate_blocked
train-015218,unprocessed,,0,not_selected_or_gate_blocked
train-015221,unprocessed,,0,not_selected_or_gate_blocked
train-015222,unprocessed,,0,not_selected_or_gate_blocked
train-015223,unprocessed,,0,not_selected_or_gate_blocked
train-015224,unprocessed,,0,not_selected_or_gate_blocked
train-015228,unprocessed,,0,not_selected_or_gate_blocked
train-015229,unprocessed,,0,not_selected_or_gate_blocked
train-015230,unprocessed,,0,not_selected_or_gate_blocked
train-015231,unprocessed,,0,not_selected_or_gate_blocked
train-015234,unprocessed,,0,not_selected_or_gate_blocked
train-015236,unprocessed,,0,not_selected_or_gate_blocked
train-015238,unprocessed,,0,not_selected_or_gate_blocked
train-015240,unprocessed,,0,not_selected_or_gate_blocked
train-015241,unprocessed,,0,not_selected_or_gate_blocked
train-015242,unprocessed,,0,not_selected_or_gate_blocked
train-015244,unprocessed,,0,not_selected_or_gate_blocked
train-015246,unprocessed,,0,not_selected_or_gate_blocked
train-015247,unprocessed,,0,not_selected_or_gate_blocked
train-015248,unprocessed,,0,not_selected_or_gate_blocked
train-015249,unprocessed,,0,not_selected_or_gate_blocked
train-015252,unprocessed,,0,not_selected_or_gate_blocked
train-015254,unprocessed,,0,not_selected_or_gate_blocked
train-015256,unprocessed,,0,not_selected_or_gate_blocked
train-015257,unprocessed,,0,not_selected_or_gate_blocked
train-015258,unprocessed,,0,not_selected_or_gate_blocked
train-015259,unprocessed,,0,not_selected_or_gate_blocked
train-015260,unprocessed,,0,not_selected_or_gate_blocked
train-015263,unprocessed,,0,not_selected_or_gate_blocked
train-015264,unprocessed,,0,not_selected_or_gate_blocked
train-015265,unprocessed,,0,not_selected_or_gate_blocked
train-015266,unprocessed,,0,not_selected_or_gate_blocked
train-015269,unprocessed,,0,not_selected_or_gate_blocked
train-015270,unprocessed,,0,not_selected_or_gate_blocked
train-015271,unprocessed,,0,not_selected_or_gate_blocked
train-015273,unprocessed,,0,not_selected_or_gate_blocked
train-015274,unprocessed,,0,not_selected_or_gate_blocked
train-015275,unprocessed,,0,not_selected_or_gate_blocked
train-015277,unprocessed,,0,not_selected_or_gate_blocked
train-015278,unprocessed,,0,not_selected_or_gate_blocked
train-015279,unprocessed,,0,not_selected_or_gate_blocked
train-015280,unprocessed,,0,not_selected_or_gate_blocked
train-015281,unprocessed,,0,not_selected_or_gate_blocked
train-015282,unprocessed,,0,not_selected_or_gate_blocked
train-015283,unprocessed,,0,not_selected_or_gate_blocked
train-015284,unprocessed,,0,not_selected_or_gate_blocked
train-015285,unprocessed,,0,not_selected_or_gate_blocked
train-015286,unprocessed,,0,not_selected_or_gate_blocked
train-015288,unprocessed,,0,not_selected_or_gate_blocked
train-015290,unprocessed,,0,not_selected_or_gate_blocked
train-015292,unprocessed,,0,not_selected_or_gate_blocked
train-015293,unprocessed,,0,not_selected_or_gate_blocked
train-015295,unprocessed,,0,not_selected_or_gate_blocked
train-015297,unprocessed,,0,not_selected_or_gate_blocked
train-015298,unprocessed,,0,not_selected_or_gate_blocked
train-015300,unprocessed,,0,not_selected_or_gate_blocked
train-015303,unprocessed,,0,not_selected_or_gate_blocked
train-015304,unprocessed,,0,not_selected_or_gate_blocked
train-015307,unprocessed,,0,not_selected_or_gate_blocked
train-015308,unprocessed,,0,not_selected_or_gate_blocked
train-015309,unprocessed,,0,not_selected_or_gate_blocked
train-015311,unprocessed,,0,not_selected_or_gate_blocked
train-015313,unprocessed,,0,not_selected_or_gate_blocked
train-015314,unprocessed,,0,not_selected_or_gate_blocked
train-015316,unprocessed,,0,not_selected_or_gate_blocked
train-015317,unprocessed,,0,not_selected_or_gate_blocked
train-015318,unprocessed,,0,not_selected_or_gate_blocked
train-015319,unprocessed,,0,not_selected_or_gate_blocked
train-015320,unprocessed,,0,not_selected_or_gate_blocked
train-015322,unprocessed,,0,not_selected_or_gate_blocked
train-015323,unprocessed,,0,not_selected_or_gate_blocked
train-015325,unprocessed,,0,not_selected_or_gate_blocked
train-015326,unprocessed,,0,not_selected_or_gate_blocked
train-015328,unprocessed,,0,not_selected_or_gate_blocked
train-015329,unprocessed,,0,not_selected_or_gate_blocked
train-015330,unprocessed,,0,not_selected_or_gate_blocked
train-015331,unprocessed,,0,not_selected_or_gate_blocked
train-015333,unprocessed,,0,not_selected_or_gate_blocked
train-015334,unprocessed,,0,not_selected_or_gate_blocked
train-015335,unprocessed,,0,not_selected_or_gate_blocked
train-015337,unprocessed,,0,not_selected_or_gate_blocked
train-015338,unprocessed,,0,not_selected_or_gate_blocked
train-015339,unprocessed,,0,not_selected_or_gate_blocked
train-015341,unprocessed,,0,not_selected_or_gate_blocked
train-015342,unprocessed,,0,not_selected_or_gate_blocked
train-015343,unprocessed,,0,not_selected_or_gate_blocked
train-015344,unprocessed,,0,not_selected_or_gate_blocked
train-015347,unprocessed,,0,not_selected_or_gate_blocked
train-015348,unprocessed,,0,not_selected_or_gate_blocked
train-015349,unprocessed,,0,not_selected_or_gate_blocked
train-015352,unprocessed,,0,not_selected_or_gate_blocked
train-015353,unprocessed,,0,not_selected_or_gate_blocked
train-015354,unprocessed,,0,not_selected_or_gate_blocked
train-015355,unprocessed,,0,not_selected_or_gate_blocked
train-015358,unprocessed,,0,not_selected_or_gate_blocked
train-015359,unprocessed,,0,not_selected_or_gate_blocked
train-015360,unprocessed,,0,not_selected_or_gate_blocked
train-015361,unprocessed,,0,not_selected_or_gate_blocked
train-015364,unprocessed,,0,not_selected_or_gate_blocked
train-015365,unprocessed,,0,not_selected_or_gate_blocked
train-015368,unprocessed,,0,not_selected_or_gate_blocked
train-015370,unprocessed,,0,not_selected_or_gate_blocked
train-015371,unprocessed,,0,not_selected_or_gate_blocked
train-015372,unprocessed,,0,not_selected_or_gate_blocked
train-015373,unprocessed,,0,not_selected_or_gate_blocked
train-015374,unprocessed,,0,not_selected_or_gate_blocked
train-015375,unprocessed,,0,not_selected_or_gate_blocked
train-015378,unprocessed,,0,not_selected_or_gate_blocked
train-015380,unprocessed,,0,not_selected_or_gate_blocked
train-015381,unprocessed,,0,not_selected_or_gate_blocked
train-015382,unprocessed,,0,not_selected_or_gate_blocked
train-015383,unprocessed,,0,not_selected_or_gate_blocked
train-015384,unprocessed,,0,not_selected_or_gate_blocked
train-015386,unprocessed,,0,not_selected_or_gate_blocked
train-015387,unprocessed,,0,not_selected_or_gate_blocked
train-015389,unprocessed,,0,not_selected_or_gate_blocked
train-015390,unprocessed,,0,not_selected_or_gate_blocked
train-015391,unprocessed,,0,not_selected_or_gate_blocked
train-015393,unprocessed,,0,not_selected_or_gate_blocked
train-015394,unprocessed,,0,not_selected_or_gate_blocked
train-015395,unprocessed,,0,not_selected_or_gate_blocked
train-015397,unprocessed,,0,not_selected_or_gate_blocked
train-015400,unprocessed,,0,not_selected_or_gate_blocked
train-015401,unprocessed,,0,not_selected_or_gate_blocked
train-015403,unprocessed,,0,not_selected_or_gate_blocked
train-015404,unprocessed,,0,not_selected_or_gate_blocked
train-015405,unprocessed,,0,not_selected_or_gate_blocked
train-015406,unprocessed,,0,not_selected_or_gate_blocked
train-015408,unprocessed,,0,not_selected_or_gate_blocked
train-015409,unprocessed,,0,not_selected_or_gate_blocked
train-015410,unprocessed,,0,not_selected_or_gate_blocked
train-015411,unprocessed,,0,not_selected_or_gate_blocked
train-015413,unprocessed,,0,not_selected_or_gate_blocked
train-015414,unprocessed,,0,not_selected_or_gate_blocked
train-015415,unprocessed,,0,not_selected_or_gate_blocked
train-015417,unprocessed,,0,not_selected_or_gate_blocked
train-015420,unprocessed,,0,not_selected_or_gate_blocked
train-015421,unprocessed,,0,not_selected_or_gate_blocked
train-015424,unprocessed,,0,not_selected_or_gate_blocked
train-015425,unprocessed,,0,not_selected_or_gate_blocked
train-015426,unprocessed,,0,not_selected_or_gate_blocked
train-015428,unprocessed,,0,not_selected_or_gate_blocked
train-015430,unprocessed,,0,not_selected_or_gate_blocked
train-015431,unprocessed,,0,not_selected_or_gate_blocked
train-015433,unprocessed,,0,not_selected_or_gate_blocked
train-015436,unprocessed,,0,not_selected_or_gate_blocked
train-015437,unprocessed,,0,not_selected_or_gate_blocked
train-015438,unprocessed,,0,not_selected_or_gate_blocked
train-015439,unprocessed,,0,not_selected_or_gate_blocked
train-015440,unprocessed,,0,not_selected_or_gate_blocked
train-015441,unprocessed,,0,not_selected_or_gate_blocked
train-015442,unprocessed,,0,not_selected_or_gate_blocked
train-015443,unprocessed,,0,not_selected_or_gate_blocked
train-015444,unprocessed,,0,not_selected_or_gate_blocked
train-015445,unprocessed,,0,not_selected_or_gate_blocked
train-015447,unprocessed,,0,not_selected_or_gate_blocked
train-015449,unprocessed,,0,not_selected_or_gate_blocked
train-015451,unprocessed,,0,not_selected_or_gate_blocked
train-015452,unprocessed,,0,not_selected_or_gate_blocked
train-015453,unprocessed,,0,not_selected_or_gate_blocked
train-015454,unprocessed,,0,not_selected_or_gate_blocked
train-015455,unprocessed,,0,not_selected_or_gate_blocked
train-015456,unprocessed,,0,not_selected_or_gate_blocked
train-015458,unprocessed,,0,not_selected_or_gate_blocked
train-015459,unprocessed,,0,not_selected_or_gate_blocked
train-015460,unprocessed,,0,not_selected_or_gate_blocked
train-015461,unprocessed,,0,not_selected_or_gate_blocked
train-015463,unprocessed,,0,not_selected_or_gate_blocked
train-015465,unprocessed,,0,not_selected_or_gate_blocked
train-015466,unprocessed,,0,not_selected_or_gate_blocked
train-015468,unprocessed,,0,not_selected_or_gate_blocked
train-015469,unprocessed,,0,not_selected_or_gate_blocked
train-015470,unprocessed,,0,not_selected_or_gate_blocked
train-015472,unprocessed,,0,not_selected_or_gate_blocked
train-015473,unprocessed,,0,not_selected_or_gate_blocked
train-015474,unprocessed,,0,not_selected_or_gate_blocked
train-015475,unprocessed,,0,not_selected_or_gate_blocked
train-015476,unprocessed,,0,not_selected_or_gate_blocked
train-015480,unprocessed,,0,not_selected_or_gate_blocked
train-015481,unprocessed,,0,not_selected_or_gate_blocked
train-015482,unprocessed,,0,not_selected_or_gate_blocked
train-015483,unprocessed,,0,not_selected_or_gate_blocked
train-015484,unprocessed,,0,not_selected_or_gate_blocked
train-015485,unprocessed,,0,not_selected_or_gate_blocked
train-015488,unprocessed,,0,not_selected_or_gate_blocked
train-015489,unprocessed,,0,not_selected_or_gate_blocked
train-015490,unprocessed,,0,not_selected_or_gate_blocked
train-015492,unprocessed,,0,not_selected_or_gate_blocked
train-015493,unprocessed,,0,not_selected_or_gate_blocked
train-015494,unprocessed,,0,not_selected_or_gate_blocked
train-015495,unprocessed,,0,not_selected_or_gate_blocked
train-015498,unprocessed,,0,not_selected_or_gate_blocked
train-015499,unprocessed,,0,not_selected_or_gate_blocked
train-015500,unprocessed,,0,not_selected_or_gate_blocked
train-015501,unprocessed,,0,not_selected_or_gate_blocked
train-015502,unprocessed,,0,not_selected_or_gate_blocked
train-015503,unprocessed,,0,not_selected_or_gate_blocked
train-015507,unprocessed,,0,not_selected_or_gate_blocked
train-015509,unprocessed,,0,not_selected_or_gate_blocked
train-015510,unprocessed,,0,not_selected_or_gate_blocked
train-015511,unprocessed,,0,not_selected_or_gate_blocked
train-015512,unprocessed,,0,not_selected_or_gate_blocked
train-015513,unprocessed,,0,not_selected_or_gate_blocked
train-015516,unprocessed,,0,not_selected_or_gate_blocked
train-015519,unprocessed,,0,not_selected_or_gate_blocked
train-015520,unprocessed,,0,not_selected_or_gate_blocked
train-015521,unprocessed,,0,not_selected_or_gate_blocked
train-015522,unprocessed,,0,not_selected_or_gate_blocked
train-015523,unprocessed,,0,not_selected_or_gate_blocked
train-015524,unprocessed,,0,not_selected_or_gate_blocked
train-015525,unprocessed,,0,not_selected_or_gate_blocked
train-015526,unprocessed,,0,not_selected_or_gate_blocked
train-015527,unprocessed,,0,not_selected_or_gate_blocked
train-015529,unprocessed,,0,not_selected_or_gate_blocked
train-015530,unprocessed,,0,not_selected_or_gate_blocked
train-015532,unprocessed,,0,not_selected_or_gate_blocked
train-015533,unprocessed,,0,not_selected_or_gate_blocked
train-015534,unprocessed,,0,not_selected_or_gate_blocked
train-015535,unprocessed,,0,not_selected_or_gate_blocked
train-015536,unprocessed,,0,not_selected_or_gate_blocked
train-015539,unprocessed,,0,not_selected_or_gate_blocked
train-015540,unprocessed,,0,not_selected_or_gate_blocked
train-015542,unprocessed,,0,not_selected_or_gate_blocked
train-015543,unprocessed,,0,not_selected_or_gate_blocked
train-015544,unprocessed,,0,not_selected_or_gate_blocked
train-015545,unprocessed,,0,not_selected_or_gate_blocked
train-015546,unprocessed,,0,not_selected_or_gate_blocked
train-015547,unprocessed,,0,not_selected_or_gate_blocked
train-015548,unprocessed,,0,not_selected_or_gate_blocked
train-015549,unprocessed,,0,not_selected_or_gate_blocked
train-015550,unprocessed,,0,not_selected_or_gate_blocked
train-015551,unprocessed,,0,not_selected_or_gate_blocked
train-015555,unprocessed,,0,not_selected_or_gate_blocked
train-015556,unprocessed,,0,not_selected_or_gate_blocked
train-015557,unprocessed,,0,not_selected_or_gate_blocked
train-015558,unprocessed,,0,not_selected_or_gate_blocked
train-015559,unprocessed,,0,not_selected_or_gate_blocked
train-015560,unprocessed,,0,not_selected_or_gate_blocked
train-015561,unprocessed,,0,not_selected_or_gate_blocked
train-015562,unprocessed,,0,not_selected_or_gate_blocked
train-015563,unprocessed,,0,not_selected_or_gate_blocked
train-015564,unprocessed,,0,not_selected_or_gate_blocked
train-015566,unprocessed,,0,not_selected_or_gate_blocked
train-015567,unprocessed,,0,not_selected_or_gate_blocked
train-015569,unprocessed,,0,not_selected_or_gate_blocked
train-015570,unprocessed,,0,not_selected_or_gate_blocked
train-015571,unprocessed,,0,not_selected_or_gate_blocked
train-015573,unprocessed,,0,not_selected_or_gate_blocked
train-015574,unprocessed,,0,not_selected_or_gate_blocked
train-015576,unprocessed,,0,not_selected_or_gate_blocked
train-015577,unprocessed,,0,not_selected_or_gate_blocked
train-015578,unprocessed,,0,not_selected_or_gate_blocked
train-015579,unprocessed,,0,not_selected_or_gate_blocked
train-015580,unprocessed,,0,not_selected_or_gate_blocked
train-015582,unprocessed,,0,not_selected_or_gate_blocked
train-015583,unprocessed,,0,not_selected_or_gate_blocked
train-015584,unprocessed,,0,not_selected_or_gate_blocked
train-015586,unprocessed,,0,not_selected_or_gate_blocked
train-015588,unprocessed,,0,not_selected_or_gate_blocked
train-015590,unprocessed,,0,not_selected_or_gate_blocked
train-015592,unprocessed,,0,not_selected_or_gate_blocked
train-015593,unprocessed,,0,not_selected_or_gate_blocked
train-015595,unprocessed,,0,not_selected_or_gate_blocked
train-015596,unprocessed,,0,not_selected_or_gate_blocked
train-015598,unprocessed,,0,not_selected_or_gate_blocked
train-015600,unprocessed,,0,not_selected_or_gate_blocked
train-015601,unprocessed,,0,not_selected_or_gate_blocked
train-015602,unprocessed,,0,not_selected_or_gate_blocked
train-015603,unprocessed,,0,not_selected_or_gate_blocked
train-015605,unprocessed,,0,not_selected_or_gate_blocked
train-015606,unprocessed,,0,not_selected_or_gate_blocked
train-015607,unprocessed,,0,not_selected_or_gate_blocked
train-015609,unprocessed,,0,not_selected_or_gate_blocked
train-015610,unprocessed,,0,not_selected_or_gate_blocked
train-015611,unprocessed,,0,not_selected_or_gate_blocked
train-015612,unprocessed,,0,not_selected_or_gate_blocked
train-015613,unprocessed,,0,not_selected_or_gate_blocked
train-015614,unprocessed,,0,not_selected_or_gate_blocked
train-015615,unprocessed,,0,not_selected_or_gate_blocked
train-015616,unprocessed,,0,not_selected_or_gate_blocked
train-015618,unprocessed,,0,not_selected_or_gate_blocked
train-015619,unprocessed,,0,not_selected_or_gate_blocked
train-015620,unprocessed,,0,not_selected_or_gate_blocked
train-015621,unprocessed,,0,not_selected_or_gate_blocked
train-015622,unprocessed,,0,not_selected_or_gate_blocked
train-015623,unprocessed,,0,not_selected_or_gate_blocked
train-015624,unprocessed,,0,not_selected_or_gate_blocked
train-015626,unprocessed,,0,not_selected_or_gate_blocked
train-015627,unprocessed,,0,not_selected_or_gate_blocked
train-015628,unprocessed,,0,not_selected_or_gate_blocked
train-015629,unprocessed,,0,not_selected_or_gate_blocked
train-015630,unprocessed,,0,not_selected_or_gate_blocked
train-015631,unprocessed,,0,not_selected_or_gate_blocked
train-015632,unprocessed,,0,not_selected_or_gate_blocked
train-015633,unprocessed,,0,not_selected_or_gate_blocked
train-015634,unprocessed,,0,not_selected_or_gate_blocked
train-015635,unprocessed,,0,not_selected_or_gate_blocked
train-015637,unprocessed,,0,not_selected_or_gate_blocked
train-015641,unprocessed,,0,not_selected_or_gate_blocked
train-015642,unprocessed,,0,not_selected_or_gate_blocked
train-015643,unprocessed,,0,not_selected_or_gate_blocked
train-015644,unprocessed,,0,not_selected_or_gate_blocked
train-015645,unprocessed,,0,not_selected_or_gate_blocked
train-015646,unprocessed,,0,not_selected_or_gate_blocked
train-015647,unprocessed,,0,not_selected_or_gate_blocked
train-015648,unprocessed,,0,not_selected_or_gate_blocked
train-015649,unprocessed,,0,not_selected_or_gate_blocked
train-015651,unprocessed,,0,not_selected_or_gate_blocked
train-015652,unprocessed,,0,not_selected_or_gate_blocked
train-015653,unprocessed,,0,not_selected_or_gate_blocked
train-015654,unprocessed,,0,not_selected_or_gate_blocked
train-015655,unprocessed,,0,not_selected_or_gate_blocked
train-015656,unprocessed,,0,not_selected_or_gate_blocked
train-015658,unprocessed,,0,not_selected_or_gate_blocked
train-015659,unprocessed,,0,not_selected_or_gate_blocked
train-015660,unprocessed,,0,not_selected_or_gate_blocked
train-015661,unprocessed,,0,not_selected_or_gate_blocked
train-015663,unprocessed,,0,not_selected_or_gate_blocked
train-015664,unprocessed,,0,not_selected_or_gate_blocked
train-015665,unprocessed,,0,not_selected_or_gate_blocked
train-015666,unprocessed,,0,not_selected_or_gate_blocked
train-015667,unprocessed,,0,not_selected_or_gate_blocked
train-015668,unprocessed,,0,not_selected_or_gate_blocked
train-015670,unprocessed,,0,not_selected_or_gate_blocked
train-015671,unprocessed,,0,not_selected_or_gate_blocked
train-015672,unprocessed,,0,not_selected_or_gate_blocked
train-015674,unprocessed,,0,not_selected_or_gate_blocked
train-015675,unprocessed,,0,not_selected_or_gate_blocked
train-015678,unprocessed,,0,not_selected_or_gate_blocked
train-015679,unprocessed,,0,not_selected_or_gate_blocked
train-015680,unprocessed,,0,not_selected_or_gate_blocked
train-015682,unprocessed,,0,not_selected_or_gate_blocked
train-015683,unprocessed,,0,not_selected_or_gate_blocked
train-015684,unprocessed,,0,not_selected_or_gate_blocked
train-015685,unprocessed,,0,not_selected_or_gate_blocked
train-015686,unprocessed,,0,not_selected_or_gate_blocked
train-015688,unprocessed,,0,not_selected_or_gate_blocked
train-015689,unprocessed,,0,not_selected_or_gate_blocked
train-015690,unprocessed,,0,not_selected_or_gate_blocked
train-015691,unprocessed,,0,not_selected_or_gate_blocked
train-015693,unprocessed,,0,not_selected_or_gate_blocked
train-015694,unprocessed,,0,not_selected_or_gate_blocked
train-015696,unprocessed,,0,not_selected_or_gate_blocked
train-015697,unprocessed,,0,not_selected_or_gate_blocked
train-015700,unprocessed,,0,not_selected_or_gate_blocked
train-015701,unprocessed,,0,not_selected_or_gate_blocked
train-015702,unprocessed,,0,not_selected_or_gate_blocked
train-015703,unprocessed,,0,not_selected_or_gate_blocked
train-015704,unprocessed,,0,not_selected_or_gate_blocked
train-015705,unprocessed,,0,not_selected_or_gate_blocked
train-015707,unprocessed,,0,not_selected_or_gate_blocked
train-015708,unprocessed,,0,not_selected_or_gate_blocked
train-015710,unprocessed,,0,not_selected_or_gate_blocked
train-015711,unprocessed,,0,not_selected_or_gate_blocked
train-015712,unprocessed,,0,not_selected_or_gate_blocked
train-015713,unprocessed,,0,not_selected_or_gate_blocked
train-015714,unprocessed,,0,not_selected_or_gate_blocked
train-015715,unprocessed,,0,not_selected_or_gate_blocked
train-015716,unprocessed,,0,not_selected_or_gate_blocked
train-015718,unprocessed,,0,not_selected_or_gate_blocked
train-015719,unprocessed,,0,not_selected_or_gate_blocked
train-015720,unprocessed,,0,not_selected_or_gate_blocked
train-015721,unprocessed,,0,not_selected_or_gate_blocked
train-015722,unprocessed,,0,not_selected_or_gate_blocked
train-015726,unprocessed,,0,not_selected_or_gate_blocked
train-015728,unprocessed,,0,not_selected_or_gate_blocked
train-015729,unprocessed,,0,not_selected_or_gate_blocked
train-015730,unprocessed,,0,not_selected_or_gate_blocked
train-015731,unprocessed,,0,not_selected_or_gate_blocked
train-015732,unprocessed,,0,not_selected_or_gate_blocked
train-015733,unprocessed,,0,not_selected_or_gate_blocked
train-015734,unprocessed,,0,not_selected_or_gate_blocked
train-015735,unprocessed,,0,not_selected_or_gate_blocked
train-015736,unprocessed,,0,not_selected_or_gate_blocked
train-015737,unprocessed,,0,not_selected_or_gate_blocked
train-015738,unprocessed,,0,not_selected_or_gate_blocked
train-015740,unprocessed,,0,not_selected_or_gate_blocked
train-015742,unprocessed,,0,not_selected_or_gate_blocked
train-015743,unprocessed,,0,not_selected_or_gate_blocked
train-015745,unprocessed,,0,not_selected_or_gate_blocked
train-015746,unprocessed,,0,not_selected_or_gate_blocked
train-015747,unprocessed,,0,not_selected_or_gate_blocked
train-015748,unprocessed,,0,not_selected_or_gate_blocked
train-015749,unprocessed,,0,not_selected_or_gate_blocked
train-015750,unprocessed,,0,not_selected_or_gate_blocked
train-015751,unprocessed,,0,not_selected_or_gate_blocked
train-015752,unprocessed,,0,not_selected_or_gate_blocked
train-015753,unprocessed,,0,not_selected_or_gate_blocked
train-015754,unprocessed,,0,not_selected_or_gate_blocked
train-015756,unprocessed,,0,not_selected_or_gate_blocked
train-015757,unprocessed,,0,not_selected_or_gate_blocked
train-015759,unprocessed,,0,not_selected_or_gate_blocked
train-015761,unprocessed,,0,not_selected_or_gate_blocked
train-015762,unprocessed,,0,not_selected_or_gate_blocked
train-015763,unprocessed,,0,not_selected_or_gate_blocked
train-015765,unprocessed,,0,not_selected_or_gate_blocked
train-015766,unprocessed,,0,not_selected_or_gate_blocked
train-015767,unprocessed,,0,not_selected_or_gate_blocked
train-015769,unprocessed,,0,not_selected_or_gate_blocked
train-015770,unprocessed,,0,not_selected_or_gate_blocked
train-015771,unprocessed,,0,not_selected_or_gate_blocked
train-015772,unprocessed,,0,not_selected_or_gate_blocked
train-015773,unprocessed,,0,not_selected_or_gate_blocked
train-015774,unprocessed,,0,not_selected_or_gate_blocked
train-015775,unprocessed,,0,not_selected_or_gate_blocked
train-015777,unprocessed,,0,not_selected_or_gate_blocked
train-015778,unprocessed,,0,not_selected_or_gate_blocked
train-015780,unprocessed,,0,not_selected_or_gate_blocked
train-015781,unprocessed,,0,not_selected_or_gate_blocked
train-015782,unprocessed,,0,not_selected_or_gate_blocked
train-015783,unprocessed,,0,not_selected_or_gate_blocked
train-015784,unprocessed,,0,not_selected_or_gate_blocked
train-015785,unprocessed,,0,not_selected_or_gate_blocked
train-015786,unprocessed,,0,not_selected_or_gate_blocked
train-015787,unprocessed,,0,not_selected_or_gate_blocked
train-015788,unprocessed,,0,not_selected_or_gate_blocked
train-015790,unprocessed,,0,not_selected_or_gate_blocked
train-015791,unprocessed,,0,not_selected_or_gate_blocked
train-015793,unprocessed,,0,not_selected_or_gate_blocked
train-015795,unprocessed,,0,not_selected_or_gate_blocked
train-015798,unprocessed,,0,not_selected_or_gate_blocked
train-015799,unprocessed,,0,not_selected_or_gate_blocked
train-015800,unprocessed,,0,not_selected_or_gate_blocked
train-015801,unprocessed,,0,not_selected_or_gate_blocked
train-015804,unprocessed,,0,not_selected_or_gate_blocked
train-015805,unprocessed,,0,not_selected_or_gate_blocked
train-015806,unprocessed,,0,not_selected_or_gate_blocked
train-015807,unprocessed,,0,not_selected_or_gate_blocked
train-015808,unprocessed,,0,not_selected_or_gate_blocked
train-015809,unprocessed,,0,not_selected_or_gate_blocked
train-015810,unprocessed,,0,not_selected_or_gate_blocked
train-015811,unprocessed,,0,not_selected_or_gate_blocked
train-015812,unprocessed,,0,not_selected_or_gate_blocked
train-015813,unprocessed,,0,not_selected_or_gate_blocked
train-015815,unprocessed,,0,not_selected_or_gate_blocked
train-015818,unprocessed,,0,not_selected_or_gate_blocked
train-015819,unprocessed,,0,not_selected_or_gate_blocked
train-015820,unprocessed,,0,not_selected_or_gate_blocked
train-015821,unprocessed,,0,not_selected_or_gate_blocked
train-015822,unprocessed,,0,not_selected_or_gate_blocked
train-015825,unprocessed,,0,not_selected_or_gate_blocked
train-015826,unprocessed,,0,not_selected_or_gate_blocked
train-015828,unprocessed,,0,not_selected_or_gate_blocked
train-015833,unprocessed,,0,not_selected_or_gate_blocked
train-015834,unprocessed,,0,not_selected_or_gate_blocked
train-015835,unprocessed,,0,not_selected_or_gate_blocked
train-015836,unprocessed,,0,not_selected_or_gate_blocked
train-015837,unprocessed,,0,not_selected_or_gate_blocked
train-015838,unprocessed,,0,not_selected_or_gate_blocked
train-015840,unprocessed,,0,not_selected_or_gate_blocked
train-015841,unprocessed,,0,not_selected_or_gate_blocked
train-015842,unprocessed,,0,not_selected_or_gate_blocked
train-015843,unprocessed,,0,not_selected_or_gate_blocked
train-015844,unprocessed,,0,not_selected_or_gate_blocked
train-015845,unprocessed,,0,not_selected_or_gate_blocked
train-015846,unprocessed,,0,not_selected_or_gate_blocked
train-015847,unprocessed,,0,not_selected_or_gate_blocked
train-015848,unprocessed,,0,not_selected_or_gate_blocked
train-015850,unprocessed,,0,not_selected_or_gate_blocked
train-015851,unprocessed,,0,not_selected_or_gate_blocked
train-015854,unprocessed,,0,not_selected_or_gate_blocked
train-015856,unprocessed,,0,not_selected_or_gate_blocked
train-015857,unprocessed,,0,not_selected_or_gate_blocked
train-015858,unprocessed,,0,not_selected_or_gate_blocked
train-015860,unprocessed,,0,not_selected_or_gate_blocked
train-015862,unprocessed,,0,not_selected_or_gate_blocked
train-015865,unprocessed,,0,not_selected_or_gate_blocked
train-015866,unprocessed,,0,not_selected_or_gate_blocked
train-015867,unprocessed,,0,not_selected_or_gate_blocked
train-015868,unprocessed,,0,not_selected_or_gate_blocked
train-015869,unprocessed,,0,not_selected_or_gate_blocked
train-015871,unprocessed,,0,not_selected_or_gate_blocked
train-015872,unprocessed,,0,not_selected_or_gate_blocked
train-015873,unprocessed,,0,not_selected_or_gate_blocked
train-015874,unprocessed,,0,not_selected_or_gate_blocked
train-015876,unprocessed,,0,not_selected_or_gate_blocked
train-015877,unprocessed,,0,not_selected_or_gate_blocked
train-015878,unprocessed,,0,not_selected_or_gate_blocked
train-015879,unprocessed,,0,not_selected_or_gate_blocked
train-015880,unprocessed,,0,not_selected_or_gate_blocked
train-015881,unprocessed,,0,not_selected_or_gate_blocked
train-015884,unprocessed,,0,not_selected_or_gate_blocked
train-015885,unprocessed,,0,not_selected_or_gate_blocked
train-015886,unprocessed,,0,not_selected_or_gate_blocked
train-015887,unprocessed,,0,not_selected_or_gate_blocked
train-015889,unprocessed,,0,not_selected_or_gate_blocked
train-015891,unprocessed,,0,not_selected_or_gate_blocked
train-015892,unprocessed,,0,not_selected_or_gate_blocked
train-015893,unprocessed,,0,not_selected_or_gate_blocked
train-015895,unprocessed,,0,not_selected_or_gate_blocked
train-015898,unprocessed,,0,not_selected_or_gate_blocked
train-015899,unprocessed,,0,not_selected_or_gate_blocked
train-015900,unprocessed,,0,not_selected_or_gate_blocked
train-015901,unprocessed,,0,not_selected_or_gate_blocked
train-015902,unprocessed,,0,not_selected_or_gate_blocked
train-015903,unprocessed,,0,not_selected_or_gate_blocked
train-015904,unprocessed,,0,not_selected_or_gate_blocked
train-015905,unprocessed,,0,not_selected_or_gate_blocked
train-015907,unprocessed,,0,not_selected_or_gate_blocked
train-015908,unprocessed,,0,not_selected_or_gate_blocked
train-015909,unprocessed,,0,not_selected_or_gate_blocked
train-015910,unprocessed,,0,not_selected_or_gate_blocked
train-015911,unprocessed,,0,not_selected_or_gate_blocked
train-015912,unprocessed,,0,not_selected_or_gate_blocked
train-015913,unprocessed,,0,not_selected_or_gate_blocked
train-015914,unprocessed,,0,not_selected_or_gate_blocked
train-015915,unprocessed,,0,not_selected_or_gate_blocked
train-015916,unprocessed,,0,not_selected_or_gate_blocked
train-015917,unprocessed,,0,not_selected_or_gate_blocked
train-015922,unprocessed,,0,not_selected_or_gate_blocked
train-015923,unprocessed,,0,not_selected_or_gate_blocked
train-015924,unprocessed,,0,not_selected_or_gate_blocked
train-015925,unprocessed,,0,not_selected_or_gate_blocked
train-015926,unprocessed,,0,not_selected_or_gate_blocked
train-015927,unprocessed,,0,not_selected_or_gate_blocked
train-015928,unprocessed,,0,not_selected_or_gate_blocked
train-015929,unprocessed,,0,not_selected_or_gate_blocked
train-015930,unprocessed,,0,not_selected_or_gate_blocked
train-015931,unprocessed,,0,not_selected_or_gate_blocked
train-015932,unprocessed,,0,not_selected_or_gate_blocked
train-015933,unprocessed,,0,not_selected_or_gate_blocked
train-015934,unprocessed,,0,not_selected_or_gate_blocked
train-015936,unprocessed,,0,not_selected_or_gate_blocked
train-015937,unprocessed,,0,not_selected_or_gate_blocked
train-015938,unprocessed,,0,not_selected_or_gate_blocked
train-015939,unprocessed,,0,not_selected_or_gate_blocked
train-015941,unprocessed,,0,not_selected_or_gate_blocked
train-015942,unprocessed,,0,not_selected_or_gate_blocked
train-015943,unprocessed,,0,not_selected_or_gate_blocked
train-015945,unprocessed,,0,not_selected_or_gate_blocked
train-015946,unprocessed,,0,not_selected_or_gate_blocked
train-015947,unprocessed,,0,not_selected_or_gate_blocked
train-015948,unprocessed,,0,not_selected_or_gate_blocked
train-015949,unprocessed,,0,not_selected_or_gate_blocked
train-015950,unprocessed,,0,not_selected_or_gate_blocked
train-015952,unprocessed,,0,not_selected_or_gate_blocked
train-015953,unprocessed,,0,not_selected_or_gate_blocked
train-015954,unprocessed,,0,not_selected_or_gate_blocked
train-015955,unprocessed,,0,not_selected_or_gate_blocked
train-015957,unprocessed,,0,not_selected_or_gate_blocked
train-015958,unprocessed,,0,not_selected_or_gate_blocked
train-015959,unprocessed,,0,not_selected_or_gate_blocked
train-015961,unprocessed,,0,not_selected_or_gate_blocked
train-015962,unprocessed,,0,not_selected_or_gate_blocked
train-015965,unprocessed,,0,not_selected_or_gate_blocked
train-015966,unprocessed,,0,not_selected_or_gate_blocked
train-015967,unprocessed,,0,not_selected_or_gate_blocked
train-015968,unprocessed,,0,not_selected_or_gate_blocked
train-015970,unprocessed,,0,not_selected_or_gate_blocked
train-015971,unprocessed,,0,not_selected_or_gate_blocked
train-015972,unprocessed,,0,not_selected_or_gate_blocked
train-015973,unprocessed,,0,not_selected_or_gate_blocked
train-015974,unprocessed,,0,not_selected_or_gate_blocked
train-015975,unprocessed,,0,not_selected_or_gate_blocked
train-015976,unprocessed,,0,not_selected_or_gate_blocked
train-015978,unprocessed,,0,not_selected_or_gate_blocked
train-015979,unprocessed,,0,not_selected_or_gate_blocked
train-015980,unprocessed,,0,not_selected_or_gate_blocked
train-015981,unprocessed,,0,not_selected_or_gate_blocked
train-015982,unprocessed,,0,not_selected_or_gate_blocked
train-015983,unprocessed,,0,not_selected_or_gate_blocked
train-015984,unprocessed,,0,not_selected_or_gate_blocked
train-015985,unprocessed,,0,not_selected_or_gate_blocked
train-015986,unprocessed,,0,not_selected_or_gate_blocked
train-015987,unprocessed,,0,not_selected_or_gate_blocked
train-015989,unprocessed,,0,not_selected_or_gate_blocked
train-015991,unprocessed,,0,not_selected_or_gate_blocked
train-015992,unprocessed,,0,not_selected_or_gate_blocked
train-015993,unprocessed,,0,not_selected_or_gate_blocked
train-015994,unprocessed,,0,not_selected_or_gate_blocked
train-015995,unprocessed,,0,not_selected_or_gate_blocked
train-015996,unprocessed,,0,not_selected_or_gate_blocked
train-015997,unprocessed,,0,not_selected_or_gate_blocked
train-015999,unprocessed,,0,not_selected_or_gate_blocked
train-016000,unprocessed,,0,not_selected_or_gate_blocked
train-016001,unprocessed,,0,not_selected_or_gate_blocked
train-016002,unprocessed,,0,not_selected_or_gate_blocked
train-016003,unprocessed,,0,not_selected_or_gate_blocked
train-016004,unprocessed,,0,not_selected_or_gate_blocked
train-016005,unprocessed,,0,not_selected_or_gate_blocked
train-016006,unprocessed,,0,not_selected_or_gate_blocked
train-016007,unprocessed,,0,not_selected_or_gate_blocked
train-016008,unprocessed,,0,not_selected_or_gate_blocked
train-016009,unprocessed,,0,not_selected_or_gate_blocked
train-016010,unprocessed,,0,not_selected_or_gate_blocked
train-016011,unprocessed,,0,not_selected_or_gate_blocked
train-016012,unprocessed,,0,not_selected_or_gate_blocked
train-016014,unprocessed,,0,not_selected_or_gate_blocked
train-016016,unprocessed,,0,not_selected_or_gate_blocked
train-016017,unprocessed,,0,not_selected_or_gate_blocked
train-016018,unprocessed,,0,not_selected_or_gate_blocked
train-016020,unprocessed,,0,not_selected_or_gate_blocked
train-016021,unprocessed,,0,not_selected_or_gate_blocked
train-016022,unprocessed,,0,not_selected_or_gate_blocked
train-016024,unprocessed,,0,not_selected_or_gate_blocked
train-016026,unprocessed,,0,not_selected_or_gate_blocked
train-016028,unprocessed,,0,not_selected_or_gate_blocked
train-016029,unprocessed,,0,not_selected_or_gate_blocked
train-016030,unprocessed,,0,not_selected_or_gate_blocked
train-016032,unprocessed,,0,not_selected_or_gate_blocked
train-016033,unprocessed,,0,not_selected_or_gate_blocked
train-016036,unprocessed,,0,not_selected_or_gate_blocked
train-016037,unprocessed,,0,not_selected_or_gate_blocked
train-016039,unprocessed,,0,not_selected_or_gate_blocked
train-016040,unprocessed,,0,not_selected_or_gate_blocked
train-016042,unprocessed,,0,not_selected_or_gate_blocked
train-016043,unprocessed,,0,not_selected_or_gate_blocked
train-016044,unprocessed,,0,not_selected_or_gate_blocked
train-016046,unprocessed,,0,not_selected_or_gate_blocked
train-016047,unprocessed,,0,not_selected_or_gate_blocked
train-016048,unprocessed,,0,not_selected_or_gate_blocked
train-016049,unprocessed,,0,not_selected_or_gate_blocked
train-016050,unprocessed,,0,not_selected_or_gate_blocked
train-016051,unprocessed,,0,not_selected_or_gate_blocked
train-016052,unprocessed,,0,not_selected_or_gate_blocked
train-016053,unprocessed,,0,not_selected_or_gate_blocked
train-016055,unprocessed,,0,not_selected_or_gate_blocked
train-016056,unprocessed,,0,not_selected_or_gate_blocked
train-016057,unprocessed,,0,not_selected_or_gate_blocked
train-016058,unprocessed,,0,not_selected_or_gate_blocked
train-016060,unprocessed,,0,not_selected_or_gate_blocked
train-016061,unprocessed,,0,not_selected_or_gate_blocked
train-016062,unprocessed,,0,not_selected_or_gate_blocked
train-016063,unprocessed,,0,not_selected_or_gate_blocked
train-016064,unprocessed,,0,not_selected_or_gate_blocked
train-016068,unprocessed,,0,not_selected_or_gate_blocked
train-016069,unprocessed,,0,not_selected_or_gate_blocked
train-016070,unprocessed,,0,not_selected_or_gate_blocked
train-016072,unprocessed,,0,not_selected_or_gate_blocked
train-016074,unprocessed,,0,not_selected_or_gate_blocked
train-016076,unprocessed,,0,not_selected_or_gate_blocked
train-016078,unprocessed,,0,not_selected_or_gate_blocked
train-016079,unprocessed,,0,not_selected_or_gate_blocked
train-016081,unprocessed,,0,not_selected_or_gate_blocked
train-016083,unprocessed,,0,not_selected_or_gate_blocked
train-016084,unprocessed,,0,not_selected_or_gate_blocked
train-016085,unprocessed,,0,not_selected_or_gate_blocked
train-016086,unprocessed,,0,not_selected_or_gate_blocked
train-016087,unprocessed,,0,not_selected_or_gate_blocked
train-016088,unprocessed,,0,not_selected_or_gate_blocked
train-016092,unprocessed,,0,not_selected_or_gate_blocked
train-016093,unprocessed,,0,not_selected_or_gate_blocked
train-016094,unprocessed,,0,not_selected_or_gate_blocked
train-016095,unprocessed,,0,not_selected_or_gate_blocked
train-016096,unprocessed,,0,not_selected_or_gate_blocked
train-016097,unprocessed,,0,not_selected_or_gate_blocked
train-016098,unprocessed,,0,not_selected_or_gate_blocked
train-016099,unprocessed,,0,not_selected_or_gate_blocked
train-016100,unprocessed,,0,not_selected_or_gate_blocked
train-016102,unprocessed,,0,not_selected_or_gate_blocked
train-016104,unprocessed,,0,not_selected_or_gate_blocked
train-016105,unprocessed,,0,not_selected_or_gate_blocked
train-016106,unprocessed,,0,not_selected_or_gate_blocked
train-016108,unprocessed,,0,not_selected_or_gate_blocked
train-016109,unprocessed,,0,not_selected_or_gate_blocked
train-016110,unprocessed,,0,not_selected_or_gate_blocked
train-016111,unprocessed,,0,not_selected_or_gate_blocked
train-016112,unprocessed,,0,not_selected_or_gate_blocked
train-016114,unprocessed,,0,not_selected_or_gate_blocked
train-016115,unprocessed,,0,not_selected_or_gate_blocked
train-016116,unprocessed,,0,not_selected_or_gate_blocked
train-016117,unprocessed,,0,not_selected_or_gate_blocked
train-016118,unprocessed,,0,not_selected_or_gate_blocked
train-016120,unprocessed,,0,not_selected_or_gate_blocked
train-016121,unprocessed,,0,not_selected_or_gate_blocked
train-016122,unprocessed,,0,not_selected_or_gate_blocked
train-016123,unprocessed,,0,not_selected_or_gate_blocked
train-016124,unprocessed,,0,not_selected_or_gate_blocked
train-016125,unprocessed,,0,not_selected_or_gate_blocked
train-016127,unprocessed,,0,not_selected_or_gate_blocked
train-016128,unprocessed,,0,not_selected_or_gate_blocked
train-016130,unprocessed,,0,not_selected_or_gate_blocked
train-016131,unprocessed,,0,not_selected_or_gate_blocked
train-016132,unprocessed,,0,not_selected_or_gate_blocked
train-016133,unprocessed,,0,not_selected_or_gate_blocked
train-016134,unprocessed,,0,not_selected_or_gate_blocked
train-016135,unprocessed,,0,not_selected_or_gate_blocked
train-016136,unprocessed,,0,not_selected_or_gate_blocked
train-016139,unprocessed,,0,not_selected_or_gate_blocked
train-016140,unprocessed,,0,not_selected_or_gate_blocked
train-016141,unprocessed,,0,not_selected_or_gate_blocked
train-016142,unprocessed,,0,not_selected_or_gate_blocked
train-016143,unprocessed,,0,not_selected_or_gate_blocked
train-016144,unprocessed,,0,not_selected_or_gate_blocked
train-016145,unprocessed,,0,not_selected_or_gate_blocked
train-016148,unprocessed,,0,not_selected_or_gate_blocked
train-016149,unprocessed,,0,not_selected_or_gate_blocked
train-016151,unprocessed,,0,not_selected_or_gate_blocked
train-016152,unprocessed,,0,not_selected_or_gate_blocked
train-016153,unprocessed,,0,not_selected_or_gate_blocked
train-016154,unprocessed,,0,not_selected_or_gate_blocked
train-016156,unprocessed,,0,not_selected_or_gate_blocked
train-016157,unprocessed,,0,not_selected_or_gate_blocked
train-016158,unprocessed,,0,not_selected_or_gate_blocked
train-016159,unprocessed,,0,not_selected_or_gate_blocked
train-016160,unprocessed,,0,not_selected_or_gate_blocked
train-016161,unprocessed,,0,not_selected_or_gate_blocked
train-016163,unprocessed,,0,not_selected_or_gate_blocked
train-016164,unprocessed,,0,not_selected_or_gate_blocked
train-016165,unprocessed,,0,not_selected_or_gate_blocked
train-016166,unprocessed,,0,not_selected_or_gate_blocked
train-016167,unprocessed,,0,not_selected_or_gate_blocked
train-016168,unprocessed,,0,not_selected_or_gate_blocked
train-016169,unprocessed,,0,not_selected_or_gate_blocked
train-016170,unprocessed,,0,not_selected_or_gate_blocked
train-016171,unprocessed,,0,not_selected_or_gate_blocked
train-016172,unprocessed,,0,not_selected_or_gate_blocked
train-016173,unprocessed,,0,not_selected_or_gate_blocked
train-016174,unprocessed,,0,not_selected_or_gate_blocked
train-016176,unprocessed,,0,not_selected_or_gate_blocked
train-016178,unprocessed,,0,not_selected_or_gate_blocked
train-016179,unprocessed,,0,not_selected_or_gate_blocked
train-016180,unprocessed,,0,not_selected_or_gate_blocked
train-016181,unprocessed,,0,not_selected_or_gate_blocked
train-016182,unprocessed,,0,not_selected_or_gate_blocked
train-016184,unprocessed,,0,not_selected_or_gate_blocked
train-016187,unprocessed,,0,not_selected_or_gate_blocked
train-016189,unprocessed,,0,not_selected_or_gate_blocked
train-016190,unprocessed,,0,not_selected_or_gate_blocked
train-016191,unprocessed,,0,not_selected_or_gate_blocked
train-016193,unprocessed,,0,not_selected_or_gate_blocked
train-016194,unprocessed,,0,not_selected_or_gate_blocked
train-016195,unprocessed,,0,not_selected_or_gate_blocked
train-016196,unprocessed,,0,not_selected_or_gate_blocked
train-016198,unprocessed,,0,not_selected_or_gate_blocked
train-016200,unprocessed,,0,not_selected_or_gate_blocked
train-016201,unprocessed,,0,not_selected_or_gate_blocked
train-016202,unprocessed,,0,not_selected_or_gate_blocked
train-016203,unprocessed,,0,not_selected_or_gate_blocked
train-016204,unprocessed,,0,not_selected_or_gate_blocked
train-016205,unprocessed,,0,not_selected_or_gate_blocked
train-016206,unprocessed,,0,not_selected_or_gate_blocked
train-016207,unprocessed,,0,not_selected_or_gate_blocked
train-016209,unprocessed,,0,not_selected_or_gate_blocked
train-016210,unprocessed,,0,not_selected_or_gate_blocked
train-016211,unprocessed,,0,not_selected_or_gate_blocked
train-016212,unprocessed,,0,not_selected_or_gate_blocked
train-016213,unprocessed,,0,not_selected_or_gate_blocked
train-016214,unprocessed,,0,not_selected_or_gate_blocked
train-016216,unprocessed,,0,not_selected_or_gate_blocked
train-016217,unprocessed,,0,not_selected_or_gate_blocked
train-016219,unprocessed,,0,not_selected_or_gate_blocked
train-016220,unprocessed,,0,not_selected_or_gate_blocked
train-016223,unprocessed,,0,not_selected_or_gate_blocked
train-016224,unprocessed,,0,not_selected_or_gate_blocked
train-016226,unprocessed,,0,not_selected_or_gate_blocked
train-016227,unprocessed,,0,not_selected_or_gate_blocked
train-016229,unprocessed,,0,not_selected_or_gate_blocked
train-016231,unprocessed,,0,not_selected_or_gate_blocked
train-016232,unprocessed,,0,not_selected_or_gate_blocked
train-016233,unprocessed,,0,not_selected_or_gate_blocked
train-016234,unprocessed,,0,not_selected_or_gate_blocked
train-016235,unprocessed,,0,not_selected_or_gate_blocked
train-016236,unprocessed,,0,not_selected_or_gate_blocked
train-016237,unprocessed,,0,not_selected_or_gate_blocked
train-016239,unprocessed,,0,not_selected_or_gate_blocked
train-016240,unprocessed,,0,not_selected_or_gate_blocked
train-016241,unprocessed,,0,not_selected_or_gate_blocked
train-016242,unprocessed,,0,not_selected_or_gate_blocked
train-016244,unprocessed,,0,not_selected_or_gate_blocked
train-016247,unprocessed,,0,not_selected_or_gate_blocked
train-016248,unprocessed,,0,not_selected_or_gate_blocked
train-016249,unprocessed,,0,not_selected_or_gate_blocked
train-016250,unprocessed,,0,not_selected_or_gate_blocked
train-016252,unprocessed,,0,not_selected_or_gate_blocked
train-016253,unprocessed,,0,not_selected_or_gate_blocked
train-016255,unprocessed,,0,not_selected_or_gate_blocked
train-016256,unprocessed,,0,not_selected_or_gate_blocked
train-016257,unprocessed,,0,not_selected_or_gate_blocked
train-016259,unprocessed,,0,not_selected_or_gate_blocked
train-016260,unprocessed,,0,not_selected_or_gate_blocked
train-016261,unprocessed,,0,not_selected_or_gate_blocked
train-016262,unprocessed,,0,not_selected_or_gate_blocked
train-016263,unprocessed,,0,not_selected_or_gate_blocked
train-016265,unprocessed,,0,not_selected_or_gate_blocked
train-016266,unprocessed,,0,not_selected_or_gate_blocked
train-016267,unprocessed,,0,not_selected_or_gate_blocked
train-016270,unprocessed,,0,not_selected_or_gate_blocked
train-016272,unprocessed,,0,not_selected_or_gate_blocked
train-016273,unprocessed,,0,not_selected_or_gate_blocked
train-016274,unprocessed,,0,not_selected_or_gate_blocked
train-016275,unprocessed,,0,not_selected_or_gate_blocked
train-016278,unprocessed,,0,not_selected_or_gate_blocked
train-016279,unprocessed,,0,not_selected_or_gate_blocked
train-016281,unprocessed,,0,not_selected_or_gate_blocked
train-016283,unprocessed,,0,not_selected_or_gate_blocked
train-016285,unprocessed,,0,not_selected_or_gate_blocked
train-016289,unprocessed,,0,not_selected_or_gate_blocked
train-016290,unprocessed,,0,not_selected_or_gate_blocked
train-016291,unprocessed,,0,not_selected_or_gate_blocked
train-016292,unprocessed,,0,not_selected_or_gate_blocked
train-016293,unprocessed,,0,not_selected_or_gate_blocked
train-016295,unprocessed,,0,not_selected_or_gate_blocked
train-016297,unprocessed,,0,not_selected_or_gate_blocked
train-016298,unprocessed,,0,not_selected_or_gate_blocked
train-016299,unprocessed,,0,not_selected_or_gate_blocked
train-016300,unprocessed,,0,not_selected_or_gate_blocked
train-016301,unprocessed,,0,not_selected_or_gate_blocked
train-016303,unprocessed,,0,not_selected_or_gate_blocked
train-016304,unprocessed,,0,not_selected_or_gate_blocked
train-016306,unprocessed,,0,not_selected_or_gate_blocked
train-016307,unprocessed,,0,not_selected_or_gate_blocked
train-016308,unprocessed,,0,not_selected_or_gate_blocked
train-016309,unprocessed,,0,not_selected_or_gate_blocked
train-016310,unprocessed,,0,not_selected_or_gate_blocked
train-016311,unprocessed,,0,not_selected_or_gate_blocked
train-016312,unprocessed,,0,not_selected_or_gate_blocked
train-016313,unprocessed,,0,not_selected_or_gate_blocked
train-016314,unprocessed,,0,not_selected_or_gate_blocked
train-016315,unprocessed,,0,not_selected_or_gate_blocked
train-016316,unprocessed,,0,not_selected_or_gate_blocked
train-016318,unprocessed,,0,not_selected_or_gate_blocked
train-016319,unprocessed,,0,not_selected_or_gate_blocked
train-016320,unprocessed,,0,not_selected_or_gate_blocked
train-016321,unprocessed,,0,not_selected_or_gate_blocked
train-016322,unprocessed,,0,not_selected_or_gate_blocked
train-016323,unprocessed,,0,not_selected_or_gate_blocked
train-016325,unprocessed,,0,not_selected_or_gate_blocked
train-016326,unprocessed,,0,not_selected_or_gate_blocked
train-016327,unprocessed,,0,not_selected_or_gate_blocked
train-016330,unprocessed,,0,not_selected_or_gate_blocked
train-016331,unprocessed,,0,not_selected_or_gate_blocked
train-016332,unprocessed,,0,not_selected_or_gate_blocked
train-016333,unprocessed,,0,not_selected_or_gate_blocked
train-016334,unprocessed,,0,not_selected_or_gate_blocked
train-016336,unprocessed,,0,not_selected_or_gate_blocked
train-016339,unprocessed,,0,not_selected_or_gate_blocked
train-016340,unprocessed,,0,not_selected_or_gate_blocked
train-016341,unprocessed,,0,not_selected_or_gate_blocked
train-016343,unprocessed,,0,not_selected_or_gate_blocked
train-016345,unprocessed,,0,not_selected_or_gate_blocked
train-016346,unprocessed,,0,not_selected_or_gate_blocked
train-016347,unprocessed,,0,not_selected_or_gate_blocked
train-016349,unprocessed,,0,not_selected_or_gate_blocked
train-016350,unprocessed,,0,not_selected_or_gate_blocked
train-016352,unprocessed,,0,not_selected_or_gate_blocked
train-016354,unprocessed,,0,not_selected_or_gate_blocked
train-016355,unprocessed,,0,not_selected_or_gate_blocked
train-016356,unprocessed,,0,not_selected_or_gate_blocked
train-016357,unprocessed,,0,not_selected_or_gate_blocked
train-016358,unprocessed,,0,not_selected_or_gate_blocked
train-016363,unprocessed,,0,not_selected_or_gate_blocked
train-016364,unprocessed,,0,not_selected_or_gate_blocked
train-016366,unprocessed,,0,not_selected_or_gate_blocked
train-016367,unprocessed,,0,not_selected_or_gate_blocked
train-016368,unprocessed,,0,not_selected_or_gate_blocked
train-016370,unprocessed,,0,not_selected_or_gate_blocked
train-016372,unprocessed,,0,not_selected_or_gate_blocked
train-016373,unprocessed,,0,not_selected_or_gate_blocked
train-016374,unprocessed,,0,not_selected_or_gate_blocked
train-016376,unprocessed,,0,not_selected_or_gate_blocked
train-016377,unprocessed,,0,not_selected_or_gate_blocked
train-016379,unprocessed,,0,not_selected_or_gate_blocked
train-016380,unprocessed,,0,not_selected_or_gate_blocked
train-016381,unprocessed,,0,not_selected_or_gate_blocked
train-016382,unprocessed,,0,not_selected_or_gate_blocked
train-016384,unprocessed,,0,not_selected_or_gate_blocked
train-016385,unprocessed,,0,not_selected_or_gate_blocked
train-016386,unprocessed,,0,not_selected_or_gate_blocked
train-016387,unprocessed,,0,not_selected_or_gate_blocked
train-016388,unprocessed,,0,not_selected_or_gate_blocked
train-016389,unprocessed,,0,not_selected_or_gate_blocked
train-016390,unprocessed,,0,not_selected_or_gate_blocked
train-016391,unprocessed,,0,not_selected_or_gate_blocked
train-016392,unprocessed,,0,not_selected_or_gate_blocked
train-016393,unprocessed,,0,not_selected_or_gate_blocked
train-016394,unprocessed,,0,not_selected_or_gate_blocked
train-016395,unprocessed,,0,not_selected_or_gate_blocked
train-016398,unprocessed,,0,not_selected_or_gate_blocked
train-016399,unprocessed,,0,not_selected_or_gate_blocked
train-016400,unprocessed,,0,not_selected_or_gate_blocked
train-016401,unprocessed,,0,not_selected_or_gate_blocked
train-016402,unprocessed,,0,not_selected_or_gate_blocked
train-016403,unprocessed,,0,not_selected_or_gate_blocked
train-016404,unprocessed,,0,not_selected_or_gate_blocked
train-016406,unprocessed,,0,not_selected_or_gate_blocked
train-016407,unprocessed,,0,not_selected_or_gate_blocked
train-016408,unprocessed,,0,not_selected_or_gate_blocked
train-016409,unprocessed,,0,not_selected_or_gate_blocked
train-016410,unprocessed,,0,not_selected_or_gate_blocked
train-016413,unprocessed,,0,not_selected_or_gate_blocked
train-016414,unprocessed,,0,not_selected_or_gate_blocked
train-016416,unprocessed,,0,not_selected_or_gate_blocked
train-016418,unprocessed,,0,not_selected_or_gate_blocked
train-016419,unprocessed,,0,not_selected_or_gate_blocked
train-016422,unprocessed,,0,not_selected_or_gate_blocked
train-016423,unprocessed,,0,not_selected_or_gate_blocked
train-016424,unprocessed,,0,not_selected_or_gate_blocked
train-016425,unprocessed,,0,not_selected_or_gate_blocked
train-016426,unprocessed,,0,not_selected_or_gate_blocked
train-016427,unprocessed,,0,not_selected_or_gate_blocked
train-016428,unprocessed,,0,not_selected_or_gate_blocked
train-016429,unprocessed,,0,not_selected_or_gate_blocked
train-016431,unprocessed,,0,not_selected_or_gate_blocked
train-016432,unprocessed,,0,not_selected_or_gate_blocked
train-016433,unprocessed,,0,not_selected_or_gate_blocked
train-016434,unprocessed,,0,not_selected_or_gate_blocked
train-016435,unprocessed,,0,not_selected_or_gate_blocked
train-016438,unprocessed,,0,not_selected_or_gate_blocked
train-016439,unprocessed,,0,not_selected_or_gate_blocked
train-016440,unprocessed,,0,not_selected_or_gate_blocked
train-016442,unprocessed,,0,not_selected_or_gate_blocked
train-016443,unprocessed,,0,not_selected_or_gate_blocked
train-016444,unprocessed,,0,not_selected_or_gate_blocked
train-016445,unprocessed,,0,not_selected_or_gate_blocked
train-016446,unprocessed,,0,not_selected_or_gate_blocked
train-016447,unprocessed,,0,not_selected_or_gate_blocked
train-016448,unprocessed,,0,not_selected_or_gate_blocked
train-016449,unprocessed,,0,not_selected_or_gate_blocked
train-016450,unprocessed,,0,not_selected_or_gate_blocked
train-016452,unprocessed,,0,not_selected_or_gate_blocked
train-016453,unprocessed,,0,not_selected_or_gate_blocked
train-016454,unprocessed,,0,not_selected_or_gate_blocked
train-016455,unprocessed,,0,not_selected_or_gate_blocked
train-016457,unprocessed,,0,not_selected_or_gate_blocked
train-016458,unprocessed,,0,not_selected_or_gate_blocked
train-016460,unprocessed,,0,not_selected_or_gate_blocked
train-016461,unprocessed,,0,not_selected_or_gate_blocked
train-016463,unprocessed,,0,not_selected_or_gate_blocked
train-016464,unprocessed,,0,not_selected_or_gate_blocked
train-016465,unprocessed,,0,not_selected_or_gate_blocked
train-016466,unprocessed,,0,not_selected_or_gate_blocked
train-016467,unprocessed,,0,not_selected_or_gate_blocked
train-016469,unprocessed,,0,not_selected_or_gate_blocked
train-016470,unprocessed,,0,not_selected_or_gate_blocked
train-016471,unprocessed,,0,not_selected_or_gate_blocked
train-016472,unprocessed,,0,not_selected_or_gate_blocked
train-016475,unprocessed,,0,not_selected_or_gate_blocked
train-016476,unprocessed,,0,not_selected_or_gate_blocked
train-016477,unprocessed,,0,not_selected_or_gate_blocked
train-016480,unprocessed,,0,not_selected_or_gate_blocked
train-016481,unprocessed,,0,not_selected_or_gate_blocked
train-016482,unprocessed,,0,not_selected_or_gate_blocked
train-016484,unprocessed,,0,not_selected_or_gate_blocked
train-016485,unprocessed,,0,not_selected_or_gate_blocked
train-016486,unprocessed,,0,not_selected_or_gate_blocked
train-016487,unprocessed,,0,not_selected_or_gate_blocked
train-016488,unprocessed,,0,not_selected_or_gate_blocked
train-016489,unprocessed,,0,not_selected_or_gate_blocked
train-016490,unprocessed,,0,not_selected_or_gate_blocked
train-016492,unprocessed,,0,not_selected_or_gate_blocked
train-016494,unprocessed,,0,not_selected_or_gate_blocked
train-016496,unprocessed,,0,not_selected_or_gate_blocked
train-016497,unprocessed,,0,not_selected_or_gate_blocked
train-016498,unprocessed,,0,not_selected_or_gate_blocked
train-016499,unprocessed,,0,not_selected_or_gate_blocked
train-016501,unprocessed,,0,not_selected_or_gate_blocked
train-016504,unprocessed,,0,not_selected_or_gate_blocked
train-016505,unprocessed,,0,not_selected_or_gate_blocked
train-016507,unprocessed,,0,not_selected_or_gate_blocked
train-016508,unprocessed,,0,not_selected_or_gate_blocked
train-016509,unprocessed,,0,not_selected_or_gate_blocked
train-016511,unprocessed,,0,not_selected_or_gate_blocked
train-016512,unprocessed,,0,not_selected_or_gate_blocked
train-016513,unprocessed,,0,not_selected_or_gate_blocked
train-016514,unprocessed,,0,not_selected_or_gate_blocked
train-016515,unprocessed,,0,not_selected_or_gate_blocked
train-016516,unprocessed,,0,not_selected_or_gate_blocked
train-016517,unprocessed,,0,not_selected_or_gate_blocked
train-016519,unprocessed,,0,not_selected_or_gate_blocked
train-016520,unprocessed,,0,not_selected_or_gate_blocked
train-016524,unprocessed,,0,not_selected_or_gate_blocked
train-016527,unprocessed,,0,not_selected_or_gate_blocked
train-016529,unprocessed,,0,not_selected_or_gate_blocked
train-016531,unprocessed,,0,not_selected_or_gate_blocked
train-016532,unprocessed,,0,not_selected_or_gate_blocked
train-016533,unprocessed,,0,not_selected_or_gate_blocked
train-016534,unprocessed,,0,not_selected_or_gate_blocked
train-016535,unprocessed,,0,not_selected_or_gate_blocked
train-016537,unprocessed,,0,not_selected_or_gate_blocked
train-016538,unprocessed,,0,not_selected_or_gate_blocked
train-016540,unprocessed,,0,not_selected_or_gate_blocked
train-016541,unprocessed,,0,not_selected_or_gate_blocked
train-016542,unprocessed,,0,not_selected_or_gate_blocked
train-016543,unprocessed,,0,not_selected_or_gate_blocked
train-016544,unprocessed,,0,not_selected_or_gate_blocked
train-016545,unprocessed,,0,not_selected_or_gate_blocked
train-016546,unprocessed,,0,not_selected_or_gate_blocked
train-016547,unprocessed,,0,not_selected_or_gate_blocked
train-016548,unprocessed,,0,not_selected_or_gate_blocked
train-016549,unprocessed,,0,not_selected_or_gate_blocked
train-016550,unprocessed,,0,not_selected_or_gate_blocked
train-016551,unprocessed,,0,not_selected_or_gate_blocked
train-016552,unprocessed,,0,not_selected_or_gate_blocked
train-016553,unprocessed,,0,not_selected_or_gate_blocked
train-016554,unprocessed,,0,not_selected_or_gate_blocked
train-016558,unprocessed,,0,not_selected_or_gate_blocked
train-016559,unprocessed,,0,not_selected_or_gate_blocked
train-016560,unprocessed,,0,not_selected_or_gate_blocked
train-016561,unprocessed,,0,not_selected_or_gate_blocked
train-016562,unprocessed,,0,not_selected_or_gate_blocked
train-016564,unprocessed,,0,not_selected_or_gate_blocked
train-016565,unprocessed,,0,not_selected_or_gate_blocked
train-016568,unprocessed,,0,not_selected_or_gate_blocked
train-016569,unprocessed,,0,not_selected_or_gate_blocked
train-016571,unprocessed,,0,not_selected_or_gate_blocked
train-016572,unprocessed,,0,not_selected_or_gate_blocked
train-016573,unprocessed,,0,not_selected_or_gate_blocked
train-016574,unprocessed,,0,not_selected_or_gate_blocked
train-016575,unprocessed,,0,not_selected_or_gate_blocked
train-016576,unprocessed,,0,not_selected_or_gate_blocked
train-016577,unprocessed,,0,not_selected_or_gate_blocked
train-016578,unprocessed,,0,not_selected_or_gate_blocked
train-016579,unprocessed,,0,not_selected_or_gate_blocked
train-016583,unprocessed,,0,not_selected_or_gate_blocked
train-016584,unprocessed,,0,not_selected_or_gate_blocked
train-016585,unprocessed,,0,not_selected_or_gate_blocked
train-016587,unprocessed,,0,not_selected_or_gate_blocked
train-016588,unprocessed,,0,not_selected_or_gate_blocked
train-016589,unprocessed,,0,not_selected_or_gate_blocked
train-016590,unprocessed,,0,not_selected_or_gate_blocked
train-016591,unprocessed,,0,not_selected_or_gate_blocked
train-016592,unprocessed,,0,not_selected_or_gate_blocked
train-016593,unprocessed,,0,not_selected_or_gate_blocked
train-016594,unprocessed,,0,not_selected_or_gate_blocked
train-016596,unprocessed,,0,not_selected_or_gate_blocked
train-016599,unprocessed,,0,not_selected_or_gate_blocked
train-016603,unprocessed,,0,not_selected_or_gate_blocked
train-016605,unprocessed,,0,not_selected_or_gate_blocked
train-016606,unprocessed,,0,not_selected_or_gate_blocked
train-016607,unprocessed,,0,not_selected_or_gate_blocked
train-016608,unprocessed,,0,not_selected_or_gate_blocked
train-016610,unprocessed,,0,not_selected_or_gate_blocked
train-016611,unprocessed,,0,not_selected_or_gate_blocked
train-016612,unprocessed,,0,not_selected_or_gate_blocked
train-016613,unprocessed,,0,not_selected_or_gate_blocked
train-016614,unprocessed,,0,not_selected_or_gate_blocked
train-016617,unprocessed,,0,not_selected_or_gate_blocked
train-016618,unprocessed,,0,not_selected_or_gate_blocked
train-016619,unprocessed,,0,not_selected_or_gate_blocked
train-016620,unprocessed,,0,not_selected_or_gate_blocked
train-016621,unprocessed,,0,not_selected_or_gate_blocked
train-016622,unprocessed,,0,not_selected_or_gate_blocked
train-016623,unprocessed,,0,not_selected_or_gate_blocked
train-016625,unprocessed,,0,not_selected_or_gate_blocked
train-016627,unprocessed,,0,not_selected_or_gate_blocked
train-016628,unprocessed,,0,not_selected_or_gate_blocked
train-016630,unprocessed,,0,not_selected_or_gate_blocked
train-016632,unprocessed,,0,not_selected_or_gate_blocked
train-016633,unprocessed,,0,not_selected_or_gate_blocked
train-016634,unprocessed,,0,not_selected_or_gate_blocked
train-016636,unprocessed,,0,not_selected_or_gate_blocked
train-016637,unprocessed,,0,not_selected_or_gate_blocked
train-016638,unprocessed,,0,not_selected_or_gate_blocked
train-016641,unprocessed,,0,not_selected_or_gate_blocked
train-016642,unprocessed,,0,not_selected_or_gate_blocked
train-016643,unprocessed,,0,not_selected_or_gate_blocked
train-016644,unprocessed,,0,not_selected_or_gate_blocked
train-016646,unprocessed,,0,not_selected_or_gate_blocked
train-016647,unprocessed,,0,not_selected_or_gate_blocked
train-016649,unprocessed,,0,not_selected_or_gate_blocked
train-016650,unprocessed,,0,not_selected_or_gate_blocked
train-016655,unprocessed,,0,not_selected_or_gate_blocked
train-016657,unprocessed,,0,not_selected_or_gate_blocked
train-016658,unprocessed,,0,not_selected_or_gate_blocked
train-016659,unprocessed,,0,not_selected_or_gate_blocked
train-016661,unprocessed,,0,not_selected_or_gate_blocked
train-016663,unprocessed,,0,not_selected_or_gate_blocked
train-016664,unprocessed,,0,not_selected_or_gate_blocked
train-016665,unprocessed,,0,not_selected_or_gate_blocked
train-016667,unprocessed,,0,not_selected_or_gate_blocked
train-016669,unprocessed,,0,not_selected_or_gate_blocked
train-016670,unprocessed,,0,not_selected_or_gate_blocked
train-016671,unprocessed,,0,not_selected_or_gate_blocked
train-016672,unprocessed,,0,not_selected_or_gate_blocked
train-016673,unprocessed,,0,not_selected_or_gate_blocked
train-016674,unprocessed,,0,not_selected_or_gate_blocked
train-016675,unprocessed,,0,not_selected_or_gate_blocked
train-016676,unprocessed,,0,not_selected_or_gate_blocked
train-016677,unprocessed,,0,not_selected_or_gate_blocked
train-016679,unprocessed,,0,not_selected_or_gate_blocked
train-016680,unprocessed,,0,not_selected_or_gate_blocked
train-016681,unprocessed,,0,not_selected_or_gate_blocked
train-016682,unprocessed,,0,not_selected_or_gate_blocked
train-016683,unprocessed,,0,not_selected_or_gate_blocked
train-016684,unprocessed,,0,not_selected_or_gate_blocked
train-016686,unprocessed,,0,not_selected_or_gate_blocked
train-016687,unprocessed,,0,not_selected_or_gate_blocked
train-016688,unprocessed,,0,not_selected_or_gate_blocked
train-016690,unprocessed,,0,not_selected_or_gate_blocked
train-016691,unprocessed,,0,not_selected_or_gate_blocked
train-016693,unprocessed,,0,not_selected_or_gate_blocked
train-016694,unprocessed,,0,not_selected_or_gate_blocked
train-016695,unprocessed,,0,not_selected_or_gate_blocked
train-016697,unprocessed,,0,not_selected_or_gate_blocked
train-016698,unprocessed,,0,not_selected_or_gate_blocked
train-016699,unprocessed,,0,not_selected_or_gate_blocked
train-016700,unprocessed,,0,not_selected_or_gate_blocked
train-016701,unprocessed,,0,not_selected_or_gate_blocked
train-016702,unprocessed,,0,not_selected_or_gate_blocked
train-016704,unprocessed,,0,not_selected_or_gate_blocked
train-016706,unprocessed,,0,not_selected_or_gate_blocked
train-016707,unprocessed,,0,not_selected_or_gate_blocked
train-016709,unprocessed,,0,not_selected_or_gate_blocked
train-016711,unprocessed,,0,not_selected_or_gate_blocked
train-016712,unprocessed,,0,not_selected_or_gate_blocked
train-016713,unprocessed,,0,not_selected_or_gate_blocked
train-016715,unprocessed,,0,not_selected_or_gate_blocked
train-016716,unprocessed,,0,not_selected_or_gate_blocked
train-016717,unprocessed,,0,not_selected_or_gate_blocked
train-016718,unprocessed,,0,not_selected_or_gate_blocked
train-016719,unprocessed,,0,not_selected_or_gate_blocked
train-016720,unprocessed,,0,not_selected_or_gate_blocked
train-016722,unprocessed,,0,not_selected_or_gate_blocked
train-016723,unprocessed,,0,not_selected_or_gate_blocked
train-016724,unprocessed,,0,not_selected_or_gate_blocked
train-016725,unprocessed,,0,not_selected_or_gate_blocked
train-016728,unprocessed,,0,not_selected_or_gate_blocked
train-016729,unprocessed,,0,not_selected_or_gate_blocked
train-016730,unprocessed,,0,not_selected_or_gate_blocked
train-016732,unprocessed,,0,not_selected_or_gate_blocked
train-016733,unprocessed,,0,not_selected_or_gate_blocked
train-016734,unprocessed,,0,not_selected_or_gate_blocked
train-016735,unprocessed,,0,not_selected_or_gate_blocked
train-016737,unprocessed,,0,not_selected_or_gate_blocked
train-016739,unprocessed,,0,not_selected_or_gate_blocked
train-016742,unprocessed,,0,not_selected_or_gate_blocked
train-016743,unprocessed,,0,not_selected_or_gate_blocked
train-016744,unprocessed,,0,not_selected_or_gate_blocked
train-016746,unprocessed,,0,not_selected_or_gate_blocked
train-016748,unprocessed,,0,not_selected_or_gate_blocked
train-016749,unprocessed,,0,not_selected_or_gate_blocked
train-016751,unprocessed,,0,not_selected_or_gate_blocked
train-016752,unprocessed,,0,not_selected_or_gate_blocked
train-016753,unprocessed,,0,not_selected_or_gate_blocked
train-016755,unprocessed,,0,not_selected_or_gate_blocked
train-016756,unprocessed,,0,not_selected_or_gate_blocked
train-016757,unprocessed,,0,not_selected_or_gate_blocked
train-016760,unprocessed,,0,not_selected_or_gate_blocked
train-016764,unprocessed,,0,not_selected_or_gate_blocked
train-016766,unprocessed,,0,not_selected_or_gate_blocked
train-016767,unprocessed,,0,not_selected_or_gate_blocked
train-016768,unprocessed,,0,not_selected_or_gate_blocked
train-016769,unprocessed,,0,not_selected_or_gate_blocked
train-016774,unprocessed,,0,not_selected_or_gate_blocked
train-016776,unprocessed,,0,not_selected_or_gate_blocked
train-016778,unprocessed,,0,not_selected_or_gate_blocked
train-016782,unprocessed,,0,not_selected_or_gate_blocked
train-016783,unprocessed,,0,not_selected_or_gate_blocked
train-016784,unprocessed,,0,not_selected_or_gate_blocked
train-016785,unprocessed,,0,not_selected_or_gate_blocked
train-016787,unprocessed,,0,not_selected_or_gate_blocked
train-016790,unprocessed,,0,not_selected_or_gate_blocked
train-016791,unprocessed,,0,not_selected_or_gate_blocked
train-016792,unprocessed,,0,not_selected_or_gate_blocked
train-016793,unprocessed,,0,not_selected_or_gate_blocked
train-016794,unprocessed,,0,not_selected_or_gate_blocked
train-016795,unprocessed,,0,not_selected_or_gate_blocked
train-016796,unprocessed,,0,not_selected_or_gate_blocked
train-016798,unprocessed,,0,not_selected_or_gate_blocked
train-016800,unprocessed,,0,not_selected_or_gate_blocked
train-016801,unprocessed,,0,not_selected_or_gate_blocked
train-016802,unprocessed,,0,not_selected_or_gate_blocked
train-016803,unprocessed,,0,not_selected_or_gate_blocked
train-016809,unprocessed,,0,not_selected_or_gate_blocked
train-016810,unprocessed,,0,not_selected_or_gate_blocked
train-016811,unprocessed,,0,not_selected_or_gate_blocked
train-016812,unprocessed,,0,not_selected_or_gate_blocked
train-016813,unprocessed,,0,not_selected_or_gate_blocked
train-016816,unprocessed,,0,not_selected_or_gate_blocked
train-016818,unprocessed,,0,not_selected_or_gate_blocked
train-016819,unprocessed,,0,not_selected_or_gate_blocked
train-016820,unprocessed,,0,not_selected_or_gate_blocked
train-016821,unprocessed,,0,not_selected_or_gate_blocked
train-016822,unprocessed,,0,not_selected_or_gate_blocked
train-016823,unprocessed,,0,not_selected_or_gate_blocked
train-016824,unprocessed,,0,not_selected_or_gate_blocked
train-016825,unprocessed,,0,not_selected_or_gate_blocked
train-016826,unprocessed,,0,not_selected_or_gate_blocked
train-016828,unprocessed,,0,not_selected_or_gate_blocked
train-016829,unprocessed,,0,not_selected_or_gate_blocked
train-016831,unprocessed,,0,not_selected_or_gate_blocked
train-016832,unprocessed,,0,not_selected_or_gate_blocked
train-016833,unprocessed,,0,not_selected_or_gate_blocked
train-016834,unprocessed,,0,not_selected_or_gate_blocked
train-016835,unprocessed,,0,not_selected_or_gate_blocked
train-016838,unprocessed,,0,not_selected_or_gate_blocked
train-016839,unprocessed,,0,not_selected_or_gate_blocked
train-016841,unprocessed,,0,not_selected_or_gate_blocked
train-016842,unprocessed,,0,not_selected_or_gate_blocked
train-016843,unprocessed,,0,not_selected_or_gate_blocked
train-016844,unprocessed,,0,not_selected_or_gate_blocked
train-016846,unprocessed,,0,not_selected_or_gate_blocked
train-016847,unprocessed,,0,not_selected_or_gate_blocked
train-016848,unprocessed,,0,not_selected_or_gate_blocked
train-016849,unprocessed,,0,not_selected_or_gate_blocked
train-016850,unprocessed,,0,not_selected_or_gate_blocked
train-016851,unprocessed,,0,not_selected_or_gate_blocked
train-016853,unprocessed,,0,not_selected_or_gate_blocked
train-016856,unprocessed,,0,not_selected_or_gate_blocked
train-016857,unprocessed,,0,not_selected_or_gate_blocked
train-016858,unprocessed,,0,not_selected_or_gate_blocked
train-016859,unprocessed,,0,not_selected_or_gate_blocked
train-016860,unprocessed,,0,not_selected_or_gate_blocked
train-016861,unprocessed,,0,not_selected_or_gate_blocked
train-016862,unprocessed,,0,not_selected_or_gate_blocked
train-016863,unprocessed,,0,not_selected_or_gate_blocked
train-016864,unprocessed,,0,not_selected_or_gate_blocked
train-016865,unprocessed,,0,not_selected_or_gate_blocked
train-016867,unprocessed,,0,not_selected_or_gate_blocked
train-016869,unprocessed,,0,not_selected_or_gate_blocked
train-016871,unprocessed,,0,not_selected_or_gate_blocked
train-016872,unprocessed,,0,not_selected_or_gate_blocked
train-016873,unprocessed,,0,not_selected_or_gate_blocked
train-016874,unprocessed,,0,not_selected_or_gate_blocked
train-016875,unprocessed,,0,not_selected_or_gate_blocked
train-016877,unprocessed,,0,not_selected_or_gate_blocked
train-016878,unprocessed,,0,not_selected_or_gate_blocked
train-016879,unprocessed,,0,not_selected_or_gate_blocked
train-016880,unprocessed,,0,not_selected_or_gate_blocked
train-016881,unprocessed,,0,not_selected_or_gate_blocked
train-016882,unprocessed,,0,not_selected_or_gate_blocked
train-016883,unprocessed,,0,not_selected_or_gate_blocked
train-016884,unprocessed,,0,not_selected_or_gate_blocked
train-016885,unprocessed,,0,not_selected_or_gate_blocked
train-016886,unprocessed,,0,not_selected_or_gate_blocked
train-016888,unprocessed,,0,not_selected_or_gate_blocked
train-016889,unprocessed,,0,not_selected_or_gate_blocked
train-016890,unprocessed,,0,not_selected_or_gate_blocked
train-016891,unprocessed,,0,not_selected_or_gate_blocked
train-016892,unprocessed,,0,not_selected_or_gate_blocked
train-016894,unprocessed,,0,not_selected_or_gate_blocked
train-016895,unprocessed,,0,not_selected_or_gate_blocked
train-016897,unprocessed,,0,not_selected_or_gate_blocked
train-016899,unprocessed,,0,not_selected_or_gate_blocked
train-016900,unprocessed,,0,not_selected_or_gate_blocked
train-016901,unprocessed,,0,not_selected_or_gate_blocked
train-016902,unprocessed,,0,not_selected_or_gate_blocked
train-016903,unprocessed,,0,not_selected_or_gate_blocked
train-016904,unprocessed,,0,not_selected_or_gate_blocked
train-016905,unprocessed,,0,not_selected_or_gate_blocked
train-016908,unprocessed,,0,not_selected_or_gate_blocked
train-016909,unprocessed,,0,not_selected_or_gate_blocked
train-016911,unprocessed,,0,not_selected_or_gate_blocked
train-016912,unprocessed,,0,not_selected_or_gate_blocked
train-016913,unprocessed,,0,not_selected_or_gate_blocked
train-016914,unprocessed,,0,not_selected_or_gate_blocked
train-016915,unprocessed,,0,not_selected_or_gate_blocked
train-016916,unprocessed,,0,not_selected_or_gate_blocked
train-016917,unprocessed,,0,not_selected_or_gate_blocked
train-016918,unprocessed,,0,not_selected_or_gate_blocked
train-016919,unprocessed,,0,not_selected_or_gate_blocked
train-016920,unprocessed,,0,not_selected_or_gate_blocked
train-016922,unprocessed,,0,not_selected_or_gate_blocked
train-016923,unprocessed,,0,not_selected_or_gate_blocked
train-016924,unprocessed,,0,not_selected_or_gate_blocked
train-016925,unprocessed,,0,not_selected_or_gate_blocked
train-016926,unprocessed,,0,not_selected_or_gate_blocked
train-016927,unprocessed,,0,not_selected_or_gate_blocked
train-016929,unprocessed,,0,not_selected_or_gate_blocked
train-016930,unprocessed,,0,not_selected_or_gate_blocked
train-016932,unprocessed,,0,not_selected_or_gate_blocked
train-016933,unprocessed,,0,not_selected_or_gate_blocked
train-016935,unprocessed,,0,not_selected_or_gate_blocked
train-016936,unprocessed,,0,not_selected_or_gate_blocked
train-016938,unprocessed,,0,not_selected_or_gate_blocked
train-016939,unprocessed,,0,not_selected_or_gate_blocked
train-016941,unprocessed,,0,not_selected_or_gate_blocked
train-016944,unprocessed,,0,not_selected_or_gate_blocked
train-016945,unprocessed,,0,not_selected_or_gate_blocked
train-016946,unprocessed,,0,not_selected_or_gate_blocked
train-016947,unprocessed,,0,not_selected_or_gate_blocked
train-016948,unprocessed,,0,not_selected_or_gate_blocked
train-016949,unprocessed,,0,not_selected_or_gate_blocked
train-016950,unprocessed,,0,not_selected_or_gate_blocked
train-016951,unprocessed,,0,not_selected_or_gate_blocked
train-016952,unprocessed,,0,not_selected_or_gate_blocked
train-016953,unprocessed,,0,not_selected_or_gate_blocked
train-016954,unprocessed,,0,not_selected_or_gate_blocked
train-016956,unprocessed,,0,not_selected_or_gate_blocked
train-016957,unprocessed,,0,not_selected_or_gate_blocked
train-016958,unprocessed,,0,not_selected_or_gate_blocked
train-016959,unprocessed,,0,not_selected_or_gate_blocked
train-016961,unprocessed,,0,not_selected_or_gate_blocked
train-016962,unprocessed,,0,not_selected_or_gate_blocked
train-016963,unprocessed,,0,not_selected_or_gate_blocked
train-016967,unprocessed,,0,not_selected_or_gate_blocked
train-016969,unprocessed,,0,not_selected_or_gate_blocked
train-016971,unprocessed,,0,not_selected_or_gate_blocked
train-016972,unprocessed,,0,not_selected_or_gate_blocked
train-016974,unprocessed,,0,not_selected_or_gate_blocked
train-016975,unprocessed,,0,not_selected_or_gate_blocked
train-016976,unprocessed,,0,not_selected_or_gate_blocked
train-016984,unprocessed,,0,not_selected_or_gate_blocked
train-016986,unprocessed,,0,not_selected_or_gate_blocked
train-016987,unprocessed,,0,not_selected_or_gate_blocked
train-016988,unprocessed,,0,not_selected_or_gate_blocked
train-016991,unprocessed,,0,not_selected_or_gate_blocked
train-016992,unprocessed,,0,not_selected_or_gate_blocked
train-016993,unprocessed,,0,not_selected_or_gate_blocked
train-016994,unprocessed,,0,not_selected_or_gate_blocked
train-016995,unprocessed,,0,not_selected_or_gate_blocked
train-016997,unprocessed,,0,not_selected_or_gate_blocked
