source_row_index,id,decision,decision_reason,question_sha256,legacy_question_sha256,question_content_matches_legacy,legacy_filtered_membership
0,val-000000,keep,present_in_legacy_filtered_derivative,66027769a6fd897069f3045e6dad617268c145724cfc2a8306b3dde80d96a3e1,66027769a6fd897069f3045e6dad617268c145724cfc2a8306b3dde80d96a3e1,true,true
1,val-000001,keep,present_in_legacy_filtered_derivative,debe8bd29279456a8754b38aeb399d6a4e4557400905011a791d6c6ddcdd602d,debe8bd29279456a8754b38aeb399d6a4e4557400905011a791d6c6ddcdd602d,true,true
2,val-000002,keep,present_in_legacy_filtered_derivative,38a26ecbf73a3dc437f1787734015b7b363eec931a454165646505e2073a470f,38a26ecbf73a3dc437f1787734015b7b363eec931a454165646505e2073a470f,true,true
3,val-000003,keep,present_in_legacy_filtered_derivative,0baeae17fc0f48094394963f475000d77f4f89081bd1d817f15d645f052a722a,0baeae17fc0f48094394963f475000d77f4f89081bd1d817f15d645f052a722a,true,true
4,val-000004,keep,present_in_legacy_filtered_derivative,8c932bac2de65c123512de34dfae556cb842d661419efa804e1c86094abcd5c4,8c932bac2de65c123512de34dfae556cb842d661419efa804e1c86094abcd5c4,true,true
5,val-000005,keep,present_in_legacy_filtered_derivative,10dac4565ad0f7bb9203872e1955d7f7403a3f67048cc8361b08cb3997b6a97f,10dac4565ad0f7bb9203872e1955d7f7403a3f67048cc8361b08cb3997b6a97f,true,true
6,val-000006,exclude,absent_from_legacy_filtered_derivative; historical semantic reason unavailable,0c6dc1cb4b7766264b42973fb8b06535b040fce6de183f1e94608931d704aab9,,,false
7,val-000007,exclude,absent_from_legacy_filtered_derivative; historical semantic reason unavailable,cb3014114b99b6f97087ff888b119a1400efcbf4adf0ed7b2d0d86d62bd00721,,,false
8,val-000008,keep,present_in_legacy_filtered_derivative,60e94cdec08cb276e7868c6045aae6d86079a02fd5d82a6c291b0a801e7daea9,60e94cdec08cb276e7868c6045aae6d86079a02fd5d82a6c291b0a801e7daea9,true,true
9,val-000009,keep,present_in_legacy_filtered_derivative,56ab65f1a52ff74c69664ffb30f4295cc5b0650c30687a29e2cb15d8cc42676b,56ab65f1a52ff74c69664ffb30f4295cc5b0650c30687a29e2cb15d8cc42676b,true,true
10,val-000010,exclude,absent_from_legacy_filtered_derivative; historical semantic reason unavailable,0bc69b8cba528a14242bd54db92dece89ff27cfc097d0b4e5beab5af2ae0ba22,,,false
11,val-000011,keep,present_in_legacy_filtered_derivative,7860d1594358f8f3aaa6a17b7dad4237a7746a389b37c5da4640dca127af1939,7860d1594358f8f3aaa6a17b7dad4237a7746a389b37c5da4640dca127af1939,true,true
12,val-000012,exclude,absent_from_legacy_filtered_derivative; historical semantic reason unavailable,a81dfe3d6b0137e251a0dcd780115db20cd332eceac8b29a1c8a2f3b411111e2,,,false
13,val-000013,exclude,absent_from_legacy_filtered_derivative; historical semantic reason unavailable,fac5e51991ca21397410d089aacb6fb8c46204e66cd46764b16723f0990aba52,,,false
14,val-000014,keep,present_in_legacy_filtered_derivative,0218310e7b631aad4950ce903a9b4351e2fa504e2870b56cf492d119108a92a9,0218310e7b631aad4950ce903a9b4351e2fa504e2870b56cf492d119108a92a9,true,true
15,val-000015,keep,present_in_legacy_filtered_derivative,853abac9328e3989d410f3b8564d534602bb44bc8fa719e89a9d2a92578c2e56,853abac9328e3989d410f3b8564d534602bb44bc8fa719e89a9d2a92578c2e56,true,true
16,val-000016,keep,present_in_legacy_filtered_derivative,b7e580ad6aebcb3d0ea8b6dae37479285c67a2a12519e9b74720fcab290fd6d1,b7e580ad6aebcb3d0ea8b6dae37479285c67a2a12519e9b74720fcab290fd6d1,true,true
17,val-000017,exclude,absent_from_legacy_filtered_derivative; historical semantic reason unavailable,67ed06d6ef6c1dd3a1572f7c38f378342654ac6e2b121ac61896dfc37bb180a5,,,false
18,val-000018,keep,present_in_legacy_filtered_derivative,33fa10e1be30e36f13d545b6648c162a0765cda164f4bfe661b053e67da2be39,33fa10e1be30e36f13d545b6648c162a0765cda164f4bfe661b053e67da2be39,true,true
19,val-000019,keep,present_in_legacy_filtered_derivative,a93a90b734a280cfb6db7c0bcbaf08bc8985a80117c5aaf9f01535229a004a8a,a93a90b734a280cfb6db7c0bcbaf08bc8985a80117c5aaf9f01535229a004a8a,true,true
20,val-000020,keep,present_in_legacy_filtered_derivative,40cd5776280e14c877c3506c3177b267529abe6ea9df49cdaeece75d22ec9c79,40cd5776280e14c877c3506c3177b267529abe6ea9df49cdaeece75d22ec9c79,true,true
21,val-000021,keep,present_in_legacy_filtered_derivative,b44fcd5dde4886e5fc3f5cebec386c831fcc67356c17ea454a84db45c7115ef7,b44fcd5dde4886e5fc3f5cebec386c831fcc67356c17ea454a84db45c7115ef7,true,true
22,val-000022,keep,present_in_legacy_filtered_derivative,6a64c1ed738c632d53454cd11276044212679d85a2aa43cdd5ca7f0adbe56937,6a64c1ed738c632d53454cd11276044212679d85a2aa43cdd5ca7f0adbe56937,true,true
23,val-000023,keep,present_in_legacy_filtered_derivative,ac55ac00c459d0f1eb379df847500c914ff6bb70815371c8da357a1b597f74a0,ac55ac00c459d0f1eb379df847500c914ff6bb70815371c8da357a1b597f74a0,true,true
24,val-000024,keep,present_in_legacy_filtered_derivative,6f4168954ac789ea9a01a45436a47363e8bd1e9556cc73b9f59fd8bbed617c97,6f4168954ac789ea9a01a45436a47363e8bd1e9556cc73b9f59fd8bbed617c97,true,true
25,val-000025,exclude,absent_from_legacy_filtered_derivative; historical semantic reason unavailable,977079f136b708b9af41c652d976ce7152dee886dfbd6004110e53ea4afa4939,,,false
26,val-000026,keep,present_in_legacy_filtered_derivative,7218d17254f9e79d337eb382a2e48d4623250a05d608fdb72cbc96ca9e80884d,7218d17254f9e79d337eb382a2e48d4623250a05d608fdb72cbc96ca9e80884d,true,true
27,val-000027,keep,present_in_legacy_filtered_derivative,1a30fa87c45a0fcefb5fb535574c0b1e4e3bd8b2b1c8f944436a22f5a0b8a1f7,1a30fa87c45a0fcefb5fb535574c0b1e4e3bd8b2b1c8f944436a22f5a0b8a1f7,true,true
28,val-000028,keep,present_in_legacy_filtered_derivative,077b87141338ed32fa9100457a498a6995fecd8199a7a3f0020419d98d09cd39,077b87141338ed32fa9100457a498a6995fecd8199a7a3f0020419d98d09cd39,true,true
29,val-000029,keep,present_in_legacy_filtered_derivative,3a66cf4755c4e66627d85d5d52baaeae1abb109f95cde424563804c01cd06c66,3a66cf4755c4e66627d85d5d52baaeae1abb109f95cde424563804c01cd06c66,true,true
30,val-000030,keep,present_in_legacy_filtered_derivative,fa97fde1b3c53b7470ad77187681ac4c150675829e9baf5b9d97dc20dad1a983,fa97fde1b3c53b7470ad77187681ac4c150675829e9baf5b9d97dc20dad1a983,true,true
31,val-000031,keep,present_in_legacy_filtered_derivative,bec5e4e6791b40c02cd24980e045a1f04da7c2ef2a158458a87ec84404a4489a,bec5e4e6791b40c02cd24980e045a1f04da7c2ef2a158458a87ec84404a4489a,true,true
32,val-000032,keep,present_in_legacy_filtered_derivative,22543725fed86590831f826c825ec275923661ef9d1ca92d741f6626931eda3b,40f9142fef224ae03851a9d25fd129162824c0f8e53385ff36021af6a8672ec2,false,true
33,val-000033,keep,present_in_legacy_filtered_derivative,071655a5d1ee975f1457ecd339b7e4aa682661e059d9c57d4ab0756204fa5fd3,071655a5d1ee975f1457ecd339b7e4aa682661e059d9c57d4ab0756204fa5fd3,true,true
34,val-000034,keep,present_in_legacy_filtered_derivative,682ffd452cf9a342a47249502b3606760f7a4c51907c9366afccd98ddec6325b,682ffd452cf9a342a47249502b3606760f7a4c51907c9366afccd98ddec6325b,true,true
35,val-000035,keep,present_in_legacy_filtered_derivative,81695c5667beeda3bd46c8d4a0fda83016cefc0d088451671287d0f11d9f0a8e,81695c5667beeda3bd46c8d4a0fda83016cefc0d088451671287d0f11d9f0a8e,true,true
36,val-000036,keep,present_in_legacy_filtered_derivative,432e292157c47b7cb77644893423ef4ad31a43427d2ff99b9bef1869d5ab7d36,432e292157c47b7cb77644893423ef4ad31a43427d2ff99b9bef1869d5ab7d36,true,true
37,val-000037,keep,present_in_legacy_filtered_derivative,8817b8c7e670a680c3dc6f813bec4939978a571a85f1471c811cca8978bd8b5f,8817b8c7e670a680c3dc6f813bec4939978a571a85f1471c811cca8978bd8b5f,true,true
38,val-000038,keep,present_in_legacy_filtered_derivative,10a91770bb79dc18093de2e818c07899c82770628dbb0223ef77d188b9a7a0d3,10a91770bb79dc18093de2e818c07899c82770628dbb0223ef77d188b9a7a0d3,true,true
39,val-000039,exclude,absent_from_legacy_filtered_derivative; historical semantic reason unavailable,3ef95d36e3f4993611a0aee3ea7a7763f5038210d5aae41769462b6409adcc8e,,,false
40,val-000040,exclude,absent_from_legacy_filtered_derivative; historical semantic reason unavailable,94a53822118881569947a74cea7affd7f929f66265541210d6beb95cab678822,,,false
41,val-000041,keep,present_in_legacy_filtered_derivative,c4f6c8fbe8abdfa9d05c9ef5e56215e9a0a96723a2588659e486dcf2f194b18f,c4f6c8fbe8abdfa9d05c9ef5e56215e9a0a96723a2588659e486dcf2f194b18f,true,true
42,val-000042,keep,present_in_legacy_filtered_derivative,6e174b905d16e30c21f9d53a417596d542cd19ea3d974e3027f56c6b4c461ff8,6e174b905d16e30c21f9d53a417596d542cd19ea3d974e3027f56c6b4c461ff8,true,true
43,val-000043,keep,present_in_legacy_filtered_derivative,74ad2002447761200b5d82212a22258e3f238f3a82b5c72b93c6c3119c601f55,74ad2002447761200b5d82212a22258e3f238f3a82b5c72b93c6c3119c601f55,true,true
44,val-000044,keep,present_in_legacy_filtered_derivative,6f76e72f857d8bc60036dc6eebcce10edf5c5fa07a8ba939e63cae84056d0859,6f76e72f857d8bc60036dc6eebcce10edf5c5fa07a8ba939e63cae84056d0859,true,true
45,val-000045,keep,present_in_legacy_filtered_derivative,e0ebbeef7f3e0c3ef6146a5265df8d5f47b301b98369d71adb61b908ab2cdf3b,e0ebbeef7f3e0c3ef6146a5265df8d5f47b301b98369d71adb61b908ab2cdf3b,true,true
46,val-000046,exclude,absent_from_legacy_filtered_derivative; historical semantic reason unavailable,91685f3d1f0a4815746620e7a78f347c147d5ad22fcb8cace1680457bd9b9047,,,false
47,val-000047,keep,present_in_legacy_filtered_derivative,0a679720d21694df093fa2fdf939d8bbbcd9ef3e8b88ede1ec6a177b6f256a43,0a679720d21694df093fa2fdf939d8bbbcd9ef3e8b88ede1ec6a177b6f256a43,true,true
48,val-000048,keep,present_in_legacy_filtered_derivative,4dda1bd59b6e00f75977f47a5958c897c59442d6323e5f96c244075c0881e9a3,4dda1bd59b6e00f75977f47a5958c897c59442d6323e5f96c244075c0881e9a3,true,true
49,val-000049,exclude,absent_from_legacy_filtered_derivative; historical semantic reason unavailable,d71cc2dd196253d14182fc10d2d56f98d9314b7a8cad1cd8453b5640bd6746a2,,,false
50,val-000050,exclude,absent_from_legacy_filtered_derivative; historical semantic reason unavailable,05ca2e1946feea2c53e2d45d28e4d328c43a96b4a2082bad9ab071c22df7e3c1,,,false
51,val-000051,keep,present_in_legacy_filtered_derivative,55f7fbcf60f3cb7889a23b75547f10d45a3450734e5c7d56a44503d8f9f00609,55f7fbcf60f3cb7889a23b75547f10d45a3450734e5c7d56a44503d8f9f00609,true,true
52,val-000052,keep,present_in_legacy_filtered_derivative,d96d60efcf9ff6488a41f888d8f68b390bf6c21da504ed4a9fdb9ff6e7948e89,d96d60efcf9ff6488a41f888d8f68b390bf6c21da504ed4a9fdb9ff6e7948e89,true,true
53,val-000053,keep,present_in_legacy_filtered_derivative,25ffb7c0545ba7941befcc4dc0068f42f76f05428efc8a02be6b3426c6d69aab,25ffb7c0545ba7941befcc4dc0068f42f76f05428efc8a02be6b3426c6d69aab,true,true
54,val-000054,keep,present_in_legacy_filtered_derivative,c74f78b83c949cf59a00d1593605cf8a4b5ab9acde0c981a3f92a3f4cf3e6bc8,c74f78b83c949cf59a00d1593605cf8a4b5ab9acde0c981a3f92a3f4cf3e6bc8,true,true
55,val-000055,keep,present_in_legacy_filtered_derivative,e1bdb1e5cdc98e45b50810bd3b5939a360190e4883da8429dcef117f7add9fc2,e1bdb1e5cdc98e45b50810bd3b5939a360190e4883da8429dcef117f7add9fc2,true,true
56,val-000056,keep,present_in_legacy_filtered_derivative,6e8394e3cbf8572832e32c1c21556131b982092f0385c0dbb3ff52dd32c7d1db,6e8394e3cbf8572832e32c1c21556131b982092f0385c0dbb3ff52dd32c7d1db,true,true
57,val-000057,keep,present_in_legacy_filtered_derivative,cb56f3a40a79a4ff602b1631548d7a30867e90ab9e7b3b059f36b1dba296c5bf,cb56f3a40a79a4ff602b1631548d7a30867e90ab9e7b3b059f36b1dba296c5bf,true,true
58,val-000058,keep,present_in_legacy_filtered_derivative,019f631aaaf41e843938b5bd62cffe7382aac7981b31f88da0c0c55563f43efe,019f631aaaf41e843938b5bd62cffe7382aac7981b31f88da0c0c55563f43efe,true,true
59,val-000059,keep,present_in_legacy_filtered_derivative,8840cd6e2fe4578eeaeffb61ae3a7fd983749d9b9c4627d5b914936e1164b524,8840cd6e2fe4578eeaeffb61ae3a7fd983749d9b9c4627d5b914936e1164b524,true,true
60,val-000060,keep,present_in_legacy_filtered_derivative,b936f2b4e2802c53360f01d7f95b323f1587026a8b74bc6235e423e23fc585d3,b936f2b4e2802c53360f01d7f95b323f1587026a8b74bc6235e423e23fc585d3,true,true
61,val-000061,keep,present_in_legacy_filtered_derivative,e1e1fdd87565cdf79bf2c406d49ed19b25833a49e40ae3f896666a8a9fb58f02,e1e1fdd87565cdf79bf2c406d49ed19b25833a49e40ae3f896666a8a9fb58f02,true,true
62,val-000062,keep,present_in_legacy_filtered_derivative,33d947825ed9a7e8f4938d07343d145594445dea071359ee66760327f49e688e,33d947825ed9a7e8f4938d07343d145594445dea071359ee66760327f49e688e,true,true
63,val-000063,keep,present_in_legacy_filtered_derivative,405e8cb0719fae8ca8894dc4149cdca427dfd626440c690e55189743df82f4e7,a25b86fb094519436346dedddf475b402f997a45691297a3e9dee37de76c429e,false,true
64,val-000064,keep,present_in_legacy_filtered_derivative,01ee03bd6d1b31801942b6242543cb63eaf1d41611bd3fc82cb47e1647122f9d,7abd525be0390fb59eefe79f513b871ffdeee959c8544f40b7b5cb8eba0ebd2e,false,true
65,val-000065,keep,present_in_legacy_filtered_derivative,4c7083ecc70e368a792e2b11605089ff2ea5fe2d1757b4516bd3e2de9c44d26d,4c7083ecc70e368a792e2b11605089ff2ea5fe2d1757b4516bd3e2de9c44d26d,true,true
66,val-000066,keep,present_in_legacy_filtered_derivative,656b880bf341be79d498f2d5a57eb2bdc486716a0669c3b34f0096a43f6afc26,656b880bf341be79d498f2d5a57eb2bdc486716a0669c3b34f0096a43f6afc26,true,true
67,val-000067,exclude,absent_from_legacy_filtered_derivative; historical semantic reason unavailable,e274eda0537aaa5b7a965d22a25b6421e0ac71726e7e65b85d01a43dfaa6330f,,,false
68,val-000068,keep,present_in_legacy_filtered_derivative,ea3f2092ca860502e6bda80376270032ce0c350fc23b5ecb055fd74cc17ad4b9,ea3f2092ca860502e6bda80376270032ce0c350fc23b5ecb055fd74cc17ad4b9,true,true
69,val-000069,keep,present_in_legacy_filtered_derivative,13d03a43067f1d86db6463a526da54876be176f5a0f097980fe3beb307f38d38,13d03a43067f1d86db6463a526da54876be176f5a0f097980fe3beb307f38d38,true,true
70,val-000070,keep,present_in_legacy_filtered_derivative,44a1050a4f350269eeaf9f8d61eb37b5e1d6c77f1ce0a9e0b3819291c11c279b,44a1050a4f350269eeaf9f8d61eb37b5e1d6c77f1ce0a9e0b3819291c11c279b,true,true
71,val-000071,exclude,absent_from_legacy_filtered_derivative; historical semantic reason unavailable,dcaea234c6238866856f1b34c9831d36d66beddfb9d233cfd1f376008cd66739,,,false
72,val-000072,keep,present_in_legacy_filtered_derivative,e23e7bb61f9b2fc78e766689475d07a75e51bf81f834c50a6ff6a8c18ce232c1,e23e7bb61f9b2fc78e766689475d07a75e51bf81f834c50a6ff6a8c18ce232c1,true,true
73,val-000073,keep,present_in_legacy_filtered_derivative,8f61f8f27493786490c3837c7c80dd68cd2e456ba582655838371c714260bdcf,8f61f8f27493786490c3837c7c80dd68cd2e456ba582655838371c714260bdcf,true,true
74,val-000074,keep,present_in_legacy_filtered_derivative,4f36cce24d4d913b20f5fad62fcde7a65375efd122b8017c718176f5f0d2633f,4f36cce24d4d913b20f5fad62fcde7a65375efd122b8017c718176f5f0d2633f,true,true
75,val-000075,keep,present_in_legacy_filtered_derivative,2ab6dc27a9539417c994404009b097a065fb58f99bbadc83ac35fd6ac994814f,2ab6dc27a9539417c994404009b097a065fb58f99bbadc83ac35fd6ac994814f,true,true
76,val-000076,keep,present_in_legacy_filtered_derivative,9941ded4c121bf37ecb1a8acb4af0ff3ce2bd04c7092f90525b44abbb7fefa21,9941ded4c121bf37ecb1a8acb4af0ff3ce2bd04c7092f90525b44abbb7fefa21,true,true
77,val-000077,keep,present_in_legacy_filtered_derivative,54fd353b40e42509153cc97c03fb5ab09a5d125298254e533c492a6c4c87812e,54fd353b40e42509153cc97c03fb5ab09a5d125298254e533c492a6c4c87812e,true,true
78,val-000078,keep,present_in_legacy_filtered_derivative,57745ff5d437b72f575895cfe03d6092e5c2761933fb2b2112bebe9a1947f9e7,57745ff5d437b72f575895cfe03d6092e5c2761933fb2b2112bebe9a1947f9e7,true,true
79,val-000079,keep,present_in_legacy_filtered_derivative,0df44ce3b1ae09cbcb77c2b700206419b732250ec4f63a56d795ecfd3cc20b94,0df44ce3b1ae09cbcb77c2b700206419b732250ec4f63a56d795ecfd3cc20b94,true,true
80,val-000080,keep,present_in_legacy_filtered_derivative,16e13cb1ddcf5706ecd8ec06c19c94bd61a3d2e9b6c7b322653ec01caac63a0b,16e13cb1ddcf5706ecd8ec06c19c94bd61a3d2e9b6c7b322653ec01caac63a0b,true,true
81,val-000081,keep,present_in_legacy_filtered_derivative,1b7a770a50d4abb9289a69c3957cb445ec7e549d7fbd6501b27b01a585e434c9,1b7a770a50d4abb9289a69c3957cb445ec7e549d7fbd6501b27b01a585e434c9,true,true
82,val-000082,keep,present_in_legacy_filtered_derivative,52a4df4d06394ef6fc4507695bff31ee9dbb0157c8dbb4fca80db4c25a7e6ab4,52a4df4d06394ef6fc4507695bff31ee9dbb0157c8dbb4fca80db4c25a7e6ab4,true,true
83,val-000083,keep,present_in_legacy_filtered_derivative,8f789b7dff7b241529da26bbda235ff2709bcda80682c3b7c39abd3939b894a3,8f789b7dff7b241529da26bbda235ff2709bcda80682c3b7c39abd3939b894a3,true,true
84,val-000084,keep,present_in_legacy_filtered_derivative,b6253b86a4bb0b5718deb6b3869c91f8fdd52bc4f7b53844b13b698d7faccfb1,b6253b86a4bb0b5718deb6b3869c91f8fdd52bc4f7b53844b13b698d7faccfb1,true,true
85,val-000085,keep,present_in_legacy_filtered_derivative,7854b2144c45011c7d41400544dc5b4bb4419a53e1d23bb006eec3f3edf426db,7854b2144c45011c7d41400544dc5b4bb4419a53e1d23bb006eec3f3edf426db,true,true
86,val-000086,keep,present_in_legacy_filtered_derivative,a85936eb42114c1e013fe44e598de648c39fe5d8dc7e8d320e5798c1bd6b97cd,7f4711b9fcde917a9fe4567744934d9e84ff746ea69a3c1b8030ad80998a363b,false,true
87,val-000087,keep,present_in_legacy_filtered_derivative,b3935695b8b05fbfa07d7f75fd43ee5f209f0973975eb009b67e547f9f18a83c,b3935695b8b05fbfa07d7f75fd43ee5f209f0973975eb009b67e547f9f18a83c,true,true
88,val-000088,keep,present_in_legacy_filtered_derivative,8d921bb20bae08d9cc071dea699a7fa358f8ceb4d5c04595b7ff7cfa4ea5e51d,8d921bb20bae08d9cc071dea699a7fa358f8ceb4d5c04595b7ff7cfa4ea5e51d,true,true
89,val-000089,keep,present_in_legacy_filtered_derivative,c2fd63bdfae667cba35aeefca1be39940e898d1ce552f74680816f7a9b943bbe,c2fd63bdfae667cba35aeefca1be39940e898d1ce552f74680816f7a9b943bbe,true,true
90,val-000090,keep,present_in_legacy_filtered_derivative,8f570e940a8ccec4eba20e7bcf966f675cb539213d64880a8192bb9882e8b4ea,8f570e940a8ccec4eba20e7bcf966f675cb539213d64880a8192bb9882e8b4ea,true,true
91,val-000091,keep,present_in_legacy_filtered_derivative,04a389ea576f8722fc089b57c143c7adb0ebb1ab21a8fe38bb353a599c1844ef,04a389ea576f8722fc089b57c143c7adb0ebb1ab21a8fe38bb353a599c1844ef,true,true
92,val-000092,keep,present_in_legacy_filtered_derivative,884a7d936631cebab476d5343b19863de030ba5333e399982c4a09ad3d0294c9,de4fb16aef263f64bcd2b2ec788e30e492a189a7bf639e4818de7c444b500d76,false,true
93,val-000093,keep,present_in_legacy_filtered_derivative,6a9f1dada517e0ce3a9aaabafa3e806c7d001f5dba00e0dc83973633951d18c6,6a9f1dada517e0ce3a9aaabafa3e806c7d001f5dba00e0dc83973633951d18c6,true,true
94,val-000094,keep,present_in_legacy_filtered_derivative,fef5fec99c85ebc394b4cadeddcb698e6ac94091716329b208daa4a0931104ac,fef5fec99c85ebc394b4cadeddcb698e6ac94091716329b208daa4a0931104ac,true,true
95,val-000095,keep,present_in_legacy_filtered_derivative,1d53bbd3bc4fbecbe83edd3313729eb9d45c2257891b7b6e9a0bbf535799693f,1d53bbd3bc4fbecbe83edd3313729eb9d45c2257891b7b6e9a0bbf535799693f,true,true
96,val-000096,keep,present_in_legacy_filtered_derivative,da08f4648cf4fc55e2c041626150f82c49aaa468f3b4f2ed8527b54af1886781,da08f4648cf4fc55e2c041626150f82c49aaa468f3b4f2ed8527b54af1886781,true,true
97,val-000097,exclude,absent_from_legacy_filtered_derivative; historical semantic reason unavailable,775deff038113048d134a2b10c81bc28ac782265ab43bf782c1085316057d02a,,,false
98,val-000098,keep,present_in_legacy_filtered_derivative,8aa3cd6b2af08f5d60b376f5b9ff6361a55eb47f0c02c3fff07c4c43e5445854,8aa3cd6b2af08f5d60b376f5b9ff6361a55eb47f0c02c3fff07c4c43e5445854,true,true
99,val-000099,keep,present_in_legacy_filtered_derivative,0e715e21fc64eb8f1c2848e5c828c69d71fd947f7a11e6bac24ca58dc8aa565a,0e715e21fc64eb8f1c2848e5c828c69d71fd947f7a11e6bac24ca58dc8aa565a,true,true
100,val-000100,exclude,absent_from_legacy_filtered_derivative; historical semantic reason unavailable,6f2cc819914c29f491b591f6b6920a58655ce9f42eb7a33126b2726f5cd5ffcd,,,false
101,val-000101,exclude,absent_from_legacy_filtered_derivative; historical semantic reason unavailable,db2076c185a59df20afcd70c938ea05a8d5363409dc102dd3243f9be918e2022,,,false
102,val-000102,keep,present_in_legacy_filtered_derivative,055111bc3dbe6d9c6f56f3b76514ccb88d7b3b7f6cf4551820cef03f2fa0e21b,055111bc3dbe6d9c6f56f3b76514ccb88d7b3b7f6cf4551820cef03f2fa0e21b,true,true
103,val-000103,keep,present_in_legacy_filtered_derivative,c2131ae6a87ed31a0dcfe1605f1bdfd72113e34f761bda1b5a2c40de19e15bd2,c2131ae6a87ed31a0dcfe1605f1bdfd72113e34f761bda1b5a2c40de19e15bd2,true,true
104,val-000104,keep,present_in_legacy_filtered_derivative,99ffb175731abd16c9ff14d96e252532e279e7b1b73cd3a2fe34cc2bef18ded3,99ffb175731abd16c9ff14d96e252532e279e7b1b73cd3a2fe34cc2bef18ded3,true,true
105,val-000105,keep,present_in_legacy_filtered_derivative,6b980e26be76d6aca4dfe4a4fe2a87b02006d2e3d0d211589b2ded9cdc3e910c,6b980e26be76d6aca4dfe4a4fe2a87b02006d2e3d0d211589b2ded9cdc3e910c,true,true
106,val-000106,keep,present_in_legacy_filtered_derivative,4cf2a72e97eb8b3bfa4f5dece50342055a905bfe5731f08d09684b3be76d7476,4cf2a72e97eb8b3bfa4f5dece50342055a905bfe5731f08d09684b3be76d7476,true,true
107,val-000107,exclude,absent_from_legacy_filtered_derivative; historical semantic reason unavailable,a300abbe3c652c48eed98d1d23947a8d630be72af2ccb8aa9cba83e37a907ae5,,,false
108,val-000108,keep,present_in_legacy_filtered_derivative,bbf0f8fdae1af44caa6477f0905ec8397bb1a427ea1e5ed05720438ea9b4d1dd,bbf0f8fdae1af44caa6477f0905ec8397bb1a427ea1e5ed05720438ea9b4d1dd,true,true
109,val-000109,keep,present_in_legacy_filtered_derivative,d68aaa7d01e734c49a5c75a72ec5820f8c59e12db800de7522b73745fc4f2934,d68aaa7d01e734c49a5c75a72ec5820f8c59e12db800de7522b73745fc4f2934,true,true
110,val-000110,keep,present_in_legacy_filtered_derivative,67a1a9c3707faf87ccf1452c1b9b7d6c51951e3b8efea2e80056fc2f642f346a,67a1a9c3707faf87ccf1452c1b9b7d6c51951e3b8efea2e80056fc2f642f346a,true,true
111,val-000111,keep,present_in_legacy_filtered_derivative,de065aba3a90d91f9dc072bb2a946640d54a82d7227d2f0a9365e2b89269cded,de065aba3a90d91f9dc072bb2a946640d54a82d7227d2f0a9365e2b89269cded,true,true
112,val-000112,keep,present_in_legacy_filtered_derivative,5677a5cbf13878d1ef2c7afe818175116f7246489d0293ce0d25c0325e874c20,5677a5cbf13878d1ef2c7afe818175116f7246489d0293ce0d25c0325e874c20,true,true
113,val-000113,keep,present_in_legacy_filtered_derivative,af54ce0d3fd516c623c60e78b8aecf6e07ed5720122cc26b0c6cae5b29a3975d,af54ce0d3fd516c623c60e78b8aecf6e07ed5720122cc26b0c6cae5b29a3975d,true,true
114,val-000114,keep,present_in_legacy_filtered_derivative,6a25d80aff5a36e50928ddc8ba284a677d335daea9afa0a1a5555b7eed3496ea,6a25d80aff5a36e50928ddc8ba284a677d335daea9afa0a1a5555b7eed3496ea,true,true
115,val-000115,keep,present_in_legacy_filtered_derivative,5e9d7c5809bc59633af6d2bc33d471046164baee1e9e01cdbadff3af127da46d,5e9d7c5809bc59633af6d2bc33d471046164baee1e9e01cdbadff3af127da46d,true,true
116,val-000116,keep,present_in_legacy_filtered_derivative,d67f5d00c3fe336e67de29e79e1f838f5d364becb2bb63d19b8c0e1a5455d66d,d67f5d00c3fe336e67de29e79e1f838f5d364becb2bb63d19b8c0e1a5455d66d,true,true
117,val-000117,keep,present_in_legacy_filtered_derivative,4a6fab8f110ca3b078dbf370553783aa9d3cca3664d458966b02fe226a3cb127,4a6fab8f110ca3b078dbf370553783aa9d3cca3664d458966b02fe226a3cb127,true,true
118,val-000118,keep,present_in_legacy_filtered_derivative,e1b4e49de7a0fa16abe0778c240f8e3457f35f794c19bb12d9e9fdbbe361667a,e1b4e49de7a0fa16abe0778c240f8e3457f35f794c19bb12d9e9fdbbe361667a,true,true
119,val-000119,exclude,absent_from_legacy_filtered_derivative; historical semantic reason unavailable,847f54e2c836f59ad5c4197ce8ebef1262c77b1a7e51010820e9426e7fefeecf,,,false
120,val-000120,keep,present_in_legacy_filtered_derivative,87045b34e836d37df27e9ef93ffd87a291c32e0c183397af59f1fcdc7deb3491,87045b34e836d37df27e9ef93ffd87a291c32e0c183397af59f1fcdc7deb3491,true,true
121,val-000121,exclude,absent_from_legacy_filtered_derivative; historical semantic reason unavailable,a34869795f164e6f4d897869d50958ea6c910f49dfd238fc4e9bb54981dcc693,,,false
122,val-000122,keep,present_in_legacy_filtered_derivative,d7517da0398990ee6abca4b38a5fac4b5365793354fc6b4352cbf6258d11fa73,d7517da0398990ee6abca4b38a5fac4b5365793354fc6b4352cbf6258d11fa73,true,true
123,val-000123,keep,present_in_legacy_filtered_derivative,fb3c67c57172e701f3148d3ee7ab2bdc86c0e28a6a3ac0b390e6e3aa9495d22d,fb3c67c57172e701f3148d3ee7ab2bdc86c0e28a6a3ac0b390e6e3aa9495d22d,true,true
124,val-000124,keep,present_in_legacy_filtered_derivative,5caf67bfbae32f936fa2623c1ffdd58cdf298a363d8a71c345315b5670a2b0ff,5caf67bfbae32f936fa2623c1ffdd58cdf298a363d8a71c345315b5670a2b0ff,true,true
125,val-000125,keep,present_in_legacy_filtered_derivative,9e36d9e1a259c2d8ea10d73888c54be55ad75b375cc788ff3c15c60768ddd77c,9e36d9e1a259c2d8ea10d73888c54be55ad75b375cc788ff3c15c60768ddd77c,true,true
126,val-000126,keep,present_in_legacy_filtered_derivative,d2619af52860c4d77f0227136448f13d9e7e5808156c03eafd22aef897c4ad4f,969cad96a288c6f0a068f53daa103c8377f814d2d09925c585900295c7d0f7a3,false,true
127,val-000127,keep,present_in_legacy_filtered_derivative,79d595fc1e1716cebd4ec97f74dcb1409032dc1413f66290c8ca682e89e74b0b,79d595fc1e1716cebd4ec97f74dcb1409032dc1413f66290c8ca682e89e74b0b,true,true
128,val-000128,keep,present_in_legacy_filtered_derivative,82574f5b204479c92f1c05f7111898e51177857814992ad2316d7011ff93f95d,82574f5b204479c92f1c05f7111898e51177857814992ad2316d7011ff93f95d,true,true
129,val-000129,keep,present_in_legacy_filtered_derivative,c217797184131c3689343afc8a0a3575523f01383c6c6eb7815bfa1efd603b86,c217797184131c3689343afc8a0a3575523f01383c6c6eb7815bfa1efd603b86,true,true
130,val-000130,keep,present_in_legacy_filtered_derivative,6833a3b129915d30a8bb48b74dd74d1f8f60fe2c9e3344f9947f67119e3c2dd7,6833a3b129915d30a8bb48b74dd74d1f8f60fe2c9e3344f9947f67119e3c2dd7,true,true
131,val-000131,keep,present_in_legacy_filtered_derivative,421dfb1f9d805445c03eddb3411cf3b5d9cbd639d666b3a68180475ff2452553,421dfb1f9d805445c03eddb3411cf3b5d9cbd639d666b3a68180475ff2452553,true,true
132,val-000132,keep,present_in_legacy_filtered_derivative,2477883051fc69612482bbc5a8215347faa10afc9623822b1f2e1e7c912328c3,9d1e03850d67b5d7d99ea4a6c964e7b2216624c956e43942a33022c663c67cea,false,true
133,val-000133,keep,present_in_legacy_filtered_derivative,0860486018925670f6737cdffc4b660b1459bc168483c9d618eaa32a1cfb453f,0860486018925670f6737cdffc4b660b1459bc168483c9d618eaa32a1cfb453f,true,true
134,val-000134,keep,present_in_legacy_filtered_derivative,6e00f4ecd5e7ad3a43296fff9d8af081bbeef4965d1803c4d9d06b37195170f8,3d7125cf74de39d8c96effe3031b16ea029fd5eac41ccbe89f770a7c6bb77f3f,false,true
135,val-000135,keep,present_in_legacy_filtered_derivative,609f5da6233734a0385e32c84d82b839ce93553119badff08c6adfcd89ba7d86,609f5da6233734a0385e32c84d82b839ce93553119badff08c6adfcd89ba7d86,true,true
136,val-000136,keep,present_in_legacy_filtered_derivative,3b423e1b9d3521e2bde1fc8fce0ad38171b2fbec305e98bf87bca8ff8bea4889,3b423e1b9d3521e2bde1fc8fce0ad38171b2fbec305e98bf87bca8ff8bea4889,true,true
137,val-000137,keep,present_in_legacy_filtered_derivative,ad5101fb7935480f60f22ba53a2821ab965f4f4844f51a60b66637bbcdbfa827,ad5101fb7935480f60f22ba53a2821ab965f4f4844f51a60b66637bbcdbfa827,true,true
138,val-000138,keep,present_in_legacy_filtered_derivative,5f15e07d7c71a165dc1f4795c4688ba6b646e5ee287c9a4b2e90bf54d09d9dc1,5f15e07d7c71a165dc1f4795c4688ba6b646e5ee287c9a4b2e90bf54d09d9dc1,true,true
139,val-000139,exclude,absent_from_legacy_filtered_derivative; historical semantic reason unavailable,cd84d89716244cd7bdf06be89c234a7f0f2889fc616e2a90c3ef3a84ca851f7f,,,false
140,val-000140,keep,present_in_legacy_filtered_derivative,aaec708d373bf3bd4ea6775d3cd4e1cc93430d1a3a94effc2931368be2740891,aaec708d373bf3bd4ea6775d3cd4e1cc93430d1a3a94effc2931368be2740891,true,true
141,val-000141,keep,present_in_legacy_filtered_derivative,6411dc1399b81b51103fd694fc9fa47a91e1c96b1fac44a69d8222889586c763,6411dc1399b81b51103fd694fc9fa47a91e1c96b1fac44a69d8222889586c763,true,true
142,val-000142,keep,present_in_legacy_filtered_derivative,6a901a5d0b8985021dd73962e31fd9b180d9e2bfde38ea7b6a13e1283b7668b0,6a901a5d0b8985021dd73962e31fd9b180d9e2bfde38ea7b6a13e1283b7668b0,true,true
143,val-000143,keep,present_in_legacy_filtered_derivative,879b5d525b5dde7875a9b7dc7a42b885f3c4568d696893a1f97342bd998c0a5b,879b5d525b5dde7875a9b7dc7a42b885f3c4568d696893a1f97342bd998c0a5b,true,true
144,val-000144,keep,present_in_legacy_filtered_derivative,e8c1a0f1c5af91d644f38807003021b9485ee8916a84a4a4aca345bae682b71b,e8c1a0f1c5af91d644f38807003021b9485ee8916a84a4a4aca345bae682b71b,true,true
145,val-000145,keep,present_in_legacy_filtered_derivative,c7a8705356332cfe6207cfd05810efd00726055ee234710120648ade96692879,c7a8705356332cfe6207cfd05810efd00726055ee234710120648ade96692879,true,true
146,val-000146,keep,present_in_legacy_filtered_derivative,a390bffd7dd7262b85fbf53e9f413db2ca2f2bf9cf7a706547ebbe49aaef8651,a390bffd7dd7262b85fbf53e9f413db2ca2f2bf9cf7a706547ebbe49aaef8651,true,true
147,val-000147,keep,present_in_legacy_filtered_derivative,f6fa8f9d318ca1a3915306921c8fdd8e7794c47eff919f0090b6e34f07a79c8f,f6fa8f9d318ca1a3915306921c8fdd8e7794c47eff919f0090b6e34f07a79c8f,true,true
148,val-000148,keep,present_in_legacy_filtered_derivative,2bb844d644bc8502be1e51dc139a1efea965eba62757480fddda066b00727478,2bb844d644bc8502be1e51dc139a1efea965eba62757480fddda066b00727478,true,true
149,val-000149,keep,present_in_legacy_filtered_derivative,9a33267e7b60bc3eb29d152e81bfe5868411d65cc9357c070c742b412a67ef59,9a33267e7b60bc3eb29d152e81bfe5868411d65cc9357c070c742b412a67ef59,true,true
150,val-000150,keep,present_in_legacy_filtered_derivative,5732582898f710917c1efff3f753fc5edd82cd2f20966c2ef9d0d92283c020ca,5732582898f710917c1efff3f753fc5edd82cd2f20966c2ef9d0d92283c020ca,true,true
151,val-000151,keep,present_in_legacy_filtered_derivative,81a5a68bcaa0f89c407a52f12d3a8e6ed519f436da902e4adb793fe7cbc0624f,81a5a68bcaa0f89c407a52f12d3a8e6ed519f436da902e4adb793fe7cbc0624f,true,true
152,val-000152,keep,present_in_legacy_filtered_derivative,d384d49256bfb94b2afe04e76e7947a8442789a5edac7d17e516c6b441120de0,d384d49256bfb94b2afe04e76e7947a8442789a5edac7d17e516c6b441120de0,true,true
153,val-000153,exclude,absent_from_legacy_filtered_derivative; historical semantic reason unavailable,37684ddc53db3823e35fca1f8d979aee657dfe2c0cf5d5fb9fe1d3b317b9545a,,,false
154,val-000154,exclude,absent_from_legacy_filtered_derivative; historical semantic reason unavailable,140372e0bc5757f89bfa5b67e67c3cfd83dc80292755dfa16eab54b6e49f0c42,,,false
155,val-000155,keep,present_in_legacy_filtered_derivative,1e1f15a4f98ff3cf54bcbbb5263f703deff6f0e7268b165b4efea0d986a207d0,1e1f15a4f98ff3cf54bcbbb5263f703deff6f0e7268b165b4efea0d986a207d0,true,true
156,val-000156,keep,present_in_legacy_filtered_derivative,a711567a6ce107d2d20bac8711dfe168f74fd1c1fb218a919ec9d84b8f063146,a711567a6ce107d2d20bac8711dfe168f74fd1c1fb218a919ec9d84b8f063146,true,true
157,val-000157,keep,present_in_legacy_filtered_derivative,2572b3a0da55401bb375402809737739b36655c8d2c1391485713de77899947c,2572b3a0da55401bb375402809737739b36655c8d2c1391485713de77899947c,true,true
158,val-000158,keep,present_in_legacy_filtered_derivative,6e8f5f16075cfc59f54e4ba5a89913975c5cbafb2c6b49e61bb0c5218102bf04,6e8f5f16075cfc59f54e4ba5a89913975c5cbafb2c6b49e61bb0c5218102bf04,true,true
159,val-000159,keep,present_in_legacy_filtered_derivative,891cc919e08fd44b13aa150b6dea30da7cab4d0e538179906b4bd1a6380ced3a,d17a140384cb3e8e7d95a28292d162e1f5da72d5db1003cdd5e6b8ef11709ce1,false,true
160,val-000160,keep,present_in_legacy_filtered_derivative,9d6030c88a165ceb3975a6bbb6eb4d60c751b2f18db9d93823d9d87abec3d539,9d6030c88a165ceb3975a6bbb6eb4d60c751b2f18db9d93823d9d87abec3d539,true,true
161,val-000161,exclude,absent_from_legacy_filtered_derivative; historical semantic reason unavailable,d80cd8aa727c9b70575715c47a5c2255a821e2c6c15096fbeaa4e43629ee3f3d,,,false
162,val-000162,keep,present_in_legacy_filtered_derivative,8e3f1bba76864e38f9af681bc56c3369b5f4bfe18b88903afd2a8e7cd6ba30b1,8e3f1bba76864e38f9af681bc56c3369b5f4bfe18b88903afd2a8e7cd6ba30b1,true,true
163,val-000163,exclude,absent_from_legacy_filtered_derivative; historical semantic reason unavailable,315aafbbcb0356ea73241154fb0d4b26c007804979ed1262b45b336f92452d7e,,,false
164,val-000164,keep,present_in_legacy_filtered_derivative,c600633e6eb4052b7dcca5027166527bc3b1bdfc731abb6deb07e28c1ca7a0cd,c600633e6eb4052b7dcca5027166527bc3b1bdfc731abb6deb07e28c1ca7a0cd,true,true
165,val-000165,keep,present_in_legacy_filtered_derivative,0517442c348775ce524e9135b3515b0a1c2c3166f04dfbb4a38f903f817d8a73,9a1cca15b2c5efd987ec6bbd597f295596755cd677ed173d1066d55e6bada67f,false,true
166,val-000166,keep,present_in_legacy_filtered_derivative,fcdaf6f97f78dfdac6999cf08254b12834d2e0dcea10f8be7e7a843f8cf18e6f,fcdaf6f97f78dfdac6999cf08254b12834d2e0dcea10f8be7e7a843f8cf18e6f,true,true
167,val-000167,keep,present_in_legacy_filtered_derivative,5b0027ffe1cc6461f70cd235828ae92e44d4192c4e739387186cd78fc55c170a,5b0027ffe1cc6461f70cd235828ae92e44d4192c4e739387186cd78fc55c170a,true,true
168,val-000168,keep,present_in_legacy_filtered_derivative,cc30f5d39e57aff73cd15ddf0a1b7facbd840d750edb5746bcaa281adad9b459,cc30f5d39e57aff73cd15ddf0a1b7facbd840d750edb5746bcaa281adad9b459,true,true
169,val-000169,keep,present_in_legacy_filtered_derivative,8f88a2d6e540c0cc79ab0167e515fac6c701f9797706e61cdbb01dbb7dcaadd0,8f88a2d6e540c0cc79ab0167e515fac6c701f9797706e61cdbb01dbb7dcaadd0,true,true
170,val-000170,exclude,absent_from_legacy_filtered_derivative; historical semantic reason unavailable,b0998183a1fa6c9fa15bcb89820acc9daeca7bb2996e0a5c218900b165401844,,,false
171,val-000171,keep,present_in_legacy_filtered_derivative,4f9deb470c4d5158b29c0da0cad433a75ac0ebdd48d524b49181a0d21851e902,4f9deb470c4d5158b29c0da0cad433a75ac0ebdd48d524b49181a0d21851e902,true,true
172,val-000172,exclude,absent_from_legacy_filtered_derivative; historical semantic reason unavailable,35c741a36889f5f9d0368eb3536353ae038f60b133f4bba57aaba975874fefd6,,,false
173,val-000173,keep,present_in_legacy_filtered_derivative,044387f68876e9970a8e194485220457dde556ca9df3037f7d58deb7cac729c2,044387f68876e9970a8e194485220457dde556ca9df3037f7d58deb7cac729c2,true,true
174,val-000174,keep,present_in_legacy_filtered_derivative,7fea205c53845c97a679fc59ad4695ecaf77538c0039a95edbf00d8f66bb912b,7fea205c53845c97a679fc59ad4695ecaf77538c0039a95edbf00d8f66bb912b,true,true
175,val-000175,keep,present_in_legacy_filtered_derivative,935543e2f26e8d642143ab7a53cc3eae46a440fa7cf2dee599dfa53eab1e44d1,935543e2f26e8d642143ab7a53cc3eae46a440fa7cf2dee599dfa53eab1e44d1,true,true
176,val-000176,keep,present_in_legacy_filtered_derivative,3284c8f9b10a82d443a40bad6e711aed318b2d7cc6030bf2b5b3e549cb75fd5f,3284c8f9b10a82d443a40bad6e711aed318b2d7cc6030bf2b5b3e549cb75fd5f,true,true
177,val-000177,keep,present_in_legacy_filtered_derivative,8eb7c4b919d99dd8745a4c27e3ee4721dfdc1e039cb3d6b123c79631ed5542f9,8eb7c4b919d99dd8745a4c27e3ee4721dfdc1e039cb3d6b123c79631ed5542f9,true,true
178,val-000178,keep,present_in_legacy_filtered_derivative,0fcb36158dce2d2938d8e9c3e7bbd05ba1e1909164137f1586ea0fad2e0f2405,0fcb36158dce2d2938d8e9c3e7bbd05ba1e1909164137f1586ea0fad2e0f2405,true,true
179,val-000179,keep,present_in_legacy_filtered_derivative,24bacfa580c4a81c6e9065504c7e415fe27d012376d80c8d3e7f5741166e7ae6,24bacfa580c4a81c6e9065504c7e415fe27d012376d80c8d3e7f5741166e7ae6,true,true
180,val-000180,exclude,absent_from_legacy_filtered_derivative; historical semantic reason unavailable,88ab9fa6376bcca5f1c734fa576b8f2d8e594d7cc28da08a68569abf9291da88,,,false
181,val-000181,keep,present_in_legacy_filtered_derivative,f81c6161d9c53ae75c685b16c0925dc0165c3ee34375c3a5b9f6c9d0bfa2ab7b,f81c6161d9c53ae75c685b16c0925dc0165c3ee34375c3a5b9f6c9d0bfa2ab7b,true,true
182,val-000182,keep,present_in_legacy_filtered_derivative,7bb001ea8050c9907350df7616aa0c5cd8e1c87e1af08cd489fef83aded31239,7bb001ea8050c9907350df7616aa0c5cd8e1c87e1af08cd489fef83aded31239,true,true
183,val-000183,keep,present_in_legacy_filtered_derivative,91d6afe51b941ac9db8488bd14137d373f899fcbd5b77e8d7cfa4cb96137640c,91d6afe51b941ac9db8488bd14137d373f899fcbd5b77e8d7cfa4cb96137640c,true,true
184,val-000184,exclude,absent_from_legacy_filtered_derivative; historical semantic reason unavailable,c4685b41a18cdda196071cfbb5d5e993aebef3c3fe0668b3750562ce0729e771,,,false
185,val-000185,keep,present_in_legacy_filtered_derivative,766cf0c3c69179c0f08169f4414da972b9d4e1b95f001e96ddff80690ca4e7e7,766cf0c3c69179c0f08169f4414da972b9d4e1b95f001e96ddff80690ca4e7e7,true,true
186,val-000186,keep,present_in_legacy_filtered_derivative,6333ac61d34b404ced715141e308acad6174ecb4e882964c0bbb32631c04d788,6333ac61d34b404ced715141e308acad6174ecb4e882964c0bbb32631c04d788,true,true
187,val-000187,keep,present_in_legacy_filtered_derivative,00d7397929526b2105a9ca0bc0c165ebac09376bb638db8b816bdf0711fe2df1,00d7397929526b2105a9ca0bc0c165ebac09376bb638db8b816bdf0711fe2df1,true,true
188,val-000188,exclude,absent_from_legacy_filtered_derivative; historical semantic reason unavailable,e141f220c229e9458919fb0ecd968042c8838d57fc346ce65dc880f977f4d44d,,,false
189,val-000189,keep,present_in_legacy_filtered_derivative,ab987e36d0e070941d2e522a09b8fa098e5a82554cc1b034fce1ee2030e7f204,ab987e36d0e070941d2e522a09b8fa098e5a82554cc1b034fce1ee2030e7f204,true,true
190,val-000190,keep,present_in_legacy_filtered_derivative,35c2f116847ecf5b30b2ca48eef0f80ebe5590a8c148a3d5aecc7b9bc0c4f125,35c2f116847ecf5b30b2ca48eef0f80ebe5590a8c148a3d5aecc7b9bc0c4f125,true,true
191,val-000191,keep,present_in_legacy_filtered_derivative,e9f0a40d44c4798564bc9853b57b83146dc3376da56657d98f87e0ca29077b40,e9f0a40d44c4798564bc9853b57b83146dc3376da56657d98f87e0ca29077b40,true,true
192,val-000192,keep,present_in_legacy_filtered_derivative,b5c42eaf2566a9e9ef0801d8d1691d80517156a06493a822d2073ed3239ebffa,b5c42eaf2566a9e9ef0801d8d1691d80517156a06493a822d2073ed3239ebffa,true,true
193,val-000193,keep,present_in_legacy_filtered_derivative,6648427c1612cf7eaa4e6cf380109a1ed14f7be8c305ae368b9d303b96dd7ee5,6648427c1612cf7eaa4e6cf380109a1ed14f7be8c305ae368b9d303b96dd7ee5,true,true
194,val-000194,keep,present_in_legacy_filtered_derivative,35ef85ece5b934b08dd6d977d05c043e426188bb648df7501aefcfff168f36f2,35ef85ece5b934b08dd6d977d05c043e426188bb648df7501aefcfff168f36f2,true,true
195,val-000195,exclude,absent_from_legacy_filtered_derivative; historical semantic reason unavailable,8d74679c567abe46447539f3071b3b33ae169b1c27feb2ec732c6390cbffb0c9,,,false
196,val-000196,keep,present_in_legacy_filtered_derivative,b98d2be3577a7eaf733584e1e6787c4ce225c1a324b9429e181a404101cda1c4,b98d2be3577a7eaf733584e1e6787c4ce225c1a324b9429e181a404101cda1c4,true,true
197,val-000197,keep,present_in_legacy_filtered_derivative,6710fc83e60aca754f988ee29df093f21bef44b7019c137c6320573c88e04fa3,6710fc83e60aca754f988ee29df093f21bef44b7019c137c6320573c88e04fa3,true,true
198,val-000198,keep,present_in_legacy_filtered_derivative,a4c270190e10df3dc5be4ce4d934e665b05cbf7636e7ac720e6e35f0c3b7c0e9,a4c270190e10df3dc5be4ce4d934e665b05cbf7636e7ac720e6e35f0c3b7c0e9,true,true
199,val-000199,keep,present_in_legacy_filtered_derivative,90348f670cd26e68daffd19efca371bc12920f688ea61cd9473b1dfba58e6f10,90348f670cd26e68daffd19efca371bc12920f688ea61cd9473b1dfba58e6f10,true,true
200,val-000200,keep,present_in_legacy_filtered_derivative,f9561a1085d486af4f8837ffe2bcad1d4748a6e7360f1d53634f484dd9289ba6,f9561a1085d486af4f8837ffe2bcad1d4748a6e7360f1d53634f484dd9289ba6,true,true
201,val-000201,exclude,absent_from_legacy_filtered_derivative; historical semantic reason unavailable,622479be0de6e0f86e3a7c10c263c1a0799c8cb12dfcfc83baafa2eadb56ce2d,,,false
202,val-000202,keep,present_in_legacy_filtered_derivative,5a7bba5d6c9f146f774cdfd7884b93f6c8cad696f03d4a74870ec7a86f6d1be1,5a7bba5d6c9f146f774cdfd7884b93f6c8cad696f03d4a74870ec7a86f6d1be1,true,true
203,val-000203,keep,present_in_legacy_filtered_derivative,02bc187df3163b1f5ca8ed734adc59c96b4ce64b0e927c7c298697d58adc7b5e,02bc187df3163b1f5ca8ed734adc59c96b4ce64b0e927c7c298697d58adc7b5e,true,true
204,val-000204,exclude,absent_from_legacy_filtered_derivative; historical semantic reason unavailable,be0f785a83001639fd94a43143957d7b55017f57c387c186f8736e8283200bb8,,,false
205,val-000205,keep,present_in_legacy_filtered_derivative,8e13f27c2870663a353280ae6ca6cfa81e78934fa7b87bffa8aa617b1f34578c,8e13f27c2870663a353280ae6ca6cfa81e78934fa7b87bffa8aa617b1f34578c,true,true
206,val-000206,keep,present_in_legacy_filtered_derivative,41d94a54614caa082bf626ee743aa818ef25a3755ff71fb04f8300c164ff80ed,41d94a54614caa082bf626ee743aa818ef25a3755ff71fb04f8300c164ff80ed,true,true
207,val-000207,keep,present_in_legacy_filtered_derivative,a0fd6ac98a0076b1e0829ee88bbc62a7ee937e90c1a9253e1d041995af1de624,a0fd6ac98a0076b1e0829ee88bbc62a7ee937e90c1a9253e1d041995af1de624,true,true
208,val-000208,keep,present_in_legacy_filtered_derivative,c820c3a1c59251f046076f84c65c6c6ddff4b9821c5f64c61cb21a217936e2ce,c820c3a1c59251f046076f84c65c6c6ddff4b9821c5f64c61cb21a217936e2ce,true,true
209,val-000209,keep,present_in_legacy_filtered_derivative,0f0e3baf25b8bba0ebd8dec197257c915a486dfdb7ca03c8f163b1cdafdbecd0,0f0e3baf25b8bba0ebd8dec197257c915a486dfdb7ca03c8f163b1cdafdbecd0,true,true
210,val-000210,keep,present_in_legacy_filtered_derivative,27945e76c25ca56a9e6e79f7d979c7543ebaebfae6f883ff4060684ff74c2aff,27945e76c25ca56a9e6e79f7d979c7543ebaebfae6f883ff4060684ff74c2aff,true,true
211,val-000211,keep,present_in_legacy_filtered_derivative,2d73c5631808f9c33d9b9f351fe6edbe95656b5357bcac2c69069ae89e5173c9,2d73c5631808f9c33d9b9f351fe6edbe95656b5357bcac2c69069ae89e5173c9,true,true
212,val-000212,keep,present_in_legacy_filtered_derivative,3e5f3650d9655772010d47da193fd3acc64f44dcd79c7a68f043339ed69403bd,25365407df6eed1b48f9fce9465be330c414285c6ce42b6bf4efab2b4d99b105,false,true
213,val-000213,exclude,absent_from_legacy_filtered_derivative; historical semantic reason unavailable,3735ffc7bef98f3b2c5bff814c02b9df55fb619221891b33c827c6205fbaae08,,,false
214,val-000214,keep,present_in_legacy_filtered_derivative,c0eb3dfb3e7193329cacd23598cfc8d901b10caa45243375badaca7d7bf09fe3,c0eb3dfb3e7193329cacd23598cfc8d901b10caa45243375badaca7d7bf09fe3,true,true
215,val-000215,keep,present_in_legacy_filtered_derivative,e0b9427a40b19e0a64355dcb8bd3c342899480171f6ae4eeb137bc8dc122fc01,e0b9427a40b19e0a64355dcb8bd3c342899480171f6ae4eeb137bc8dc122fc01,true,true
216,val-000216,exclude,absent_from_legacy_filtered_derivative; historical semantic reason unavailable,213b0db4bc4af23804f76d3ed4830bd32c908034b891c4512e06facb43d1de72,,,false
217,val-000217,keep,present_in_legacy_filtered_derivative,185ecbe78322266fd7b44fdf739462da8e6effbc9822e6fbe25028f4aeab9a05,185ecbe78322266fd7b44fdf739462da8e6effbc9822e6fbe25028f4aeab9a05,true,true
218,val-000218,keep,present_in_legacy_filtered_derivative,37d7d03a22c49a64cd8e52ee64b532974bd7509fd42f20c52ba9a6f08b3575d0,37d7d03a22c49a64cd8e52ee64b532974bd7509fd42f20c52ba9a6f08b3575d0,true,true
219,val-000219,exclude,absent_from_legacy_filtered_derivative; historical semantic reason unavailable,36cb5a744f4cf1b606f10849561283483ee6eb0043256b587e086d0580e4d45f,,,false
220,val-000220,keep,present_in_legacy_filtered_derivative,4a4147fa0024ff4ae0345efe5ea6ee18e00b5c3d1cd47ab1b44a92c24442633e,4a4147fa0024ff4ae0345efe5ea6ee18e00b5c3d1cd47ab1b44a92c24442633e,true,true
221,val-000221,keep,present_in_legacy_filtered_derivative,dba87b0e7a469a5960ff6b6f9ab71cebbdff761ac5a95c56136e28011d2bfa86,dba87b0e7a469a5960ff6b6f9ab71cebbdff761ac5a95c56136e28011d2bfa86,true,true
222,val-000222,keep,present_in_legacy_filtered_derivative,c4bd2a2a70f6a999378f155b8f53a45f892adb2a37307c6e609a68a30069726c,c4bd2a2a70f6a999378f155b8f53a45f892adb2a37307c6e609a68a30069726c,true,true
223,val-000223,keep,present_in_legacy_filtered_derivative,55348153f1a1b81addeae9f1a883348d73ea172f154ebc3030d84ae668e01316,55348153f1a1b81addeae9f1a883348d73ea172f154ebc3030d84ae668e01316,true,true
224,val-000224,keep,present_in_legacy_filtered_derivative,9fc2936adc97b00ce1633814d94b44c5fc03a5120ce19293aeb25c97fe8387c9,9fc2936adc97b00ce1633814d94b44c5fc03a5120ce19293aeb25c97fe8387c9,true,true
225,val-000225,keep,present_in_legacy_filtered_derivative,bf0e54d1dc98005f60a549c3287dd8445968147ef0fe63dab26bb2d9db1ddfd1,bf0e54d1dc98005f60a549c3287dd8445968147ef0fe63dab26bb2d9db1ddfd1,true,true
226,val-000226,keep,present_in_legacy_filtered_derivative,9b0f500a961f9ef7ea8e54e1dfdfd9d65022c38b77abac3af9e39250b4fc2ec4,9b0f500a961f9ef7ea8e54e1dfdfd9d65022c38b77abac3af9e39250b4fc2ec4,true,true
227,val-000227,keep,present_in_legacy_filtered_derivative,86562014e0d604d69c2aab8771342554155e831a47e3b1fa6f6696e93fb2c452,86562014e0d604d69c2aab8771342554155e831a47e3b1fa6f6696e93fb2c452,true,true
228,val-000228,keep,present_in_legacy_filtered_derivative,75efb5b6df51eaa7b2b781c072e481119c8765245c1915596aeace6ad0a62092,75efb5b6df51eaa7b2b781c072e481119c8765245c1915596aeace6ad0a62092,true,true
229,val-000229,keep,present_in_legacy_filtered_derivative,b1aa1998ad7301667c3ab2b6957b6c36a558a40a733ff9577396c29734fd43f1,b1aa1998ad7301667c3ab2b6957b6c36a558a40a733ff9577396c29734fd43f1,true,true
230,val-000230,keep,present_in_legacy_filtered_derivative,fc049b1258db27fbb7170dde6cc5fcba576522ac6f606fb58defd1411841a245,fc049b1258db27fbb7170dde6cc5fcba576522ac6f606fb58defd1411841a245,true,true
231,val-000231,keep,present_in_legacy_filtered_derivative,f57238043d98104e6d087c671497ea0d427e5dae383d4eefa734b1b1357d5d2b,f57238043d98104e6d087c671497ea0d427e5dae383d4eefa734b1b1357d5d2b,true,true
232,val-000232,keep,present_in_legacy_filtered_derivative,e546a44afb31a3fbbb927600046c8dba6e59535912b086b027a466c3b65356b5,e546a44afb31a3fbbb927600046c8dba6e59535912b086b027a466c3b65356b5,true,true
233,val-000233,keep,present_in_legacy_filtered_derivative,41061160a62df06fc3797150d515a73070554ece1a534003441c04790f2c1c89,41061160a62df06fc3797150d515a73070554ece1a534003441c04790f2c1c89,true,true
234,val-000234,keep,present_in_legacy_filtered_derivative,349bd019fcfac54671fa7e28471f34a943a2a645c14728ffe982d5aabb39cc6a,349bd019fcfac54671fa7e28471f34a943a2a645c14728ffe982d5aabb39cc6a,true,true
235,val-000235,exclude,absent_from_legacy_filtered_derivative; historical semantic reason unavailable,995600fc8529733b1b2d1d4da7b358971481d074fc4db0b731333b9edab5efac,,,false
236,val-000236,exclude,absent_from_legacy_filtered_derivative; historical semantic reason unavailable,eeeee58adc33b8a7a1b800cb45e8297c70a4fc2a9ee68206fd881b6825080bb7,,,false
237,val-000237,keep,present_in_legacy_filtered_derivative,7ef55515a6fda96eacc151066b924a61c3a85560505a18371627e843d7797b80,7ef55515a6fda96eacc151066b924a61c3a85560505a18371627e843d7797b80,true,true
238,val-000238,keep,present_in_legacy_filtered_derivative,2b8d98e80b9ef5b840e3f1dc8cdbfd9013d650b9d56b99066c24a35b9ce2cd7a,2b8d98e80b9ef5b840e3f1dc8cdbfd9013d650b9d56b99066c24a35b9ce2cd7a,true,true
239,val-000239,keep,present_in_legacy_filtered_derivative,8e1f9c6f39dd5bd2624f9e27d54ed21f5017dc924ba136a033641ec7007154c6,8e1f9c6f39dd5bd2624f9e27d54ed21f5017dc924ba136a033641ec7007154c6,true,true
240,val-000240,keep,present_in_legacy_filtered_derivative,f7c6f06989270b5c25b3d8a1cb442b05a89ce446c3a6cfe2964e23fd0c9eedfc,2329b48f775b0417ec9d2f43cf4be52078073e179b51f7fabdae0262f384590d,false,true
241,val-000241,keep,present_in_legacy_filtered_derivative,3729b741ed20e6b2b7ceb29932a8ee2f9c77578a5be6364716f12fc1ec36f960,3729b741ed20e6b2b7ceb29932a8ee2f9c77578a5be6364716f12fc1ec36f960,true,true
242,val-000242,keep,present_in_legacy_filtered_derivative,c5b5b8b37f9ec761022d82dabd7bfde3c4d28526306c4408e51909e40e04274d,c5b5b8b37f9ec761022d82dabd7bfde3c4d28526306c4408e51909e40e04274d,true,true
243,val-000243,keep,present_in_legacy_filtered_derivative,1c85dcdc658a26ed15ed1d2311ecc89842e97cec9220078492532e9e93653ce0,1c85dcdc658a26ed15ed1d2311ecc89842e97cec9220078492532e9e93653ce0,true,true
244,val-000244,keep,present_in_legacy_filtered_derivative,919fcee622ebb563efd55475c5546115eecefa6471571cec3056f42728d5a4da,919fcee622ebb563efd55475c5546115eecefa6471571cec3056f42728d5a4da,true,true
245,val-000245,exclude,absent_from_legacy_filtered_derivative; historical semantic reason unavailable,f6322c1b3405aedd45542efe595da38640b32bc763b9c8ec8ee74b90c9bdc4e1,,,false
246,val-000246,keep,present_in_legacy_filtered_derivative,fe379e4c2c687a5c0b3c8da00fa8b3ea593c8d3c928952a862bff528f988f3b0,fe379e4c2c687a5c0b3c8da00fa8b3ea593c8d3c928952a862bff528f988f3b0,true,true
247,val-000247,keep,present_in_legacy_filtered_derivative,3365430d729929ed507fdaab13ec2369171449ad046ff876e8304117f4ec3416,3365430d729929ed507fdaab13ec2369171449ad046ff876e8304117f4ec3416,true,true
248,val-000248,keep,present_in_legacy_filtered_derivative,949ba9b6e4bab39b1a72f399a6f18745e755705ff057c9bd0488ab5868b38e65,eaa9fdce64536702cfa996b8bdc5e3e17156d4a174283152161a9edc07f96f58,false,true
249,val-000249,keep,present_in_legacy_filtered_derivative,d97272d2652ff2051c44ba81fd81aeb4c840f933af3ff6cecf4ff84fd1b74851,d97272d2652ff2051c44ba81fd81aeb4c840f933af3ff6cecf4ff84fd1b74851,true,true
250,val-000250,keep,present_in_legacy_filtered_derivative,97df28235f92bc52fea092f2d82350d3e3e8cce5d3443d64932f8c8c33e224c9,97df28235f92bc52fea092f2d82350d3e3e8cce5d3443d64932f8c8c33e224c9,true,true
251,val-000251,keep,present_in_legacy_filtered_derivative,003f89cfee7dc8782aedeade09359ed7a68394b7597d476b1ece2243129d40ea,003f89cfee7dc8782aedeade09359ed7a68394b7597d476b1ece2243129d40ea,true,true
252,val-000252,keep,present_in_legacy_filtered_derivative,9519bdb9392b9a873ec4b000fe13c7c5c0d8e86388069c584ee034b7929e6735,9519bdb9392b9a873ec4b000fe13c7c5c0d8e86388069c584ee034b7929e6735,true,true
253,val-000253,keep,present_in_legacy_filtered_derivative,4cfb2a4e1ba08e8bfaaa8e1afd7a7132b0b395e971a5757944ce42ab91164440,4cfb2a4e1ba08e8bfaaa8e1afd7a7132b0b395e971a5757944ce42ab91164440,true,true
254,val-000254,keep,present_in_legacy_filtered_derivative,bb0a099493e94ec612559ca7ac918c7f46ed5e70613d495463165bd3613b0574,bb0a099493e94ec612559ca7ac918c7f46ed5e70613d495463165bd3613b0574,true,true
255,val-000255,exclude,absent_from_legacy_filtered_derivative; historical semantic reason unavailable,7bc21f25ed8e800fe2d98583ab0cb4c5dc46f57e3e170c2ecf0832476cc25df2,,,false
256,val-000256,keep,present_in_legacy_filtered_derivative,e8dd4c3c62d40336e6ff29d52386aed14d8ab7c15b22faf1c8f64857b958eb8c,e8dd4c3c62d40336e6ff29d52386aed14d8ab7c15b22faf1c8f64857b958eb8c,true,true
257,val-000257,keep,present_in_legacy_filtered_derivative,02166b19d9c20a935e9198c79d5e9d84eda1fd8e3468d39dd03e111e97a55770,02166b19d9c20a935e9198c79d5e9d84eda1fd8e3468d39dd03e111e97a55770,true,true
258,val-000258,keep,present_in_legacy_filtered_derivative,e1d997ee7aeac8d255da01424393f5944b18b626b8f107952f4405767354466b,e1d997ee7aeac8d255da01424393f5944b18b626b8f107952f4405767354466b,true,true
259,val-000259,keep,present_in_legacy_filtered_derivative,881b81093bdcccd5718457cd4b71afcf5dc9d0e21aeb82920671d1c2ecef5d79,881b81093bdcccd5718457cd4b71afcf5dc9d0e21aeb82920671d1c2ecef5d79,true,true
260,val-000260,keep,present_in_legacy_filtered_derivative,ce7f91a084396d24f377b55ccd72586fadfaeee4b783e7194be8882e50ee8a56,ce7f91a084396d24f377b55ccd72586fadfaeee4b783e7194be8882e50ee8a56,true,true
261,val-000261,exclude,absent_from_legacy_filtered_derivative; historical semantic reason unavailable,09974cc287841c3b4fe9287ab791a3a9c5acb99713dbdacfa3ac5b6c7824686e,,,false
262,val-000262,keep,present_in_legacy_filtered_derivative,2c098cde528f949ddcf6796e07993ed5502668f0161de15024ae720ab1515cd3,2c098cde528f949ddcf6796e07993ed5502668f0161de15024ae720ab1515cd3,true,true
263,val-000263,exclude,absent_from_legacy_filtered_derivative; historical semantic reason unavailable,3025a60f7de740526745fb3d6f5894f519c4ab7e24b36f447cd3faa204e4062c,,,false
264,val-000264,keep,present_in_legacy_filtered_derivative,dd5cf68e5a5009f40d5e22cde4319eb45dba40c9a2a59dbbd30b6aecac6d04c9,dd5cf68e5a5009f40d5e22cde4319eb45dba40c9a2a59dbbd30b6aecac6d04c9,true,true
265,val-000265,keep,present_in_legacy_filtered_derivative,0a1df34b8f6056e4b24b39d3541f9da8ca0ff44088cc3a11a335589c9e9867cc,0a1df34b8f6056e4b24b39d3541f9da8ca0ff44088cc3a11a335589c9e9867cc,true,true
266,val-000266,keep,present_in_legacy_filtered_derivative,5a16c3569286dd3922bb639ea5768d5830210575df987bb7b501ae3bdd9a3d60,5a16c3569286dd3922bb639ea5768d5830210575df987bb7b501ae3bdd9a3d60,true,true
267,val-000267,keep,present_in_legacy_filtered_derivative,c4b487eab4901caa88a3dd295ac6361118a3705648c555787b8da82bf5cf077a,c4b487eab4901caa88a3dd295ac6361118a3705648c555787b8da82bf5cf077a,true,true
268,val-000268,keep,present_in_legacy_filtered_derivative,656685134e4b030e0ca80ebf47b45b825383fe4b727ae02200731677a62a4347,656685134e4b030e0ca80ebf47b45b825383fe4b727ae02200731677a62a4347,true,true
269,val-000269,keep,present_in_legacy_filtered_derivative,5393c5f91d357234a30cfa1d4607844cb79dc477d5d48f393dc7f51846abe061,5393c5f91d357234a30cfa1d4607844cb79dc477d5d48f393dc7f51846abe061,true,true
270,val-000270,keep,present_in_legacy_filtered_derivative,b9285e14b2edadbfba349947ac59639f986fc64aa51e151e4b7429390ee04797,b9285e14b2edadbfba349947ac59639f986fc64aa51e151e4b7429390ee04797,true,true
271,val-000271,keep,present_in_legacy_filtered_derivative,6a0f7dbfdde61bb39414964e38c984a0c15abf98a356ad500140cebbb9492536,6a0f7dbfdde61bb39414964e38c984a0c15abf98a356ad500140cebbb9492536,true,true
272,val-000272,keep,present_in_legacy_filtered_derivative,eef05288b87d8dd61c068eac059df895849e5b274112786d070b48f52449c0e4,eef05288b87d8dd61c068eac059df895849e5b274112786d070b48f52449c0e4,true,true
273,val-000273,keep,present_in_legacy_filtered_derivative,eea4a5d5c591828f19f9cfebd5b4ffe109695cbf1509a4c7d8e75fe854b18935,eea4a5d5c591828f19f9cfebd5b4ffe109695cbf1509a4c7d8e75fe854b18935,true,true
274,val-000274,keep,present_in_legacy_filtered_derivative,ac8c88f631085e9aed21823e1955e048a7c1ede37ac6db418a4ff621d357799b,ac8c88f631085e9aed21823e1955e048a7c1ede37ac6db418a4ff621d357799b,true,true
275,val-000275,keep,present_in_legacy_filtered_derivative,885bf2f39d13cb0eac4031ad98c98da65f0bade41006abb0bf32420db905700a,885bf2f39d13cb0eac4031ad98c98da65f0bade41006abb0bf32420db905700a,true,true
276,val-000276,keep,present_in_legacy_filtered_derivative,0672b03889ec78d51f29a2180654f0431eb3ad3904fbcc31dca2999a3e4bd8ac,0672b03889ec78d51f29a2180654f0431eb3ad3904fbcc31dca2999a3e4bd8ac,true,true
277,val-000277,keep,present_in_legacy_filtered_derivative,23b4b5099ff1c7098b369fe5a93c45d10855599941e69d40ac659ecd88501e0a,23b4b5099ff1c7098b369fe5a93c45d10855599941e69d40ac659ecd88501e0a,true,true
278,val-000278,keep,present_in_legacy_filtered_derivative,40bbd7365531691a0146d9381884134ca4bc9a4cfd261344add8910d06275e1e,40bbd7365531691a0146d9381884134ca4bc9a4cfd261344add8910d06275e1e,true,true
279,val-000279,keep,present_in_legacy_filtered_derivative,754148f18d38d9d80f320b3e5b82c229c7ae67a9b6620da0c4f95dd0c9547c1c,754148f18d38d9d80f320b3e5b82c229c7ae67a9b6620da0c4f95dd0c9547c1c,true,true
280,val-000280,keep,present_in_legacy_filtered_derivative,c3035a55a22619f743421a5a100e93e34ecc687c09debdb6c3d9625312c08f5f,c3035a55a22619f743421a5a100e93e34ecc687c09debdb6c3d9625312c08f5f,true,true
281,val-000281,keep,present_in_legacy_filtered_derivative,f66219348e19a84d8eb4b01acb599571857655e2624a99b7e8e5eb8b398d0c4d,f66219348e19a84d8eb4b01acb599571857655e2624a99b7e8e5eb8b398d0c4d,true,true
282,val-000282,keep,present_in_legacy_filtered_derivative,e82f3de50effa3c4322c8dbaeda23048a444aefd8cbfa5d768d1429d493885bf,e82f3de50effa3c4322c8dbaeda23048a444aefd8cbfa5d768d1429d493885bf,true,true
283,val-000283,keep,present_in_legacy_filtered_derivative,af0ee2b16ed80c72c8a3c85181b0d07d32d65685df9fbedaca98a5a6839ab60e,af0ee2b16ed80c72c8a3c85181b0d07d32d65685df9fbedaca98a5a6839ab60e,true,true
284,val-000284,keep,present_in_legacy_filtered_derivative,8c8601e522c7af5b927c0b5f293d3550980381d455914867730a84915c69b9f3,8c8601e522c7af5b927c0b5f293d3550980381d455914867730a84915c69b9f3,true,true
285,val-000285,keep,present_in_legacy_filtered_derivative,fb03c3c0549ae22a09fb52c86883e17d690206e6a63eb4653514e8cd80515370,fb03c3c0549ae22a09fb52c86883e17d690206e6a63eb4653514e8cd80515370,true,true
286,val-000286,keep,present_in_legacy_filtered_derivative,42d313f2da06ad787a224165792392927618a5eaa8af18e294ef4d1ea464be9a,42d313f2da06ad787a224165792392927618a5eaa8af18e294ef4d1ea464be9a,true,true
287,val-000287,exclude,absent_from_legacy_filtered_derivative; historical semantic reason unavailable,ec960fe8960e250c655657de7eaeda49b08f5c069be1a7e063f1e46c2b766bb9,,,false
288,val-000288,keep,present_in_legacy_filtered_derivative,18993042fd12a048c6c89c5a6b30af5949cf15fdcff5bb58a4e43a8ae833f783,18993042fd12a048c6c89c5a6b30af5949cf15fdcff5bb58a4e43a8ae833f783,true,true
289,val-000289,exclude,absent_from_legacy_filtered_derivative; historical semantic reason unavailable,c26e1d6d21c5bb69da2f7c8e2ddd413435fa0ba70c1f80bfe7a9992d457dbe4b,,,false
290,val-000290,exclude,absent_from_legacy_filtered_derivative; historical semantic reason unavailable,17191c18c15b4314524b436c4142d343fcbd7dea7f4c3ddc64a3c4c085b7e336,,,false
291,val-000291,keep,present_in_legacy_filtered_derivative,7daf88f8b532012981d5c518e861e7680f2c4e2609cb14ba23493630f723388a,9be36283dcd3bd3de64c4b4909e677c234018878198689b02b25e08c9c5731c1,false,true
292,val-000292,keep,present_in_legacy_filtered_derivative,0acaa6b94a197c687457a9eef8d0179a9dfc6e5b862d4eb1f445d1f8e2a511de,0acaa6b94a197c687457a9eef8d0179a9dfc6e5b862d4eb1f445d1f8e2a511de,true,true
293,val-000293,exclude,absent_from_legacy_filtered_derivative; historical semantic reason unavailable,c8c8c04ea4a4546dc0d5f4293ca305d0a56214971a515e7d792f9414099acea4,,,false
294,val-000294,keep,present_in_legacy_filtered_derivative,81d9f1f2f385a753a5be07bc38d7be34ff7fad79efb99c91705e08298d8dfa30,4b9fe8ac8c549e189b0534a6f56b30cd81d4288cb43b6c5f8cc2883a055fd4d1,false,true
295,val-000295,exclude,absent_from_legacy_filtered_derivative; historical semantic reason unavailable,1bc18fa4918a0dc56f9725ab93bf86498613292badf34a1924dd2a1196a6ffd6,,,false
296,val-000296,keep,present_in_legacy_filtered_derivative,eca24fc42bc3c21ffce1921c5589492b0a329b32ffd41fb4c581f9592c976cd3,eca24fc42bc3c21ffce1921c5589492b0a329b32ffd41fb4c581f9592c976cd3,true,true
297,val-000297,keep,present_in_legacy_filtered_derivative,2260f67810ff6a33b9d4b99186fed909be908cd96306d513fbf829cf4c4bfd45,2260f67810ff6a33b9d4b99186fed909be908cd96306d513fbf829cf4c4bfd45,true,true
298,val-000298,keep,present_in_legacy_filtered_derivative,65a55bc0c16200440b69c4cef6334f0a33798b1fd5a1c079300911ebccb75a06,65a55bc0c16200440b69c4cef6334f0a33798b1fd5a1c079300911ebccb75a06,true,true
299,val-000299,keep,present_in_legacy_filtered_derivative,87f4f12a9f7e7f36ac0b51cd5b3225720e2d5791e5207ab64a51034575895a2f,87f4f12a9f7e7f36ac0b51cd5b3225720e2d5791e5207ab64a51034575895a2f,true,true
300,val-000300,keep,present_in_legacy_filtered_derivative,ee97887077edd0f81accde3d6be0d3811c02cc4ecc90fbd0e295e15d4b541cb1,ee97887077edd0f81accde3d6be0d3811c02cc4ecc90fbd0e295e15d4b541cb1,true,true
301,val-000301,keep,present_in_legacy_filtered_derivative,f221c1c43ceb867f8aeb84b3545f31d7da5cec99d054e0dc94d371190139694c,f221c1c43ceb867f8aeb84b3545f31d7da5cec99d054e0dc94d371190139694c,true,true
302,val-000302,keep,present_in_legacy_filtered_derivative,7d66def2cbb2ce642e5962075285dc6b22dd4cfe3129baf1f8905375c5fd9be5,7d66def2cbb2ce642e5962075285dc6b22dd4cfe3129baf1f8905375c5fd9be5,true,true
303,val-000303,keep,present_in_legacy_filtered_derivative,b699a03d75e777b8f35a74f73169f88cfc033cf0a50539470ae1c5d8cd76453e,b699a03d75e777b8f35a74f73169f88cfc033cf0a50539470ae1c5d8cd76453e,true,true
304,val-000304,keep,present_in_legacy_filtered_derivative,4de6b97ff8131982406b548eb36cb56e94b23a198184fcda7439461365a09ab5,4de6b97ff8131982406b548eb36cb56e94b23a198184fcda7439461365a09ab5,true,true
305,val-000305,keep,present_in_legacy_filtered_derivative,bd60813d99d7e1522fc59145add9a7ec621e901b6e1e902ac5a1546a80ba7d6e,bd60813d99d7e1522fc59145add9a7ec621e901b6e1e902ac5a1546a80ba7d6e,true,true
306,val-000306,keep,present_in_legacy_filtered_derivative,b5c675a6d7b14e7d37adb49790412fc5fcf55841a0c2dbdfc5167b43eb656ccd,b5c675a6d7b14e7d37adb49790412fc5fcf55841a0c2dbdfc5167b43eb656ccd,true,true
307,val-000307,keep,present_in_legacy_filtered_derivative,deb57f72536f8a2e878c008133dcbad34d36809e2b9f6a6e33a1e2aa06e15375,deb57f72536f8a2e878c008133dcbad34d36809e2b9f6a6e33a1e2aa06e15375,true,true
308,val-000308,keep,present_in_legacy_filtered_derivative,6eb7545a5456c2d09f4ccc0540cae8c4755bd2ef6b19afa0572988a941819133,6eb7545a5456c2d09f4ccc0540cae8c4755bd2ef6b19afa0572988a941819133,true,true
309,val-000309,keep,present_in_legacy_filtered_derivative,14039cef2af6104b4fdfe230c2977220d54d29717bc45f566aeecfc4e678506f,14039cef2af6104b4fdfe230c2977220d54d29717bc45f566aeecfc4e678506f,true,true
310,val-000310,keep,present_in_legacy_filtered_derivative,8101a6bb9957c2b3807c45eafc04796634d23449ac99d0d9a7256f47b5ecaf68,8101a6bb9957c2b3807c45eafc04796634d23449ac99d0d9a7256f47b5ecaf68,true,true
311,val-000311,keep,present_in_legacy_filtered_derivative,4cb515b2b635d93f799d26f4352ed2906edb8d1a7a2fc6bc02eb0cb37179fc65,4cb515b2b635d93f799d26f4352ed2906edb8d1a7a2fc6bc02eb0cb37179fc65,true,true
312,val-000312,keep,present_in_legacy_filtered_derivative,9b19e43add64d1b476dae829fd71432093dfe32677bdf8546c9185640f82cfde,9b19e43add64d1b476dae829fd71432093dfe32677bdf8546c9185640f82cfde,true,true
313,val-000313,keep,present_in_legacy_filtered_derivative,85ab95fb26707bf7d41aeb84c0740610f91a8c62061bee83771b6d1cc2d56d23,85ab95fb26707bf7d41aeb84c0740610f91a8c62061bee83771b6d1cc2d56d23,true,true
314,val-000314,keep,present_in_legacy_filtered_derivative,52e5cb7ec7c1e638d4d98275414567031715b0950f4973b64a1bde9ea97f937b,52e5cb7ec7c1e638d4d98275414567031715b0950f4973b64a1bde9ea97f937b,true,true
315,val-000315,keep,present_in_legacy_filtered_derivative,99da4d4fe700b14d49c54b4f5f5b0f09dc58a7b619cc93da1130ff7690aee087,99da4d4fe700b14d49c54b4f5f5b0f09dc58a7b619cc93da1130ff7690aee087,true,true
316,val-000316,exclude,absent_from_legacy_filtered_derivative; historical semantic reason unavailable,aaa8028819ee8195a1a362061f2d6b5008f4e866a48d05f35e98b6b4b062c91e,,,false
317,val-000317,exclude,absent_from_legacy_filtered_derivative; historical semantic reason unavailable,67e206d6f9634fa06c5fd5329a4ba0c992eb0c56fe14a28776912535cab12dbc,,,false
318,val-000318,keep,present_in_legacy_filtered_derivative,957b163958334361406f002cbbdf8b5f663e3e73adaefeb09e6c5b2a7dedcd2a,957b163958334361406f002cbbdf8b5f663e3e73adaefeb09e6c5b2a7dedcd2a,true,true
319,val-000319,exclude,absent_from_legacy_filtered_derivative; historical semantic reason unavailable,d842f5693165154fb6f7837bab45983aaaf41b99f7d4e2c490eb6dff23094460,,,false
320,val-000320,keep,present_in_legacy_filtered_derivative,d96157f2c1eb5028803c1a27a2b545622ba387fd48530cf76c3b337d2a8cdd64,d96157f2c1eb5028803c1a27a2b545622ba387fd48530cf76c3b337d2a8cdd64,true,true
321,val-000321,keep,present_in_legacy_filtered_derivative,dad16358cb98f33649c6b8917a89fe1aad90c06b5a0c57ef0245fafc4583149b,dad16358cb98f33649c6b8917a89fe1aad90c06b5a0c57ef0245fafc4583149b,true,true
322,val-000322,keep,present_in_legacy_filtered_derivative,8d9c10da726b2e7cfcfd34b3342ac574709fdec80f739e868a015e06f90a6c31,8d9c10da726b2e7cfcfd34b3342ac574709fdec80f739e868a015e06f90a6c31,true,true
323,val-000323,exclude,absent_from_legacy_filtered_derivative; historical semantic reason unavailable,7b14ad1103694085ddd6c71590624b54b1d99230e3cb387fcfe394452dada42d,,,false
324,val-000324,keep,present_in_legacy_filtered_derivative,e6738463ce6323b86172833d6d11458a0ac00e48a76437984ea29fab66691a9a,2351cb4e804324e47a30e5b4cf69a013e076652b5569d66d90e95f2c7b342595,false,true
325,val-000325,keep,present_in_legacy_filtered_derivative,7ae25e8cacd3b0d3c8b69749594e8fc357937ce284a4376c90fb7d560bd4157c,7ae25e8cacd3b0d3c8b69749594e8fc357937ce284a4376c90fb7d560bd4157c,true,true
326,val-000326,keep,present_in_legacy_filtered_derivative,3a33b98c4559fe6ba6cb1c87476579eb3551dedbd2f9c5e4146a3aecaa30e028,3a33b98c4559fe6ba6cb1c87476579eb3551dedbd2f9c5e4146a3aecaa30e028,true,true
327,val-000327,keep,present_in_legacy_filtered_derivative,74b121cb68fbe39987bcbb67e7e7232d95a0e9ceefe74f748099b7eb3ef86d37,74b121cb68fbe39987bcbb67e7e7232d95a0e9ceefe74f748099b7eb3ef86d37,true,true
328,val-000328,keep,present_in_legacy_filtered_derivative,fb02fea16f88e77c1107df54ef71fa7f8acdc9624f75900879b95e4138f5261f,fb02fea16f88e77c1107df54ef71fa7f8acdc9624f75900879b95e4138f5261f,true,true
329,val-000329,keep,present_in_legacy_filtered_derivative,8f9c1050869ff7f350b3131621c8d5fa5a73df2efd57b6fb151f24a78ddffa21,8f9c1050869ff7f350b3131621c8d5fa5a73df2efd57b6fb151f24a78ddffa21,true,true
330,val-000330,keep,present_in_legacy_filtered_derivative,2c9ea84c95b9a79458347e0b21aef87f066c62eaa125022eb351df41ce463a0b,2c9ea84c95b9a79458347e0b21aef87f066c62eaa125022eb351df41ce463a0b,true,true
331,val-000331,keep,present_in_legacy_filtered_derivative,e79ce8c48494d2d924c6340c5e687a77c415340cfac80ca3ca52f58e648f136f,e79ce8c48494d2d924c6340c5e687a77c415340cfac80ca3ca52f58e648f136f,true,true
332,val-000332,keep,present_in_legacy_filtered_derivative,314bdb697e6449bab31b3ed08e328bdb8aaa8f149a5921588ef5bfd9287e893b,314bdb697e6449bab31b3ed08e328bdb8aaa8f149a5921588ef5bfd9287e893b,true,true
333,val-000333,keep,present_in_legacy_filtered_derivative,4754789a7db76f37aa7064623fd341225df3d29742cf3edb922b2af637ea56d9,4754789a7db76f37aa7064623fd341225df3d29742cf3edb922b2af637ea56d9,true,true
334,val-000334,keep,present_in_legacy_filtered_derivative,7b9277aec6946816b2997b33ca4488c6506a31de919bb67b17ff2c1a4f50e6d7,7b9277aec6946816b2997b33ca4488c6506a31de919bb67b17ff2c1a4f50e6d7,true,true
335,val-000335,keep,present_in_legacy_filtered_derivative,6277f03799f1310172c1b5a6ebb2c1202969d6a26562bb8fc17f880311dbaea4,6277f03799f1310172c1b5a6ebb2c1202969d6a26562bb8fc17f880311dbaea4,true,true
336,val-000336,keep,present_in_legacy_filtered_derivative,2ecb025c817b5fc409a422f14beb6ffff60f5348ab6f6dc3dd7d71f47754994c,2ecb025c817b5fc409a422f14beb6ffff60f5348ab6f6dc3dd7d71f47754994c,true,true
337,val-000337,keep,present_in_legacy_filtered_derivative,2ae22eadb9517ea296097d1f8dc8d7ddb5b0eb38143dc26ac89b658205336c06,2ae22eadb9517ea296097d1f8dc8d7ddb5b0eb38143dc26ac89b658205336c06,true,true
338,val-000338,exclude,absent_from_legacy_filtered_derivative; historical semantic reason unavailable,4fff831f2e3e79e84967a71fe79a8555f7474d48b3efe46ed65fb00bbaa3363a,,,false
339,val-000339,keep,present_in_legacy_filtered_derivative,578d93debaa39506afbc2555602fff5556fdc03c25f7c4b976ccd11d7aa3223b,578d93debaa39506afbc2555602fff5556fdc03c25f7c4b976ccd11d7aa3223b,true,true
340,val-000340,keep,present_in_legacy_filtered_derivative,4bd8de19842c66361857cac17a016d00d91b3c49859493accb30086ebbed0922,4bd8de19842c66361857cac17a016d00d91b3c49859493accb30086ebbed0922,true,true
341,val-000341,keep,present_in_legacy_filtered_derivative,c2ecd13bae545aa468836dcc6435e24e905cd40f21ea4f8b9c9a3cc36b00be10,c2ecd13bae545aa468836dcc6435e24e905cd40f21ea4f8b9c9a3cc36b00be10,true,true
342,val-000342,keep,present_in_legacy_filtered_derivative,c37b225fabb8d12179dadd7c12bffb9f0c81f4a88a1574c99def9ae7cd0e1609,c37b225fabb8d12179dadd7c12bffb9f0c81f4a88a1574c99def9ae7cd0e1609,true,true
343,val-000343,keep,present_in_legacy_filtered_derivative,858308cfbee5aeccc699413129e76a301fffc00477ef4e9cfbb8b3d13b439532,858308cfbee5aeccc699413129e76a301fffc00477ef4e9cfbb8b3d13b439532,true,true
344,val-000344,keep,present_in_legacy_filtered_derivative,69b955f361e9be203d7a4805cfa0ac91b5a7f5f784af841d467a2223d74892cb,69b955f361e9be203d7a4805cfa0ac91b5a7f5f784af841d467a2223d74892cb,true,true
345,val-000345,keep,present_in_legacy_filtered_derivative,d10ee15d0d24f9241ae1b25f5e4452a227c973697b035e62d9bcb7ef4d399b73,d10ee15d0d24f9241ae1b25f5e4452a227c973697b035e62d9bcb7ef4d399b73,true,true
346,val-000346,keep,present_in_legacy_filtered_derivative,597136474566357123c1b02a975b3c200e5997b690184d49807b44eb64ea51c5,597136474566357123c1b02a975b3c200e5997b690184d49807b44eb64ea51c5,true,true
347,val-000347,keep,present_in_legacy_filtered_derivative,29960f2ccdda34e4c2bbcef639dad79b0783d6f498b2267634155011701df059,29960f2ccdda34e4c2bbcef639dad79b0783d6f498b2267634155011701df059,true,true
348,val-000348,keep,present_in_legacy_filtered_derivative,5c04a440ecf614037cddf2761aa40a9dc00d898b78b2b121590640ffdda911d4,7c037757bc14a297e18bfd35dc0ca2f34468103ce1d08127e7619072dfb78996,false,true
349,val-000349,exclude,absent_from_legacy_filtered_derivative; historical semantic reason unavailable,26cea0abeb43e67b51c3c6ba4a7d7167acab1a34a6e70d20dd98c8fe07ad3520,,,false
350,val-000350,keep,present_in_legacy_filtered_derivative,6d19b90aa3615625574152d6a1ad5e4e0265dc3d2be57610dd128962e57871bc,6d19b90aa3615625574152d6a1ad5e4e0265dc3d2be57610dd128962e57871bc,true,true
351,val-000351,keep,present_in_legacy_filtered_derivative,4d1b648bdf2d14b1e938b1365f0e148c40f390a70d56cb04eebc9cfc03230cd8,4d1b648bdf2d14b1e938b1365f0e148c40f390a70d56cb04eebc9cfc03230cd8,true,true
352,val-000352,keep,present_in_legacy_filtered_derivative,f90c93a16198e2362ca35b1e41dfd10acf48689e6fff51825ad269c4619a19d8,f90c93a16198e2362ca35b1e41dfd10acf48689e6fff51825ad269c4619a19d8,true,true
353,val-000353,keep,present_in_legacy_filtered_derivative,95e5f2d591336b3e38b7363732cb3c16d8dd43ea54ba216f78e99ddb0042bc50,95e5f2d591336b3e38b7363732cb3c16d8dd43ea54ba216f78e99ddb0042bc50,true,true
354,val-000354,keep,present_in_legacy_filtered_derivative,010b34f940499357254dcb3d4d088567ec5e27594153190bb74c058a569ff913,010b34f940499357254dcb3d4d088567ec5e27594153190bb74c058a569ff913,true,true
355,val-000355,exclude,absent_from_legacy_filtered_derivative; historical semantic reason unavailable,9506db04c0c2f2eaa6275b1455a28f241994e0485f1f8f4438b87f5471207c67,,,false
356,val-000356,exclude,absent_from_legacy_filtered_derivative; historical semantic reason unavailable,cafb790d839700d8e907a56025815238ec5e4d539aa575d24907550ace2acee6,,,false
357,val-000357,exclude,absent_from_legacy_filtered_derivative; historical semantic reason unavailable,839224c2238354894b1e2df8591268fece5f38b055f1d42e393c71332ef94b45,,,false
358,val-000358,keep,present_in_legacy_filtered_derivative,0fc2e5c692794f57ec6173f764e8e228cd3da2ffc9ca356caa27b8b39239b81a,0fc2e5c692794f57ec6173f764e8e228cd3da2ffc9ca356caa27b8b39239b81a,true,true
359,val-000359,keep,present_in_legacy_filtered_derivative,3c5bacc27cb37fb75115e5aa2950d5f41dbda517ba99cbf0cbc3f5beecf9f810,3c5bacc27cb37fb75115e5aa2950d5f41dbda517ba99cbf0cbc3f5beecf9f810,true,true
360,val-000360,keep,present_in_legacy_filtered_derivative,32fe7f108c11e551102f58f98654a5eeb5f3187e71f9344fa7ea7cd73c54c623,32fe7f108c11e551102f58f98654a5eeb5f3187e71f9344fa7ea7cd73c54c623,true,true
361,val-000361,keep,present_in_legacy_filtered_derivative,af5f2bf700b3f3efbeb2daecb306b58d0d296b1cd777a5c805a4035cec27b07d,af5f2bf700b3f3efbeb2daecb306b58d0d296b1cd777a5c805a4035cec27b07d,true,true
362,val-000362,keep,present_in_legacy_filtered_derivative,284e6de35ccfc315baab61ef16904de7f5572af14e1396bfe00c4314dabc730d,284e6de35ccfc315baab61ef16904de7f5572af14e1396bfe00c4314dabc730d,true,true
363,val-000363,exclude,absent_from_legacy_filtered_derivative; historical semantic reason unavailable,b23741c6deebfd891f709a20e07d3f95d025fff020c412f0a65c3623cf14191e,,,false
364,val-000364,keep,present_in_legacy_filtered_derivative,7538398121de0c8b64583a6662ba1682fe0e5d84d067a3691588a3eec3f426fa,7538398121de0c8b64583a6662ba1682fe0e5d84d067a3691588a3eec3f426fa,true,true
365,val-000365,keep,present_in_legacy_filtered_derivative,3a2867a87b7502cc01e70d374e077bc538fe7a9f02320aae31568fb370d29968,3a2867a87b7502cc01e70d374e077bc538fe7a9f02320aae31568fb370d29968,true,true
366,val-000366,keep,present_in_legacy_filtered_derivative,42ef815aa5f03abc6851bdfd220439505a863fd261b25e3e749b65429466c231,42ef815aa5f03abc6851bdfd220439505a863fd261b25e3e749b65429466c231,true,true
367,val-000367,keep,present_in_legacy_filtered_derivative,451a65b7ea4ef402d3e6e0dd2658cf576662534969fb14a45f20b81668f8fd5a,451a65b7ea4ef402d3e6e0dd2658cf576662534969fb14a45f20b81668f8fd5a,true,true
368,val-000368,keep,present_in_legacy_filtered_derivative,e9a757e9375878bed295d962a783cdf6d0edd3fe177346ff0cbdee38d1d6a2e0,e9a757e9375878bed295d962a783cdf6d0edd3fe177346ff0cbdee38d1d6a2e0,true,true
369,val-000369,keep,present_in_legacy_filtered_derivative,7325af59872db65b74d31882e0e88f4cc14cdf4da506bde8a03bd81d9f91a827,7325af59872db65b74d31882e0e88f4cc14cdf4da506bde8a03bd81d9f91a827,true,true
370,val-000370,keep,present_in_legacy_filtered_derivative,d7bc6017595b3d75337441139e9f50c20e64f113ac3d3f04e32d15c893123c06,d7bc6017595b3d75337441139e9f50c20e64f113ac3d3f04e32d15c893123c06,true,true
371,val-000371,keep,present_in_legacy_filtered_derivative,083f4cc615eea70b517d30011ec98e09ea0838b6ef126e153453e9a2f6bb0aa1,083f4cc615eea70b517d30011ec98e09ea0838b6ef126e153453e9a2f6bb0aa1,true,true
372,val-000372,keep,present_in_legacy_filtered_derivative,e8d2b6c2dafce4224447ff1acca1d71f103105abf41c296bf59252f2d29acb2e,5ecf59f74666232fe4f3b06ec33b21b2be79257c3b96b919282b053c5f4dde04,false,true
373,val-000373,exclude,absent_from_legacy_filtered_derivative; historical semantic reason unavailable,3bfbc64b260e3b478506ba31d1b603c71441aa969c658bf5e72a12d5653a05e9,,,false
374,val-000374,keep,present_in_legacy_filtered_derivative,045df7876dd92b9b0eb5010a6b3f039821b1949af7acb1a8222112849919ad4e,045df7876dd92b9b0eb5010a6b3f039821b1949af7acb1a8222112849919ad4e,true,true
375,val-000375,keep,present_in_legacy_filtered_derivative,242b9b02860b5989e402543b82a9623a3002dfa13e3f053df626bfc11c2cab7c,242b9b02860b5989e402543b82a9623a3002dfa13e3f053df626bfc11c2cab7c,true,true
376,val-000376,keep,present_in_legacy_filtered_derivative,14fd59adb29db2ce83dbe8670fc6dbcbe27c88148b03b5dab741192a05c26416,14fd59adb29db2ce83dbe8670fc6dbcbe27c88148b03b5dab741192a05c26416,true,true
377,val-000377,keep,present_in_legacy_filtered_derivative,5b71449e75cff3dc2567d198ede752a46d3d98048f90679f4382682644c0df8a,5b71449e75cff3dc2567d198ede752a46d3d98048f90679f4382682644c0df8a,true,true
378,val-000378,exclude,absent_from_legacy_filtered_derivative; historical semantic reason unavailable,cd13c9704fd7dc37c110caee6092424dcb2d7c0222d2dee291e4f2c809418406,,,false
379,val-000379,keep,present_in_legacy_filtered_derivative,b10a2472ca1ea2c34675129e90326ffa278936e837088ae26ef4bcdad39bec87,b10a2472ca1ea2c34675129e90326ffa278936e837088ae26ef4bcdad39bec87,true,true
380,val-000380,keep,present_in_legacy_filtered_derivative,b49423c22392d0e7e60aa0b9713c4c16b96ce5510d1901cd1c67f5f9fbb2069a,b49423c22392d0e7e60aa0b9713c4c16b96ce5510d1901cd1c67f5f9fbb2069a,true,true
381,val-000381,keep,present_in_legacy_filtered_derivative,7fee17e304f1fd6021c6648209eb177b9d47b5697a2138789d958eef5ab2dc18,7fee17e304f1fd6021c6648209eb177b9d47b5697a2138789d958eef5ab2dc18,true,true
382,val-000382,keep,present_in_legacy_filtered_derivative,3ac089392efecaac0fb8c3b93f6b0d78005d18e07783c68574814a716d5ce4d6,3ac089392efecaac0fb8c3b93f6b0d78005d18e07783c68574814a716d5ce4d6,true,true
383,val-000383,keep,present_in_legacy_filtered_derivative,992a8b3abe2a64af6a25ab23ade5c8a3bb89d62dd5bccde7ace0780c5f56ab33,992a8b3abe2a64af6a25ab23ade5c8a3bb89d62dd5bccde7ace0780c5f56ab33,true,true
384,val-000384,exclude,absent_from_legacy_filtered_derivative; historical semantic reason unavailable,2bf9065993f0da5a6bdf31df727b3dc64e0c6b47f2db437878a2e14568300fd1,,,false
385,val-000385,keep,present_in_legacy_filtered_derivative,c8555fd0fddca3f5d5e836b5b0dec459f692c3ff08599fa40366b322351ac39d,c8555fd0fddca3f5d5e836b5b0dec459f692c3ff08599fa40366b322351ac39d,true,true
386,val-000386,keep,present_in_legacy_filtered_derivative,dc1db77aaf70aad3fbe13896ea07ed1803904c662e2525128a6629a81a23d6d4,dc1db77aaf70aad3fbe13896ea07ed1803904c662e2525128a6629a81a23d6d4,true,true
387,val-000387,keep,present_in_legacy_filtered_derivative,b7cbb0528ad5affde79e29619a6ab7c70dc131c0412400c64f8ae5dac0091ac4,b7cbb0528ad5affde79e29619a6ab7c70dc131c0412400c64f8ae5dac0091ac4,true,true
388,val-000388,exclude,absent_from_legacy_filtered_derivative; historical semantic reason unavailable,e95fcc047588a7011e46b9084969d3b14e93a457a14cfbece5b7e367968d3994,,,false
389,val-000389,keep,present_in_legacy_filtered_derivative,2f98fa4cc6c8a4af4cdad756ac2477f8fa777f620f34b24232fbdb61ef6df542,2f98fa4cc6c8a4af4cdad756ac2477f8fa777f620f34b24232fbdb61ef6df542,true,true
390,val-000390,keep,present_in_legacy_filtered_derivative,3ec2c441731650931b070f99c04a367c931bbb1a8653f80e43faeb5be41c3d52,3ec2c441731650931b070f99c04a367c931bbb1a8653f80e43faeb5be41c3d52,true,true
391,val-000391,keep,present_in_legacy_filtered_derivative,65f68988d37a2de91eee1474b34e00b9a9412df5ad2dfa19d8649cf26705fb10,65f68988d37a2de91eee1474b34e00b9a9412df5ad2dfa19d8649cf26705fb10,true,true
392,val-000392,keep,present_in_legacy_filtered_derivative,de72da7faad6f6cc4735a3659b159e3a1febf57d957132b9c0ee8b2ce97a3b6c,de72da7faad6f6cc4735a3659b159e3a1febf57d957132b9c0ee8b2ce97a3b6c,true,true
393,val-000393,keep,present_in_legacy_filtered_derivative,23e78a29219c5232824fc2f5a36d1b56dd3eb4afb4d9dafd4e56077e4ddff3d0,23e78a29219c5232824fc2f5a36d1b56dd3eb4afb4d9dafd4e56077e4ddff3d0,true,true
394,val-000394,keep,present_in_legacy_filtered_derivative,7309c290e5c42dd20f767aa98c4f6c42d006b183bc717b421bd6e32258b77ffe,7309c290e5c42dd20f767aa98c4f6c42d006b183bc717b421bd6e32258b77ffe,true,true
395,val-000395,keep,present_in_legacy_filtered_derivative,d0cbcb70a595414f727640a4fa479efbfd66fc744f97fd4c6dc7f52aad2ebfe5,d0cbcb70a595414f727640a4fa479efbfd66fc744f97fd4c6dc7f52aad2ebfe5,true,true
396,val-000396,exclude,absent_from_legacy_filtered_derivative; historical semantic reason unavailable,d787d6e13bc25caf0804f16d6df2db5b7964b366509c6d885e04eae9870bd9bd,,,false
397,val-000397,keep,present_in_legacy_filtered_derivative,64d92d8fb01e147411e3f8e8321c5e3cf106c772d608df5edd8df9ad3c885a42,64d92d8fb01e147411e3f8e8321c5e3cf106c772d608df5edd8df9ad3c885a42,true,true
398,val-000398,keep,present_in_legacy_filtered_derivative,0cca0a27cce2d2f52b04e17a7d44c0329ef65869c13505e016b2496506bb2a71,0cca0a27cce2d2f52b04e17a7d44c0329ef65869c13505e016b2496506bb2a71,true,true
399,val-000399,keep,present_in_legacy_filtered_derivative,b27fc0d912121522625e7991543468d8de8c6dba66aeccf1e726eaea6b21cc7d,66fa5de08b3bed9a2574754097ef0280f4da15f002e2e41f91f00b60a8015998,false,true
400,val-000400,keep,present_in_legacy_filtered_derivative,11a9dd27bcabbe86a77031fd0cdf9429949d78f86f3a023ba779c1f4b2406428,11a9dd27bcabbe86a77031fd0cdf9429949d78f86f3a023ba779c1f4b2406428,true,true
401,val-000401,keep,present_in_legacy_filtered_derivative,ae1dcea06d2b096ad71f4a4c089a0da0cb247ae8fdd0a35310ef10a3769f7d7e,ae1dcea06d2b096ad71f4a4c089a0da0cb247ae8fdd0a35310ef10a3769f7d7e,true,true
402,val-000402,keep,present_in_legacy_filtered_derivative,07b3885d7da982563f61d4e49c368182fd34547d430f6c81ad0f7cc93a6b05e0,07b3885d7da982563f61d4e49c368182fd34547d430f6c81ad0f7cc93a6b05e0,true,true
403,val-000403,exclude,absent_from_legacy_filtered_derivative; historical semantic reason unavailable,0d394018fcffe57374dc8fedad4219812d1266f09b1bad78cd705d7614720a8f,,,false
404,val-000404,keep,present_in_legacy_filtered_derivative,20c679fef86977fff55bd79409a6865d1426b708eb160beaa935a39c4f8bab79,20c679fef86977fff55bd79409a6865d1426b708eb160beaa935a39c4f8bab79,true,true
405,val-000405,keep,present_in_legacy_filtered_derivative,bbaa0a0109809a7c51924748c8b1a91037bfd89b7deb8bd7b25817a8614b5a48,bbaa0a0109809a7c51924748c8b1a91037bfd89b7deb8bd7b25817a8614b5a48,true,true
406,val-000406,keep,present_in_legacy_filtered_derivative,872eec31934d5547f5f1bd38ccedec6a6476866adad4188b7dd0c0ed1fdeb96e,872eec31934d5547f5f1bd38ccedec6a6476866adad4188b7dd0c0ed1fdeb96e,true,true
407,val-000407,exclude,absent_from_legacy_filtered_derivative; historical semantic reason unavailable,d4b6a5cab89c2d6711a9343e392e09f079aed4600f7c758d81fcb5b37c18a6b0,,,false
408,val-000408,keep,present_in_legacy_filtered_derivative,eeb04b4c54722a6ad19b5d3ab7a530599cfde0e0034b901350b37ca4da406573,eeb04b4c54722a6ad19b5d3ab7a530599cfde0e0034b901350b37ca4da406573,true,true
409,val-000409,keep,present_in_legacy_filtered_derivative,f947b148c9105b20563f3fa4d9dc95f9f6bf3d7a5f907c2cf0542799eff11e60,f947b148c9105b20563f3fa4d9dc95f9f6bf3d7a5f907c2cf0542799eff11e60,true,true
410,val-000410,keep,present_in_legacy_filtered_derivative,98b754168f8d2aaafdcb70c134068e21b448f7f9671de66aaea87726e7848d16,98b754168f8d2aaafdcb70c134068e21b448f7f9671de66aaea87726e7848d16,true,true
411,val-000411,keep,present_in_legacy_filtered_derivative,1377902c0df57d28c881e70895145a2d1247d8312dcc4304b90caf6dd6f35908,1377902c0df57d28c881e70895145a2d1247d8312dcc4304b90caf6dd6f35908,true,true
412,val-000412,keep,present_in_legacy_filtered_derivative,fb20027a376399ba746344bc1237f66e76111dcee17938b7cfaa6f14830c9205,fb20027a376399ba746344bc1237f66e76111dcee17938b7cfaa6f14830c9205,true,true
413,val-000413,keep,present_in_legacy_filtered_derivative,8ceae6f2424926fd43ca056a3e5b0d33cff359054c3ccd9a9e1d2e13ec279a4c,8ceae6f2424926fd43ca056a3e5b0d33cff359054c3ccd9a9e1d2e13ec279a4c,true,true
414,val-000414,keep,present_in_legacy_filtered_derivative,43805b1367fc75885cb4fc27ebc0ad3213c08e82def68d97a760dfcd9ba2fa07,43805b1367fc75885cb4fc27ebc0ad3213c08e82def68d97a760dfcd9ba2fa07,true,true
415,val-000415,keep,present_in_legacy_filtered_derivative,c41871cda79ad0fa07ca91b2e96ffd17e6505c0f33db710115431443b0aba1d5,c41871cda79ad0fa07ca91b2e96ffd17e6505c0f33db710115431443b0aba1d5,true,true
416,val-000416,exclude,absent_from_legacy_filtered_derivative; historical semantic reason unavailable,efe08e0054573e74f2a215d75f1b310b9d495ae7f944c922be390397821a7b08,,,false
417,val-000417,keep,present_in_legacy_filtered_derivative,75fd9f92f53d740fdbfa007f0030e6ecc85bde97c988806cb813ea17f6659dd9,b6d18c15429043f5aa6107761feb210f4e5df345d451f24afeb10359be05996f,false,true
418,val-000418,exclude,absent_from_legacy_filtered_derivative; historical semantic reason unavailable,f0a16022a2ead47d79c9e70475971c097fb9d5e76a1bcadbd03201485f42d7b0,,,false
419,val-000419,keep,present_in_legacy_filtered_derivative,c99f5ddde90f40137ebc173815f17e554bf7cd78415c271981f6d92704af829c,c99f5ddde90f40137ebc173815f17e554bf7cd78415c271981f6d92704af829c,true,true
420,val-000420,keep,present_in_legacy_filtered_derivative,e7d16451f9175b4864f94c956ad7f63d201f2ad5ac73f0af16de590339c65830,d28b900664cab602f0b2a2cc0b39860ce8c5052b793f35d41373d1a3b7af84b9,false,true
421,val-000421,keep,present_in_legacy_filtered_derivative,a3594910557741e8ebe6dae1015ce6f2c6efaf3cd724c0aa8d5d4acf6b3be55b,a3594910557741e8ebe6dae1015ce6f2c6efaf3cd724c0aa8d5d4acf6b3be55b,true,true
422,val-000422,exclude,absent_from_legacy_filtered_derivative; historical semantic reason unavailable,2abe33f7bb3c53ee5a20d30e264748710af7cf5bd2ef0e8a25daab79e8da9a49,,,false
423,val-000423,keep,present_in_legacy_filtered_derivative,bd47f05290b9a2ebbcd88135f488ec637a4928897a91a5e8c5253cc64d2990b5,bd47f05290b9a2ebbcd88135f488ec637a4928897a91a5e8c5253cc64d2990b5,true,true
424,val-000424,keep,present_in_legacy_filtered_derivative,5618c2c723357324d10f234abde434547efc68a314b18dca26fd82fa9bc27c0a,5618c2c723357324d10f234abde434547efc68a314b18dca26fd82fa9bc27c0a,true,true
425,val-000425,keep,present_in_legacy_filtered_derivative,78e07b21efba64ba06f72b4d316e4cb92cef823401020538a1fd97e2004b7b36,78e07b21efba64ba06f72b4d316e4cb92cef823401020538a1fd97e2004b7b36,true,true
426,val-000426,keep,present_in_legacy_filtered_derivative,9ade45c02206a00abf33a966fb32ae43175ecbd6a8d3f4013b2e990d1b9822da,9ade45c02206a00abf33a966fb32ae43175ecbd6a8d3f4013b2e990d1b9822da,true,true
427,val-000427,keep,present_in_legacy_filtered_derivative,aabefdd8d4881ec84e80750df37580a16da2463157f16ed0a651edfd6841e054,aabefdd8d4881ec84e80750df37580a16da2463157f16ed0a651edfd6841e054,true,true
428,val-000428,keep,present_in_legacy_filtered_derivative,ec97ecd58f398f6b09cf05dd6fde43d7174a913807d46f1c956d97992344aec4,d5b8f3dd036deae609bd31700ed55395ed57facf77e5732212c1f24d1b235fb1,false,true
429,val-000429,exclude,absent_from_legacy_filtered_derivative; historical semantic reason unavailable,a56090f00519ee63cc5082b02d6ad1c3cf5e00b056d0675b093fed30989876df,,,false
430,val-000430,keep,present_in_legacy_filtered_derivative,b6db8475e9d19dbb732371abe0a5fc1cd6db909d25c9a179da14f04d7102f2b9,b6db8475e9d19dbb732371abe0a5fc1cd6db909d25c9a179da14f04d7102f2b9,true,true
431,val-000431,keep,present_in_legacy_filtered_derivative,1a38a5e0bc77183b993df71d75d576022f002f2055c8b098603fabef794748f5,1a38a5e0bc77183b993df71d75d576022f002f2055c8b098603fabef794748f5,true,true
432,val-000432,keep,present_in_legacy_filtered_derivative,d6a12d870674c3fb7bf73cc4967adedee80db4e1ce8eb5a94f3aa7d39513ff0a,d6a12d870674c3fb7bf73cc4967adedee80db4e1ce8eb5a94f3aa7d39513ff0a,true,true
433,val-000433,keep,present_in_legacy_filtered_derivative,ef5405bcb54fc66bc43d6c883945fff2e53cd78f1c6ea137bc919416efa97273,ef5405bcb54fc66bc43d6c883945fff2e53cd78f1c6ea137bc919416efa97273,true,true
434,val-000434,keep,present_in_legacy_filtered_derivative,fa33472c13b9bd4cffa74151dfb30c1dd8798b8f312057b0e3df51f0b632396d,fa33472c13b9bd4cffa74151dfb30c1dd8798b8f312057b0e3df51f0b632396d,true,true
435,val-000435,keep,present_in_legacy_filtered_derivative,3695d6f6f6d75ff3118f1637efd31425257cfd54f4cb042d029fab8d9c16bfdc,3695d6f6f6d75ff3118f1637efd31425257cfd54f4cb042d029fab8d9c16bfdc,true,true
436,val-000436,keep,present_in_legacy_filtered_derivative,c2ea4dbe65958238f6e38b806de24b2d6a7936019366f7df05e3206b9027040d,c2ea4dbe65958238f6e38b806de24b2d6a7936019366f7df05e3206b9027040d,true,true
437,val-000437,keep,present_in_legacy_filtered_derivative,a4c27ebf55da70a24cc7e737957f49c618540107ae416fd2d45293fd5335ce4b,a4c27ebf55da70a24cc7e737957f49c618540107ae416fd2d45293fd5335ce4b,true,true
438,val-000438,exclude,absent_from_legacy_filtered_derivative; historical semantic reason unavailable,83e241e4cacf970163fb2384b18e7340e087cf09dc807e8e9f9a02ed71226ffd,,,false
439,val-000439,keep,present_in_legacy_filtered_derivative,79375550edc50615f7f1e82f5d4bacd35e9ed5cce5be5b50db9445a5cfb9179f,79375550edc50615f7f1e82f5d4bacd35e9ed5cce5be5b50db9445a5cfb9179f,true,true
440,val-000440,keep,present_in_legacy_filtered_derivative,98b8c51e211f4c25062909b29642860b509c8ffa023a4b94c8afe203618d3728,98b8c51e211f4c25062909b29642860b509c8ffa023a4b94c8afe203618d3728,true,true
441,val-000441,exclude,absent_from_legacy_filtered_derivative; historical semantic reason unavailable,936d0afd972de7857c0879eb85f0d19777b3191df59da6e38a333853eaf40f04,,,false
442,val-000442,keep,present_in_legacy_filtered_derivative,2de885b838310d367058196bd4c25fb669a07ab61536575ed66c5a486c1928c9,2de885b838310d367058196bd4c25fb669a07ab61536575ed66c5a486c1928c9,true,true
443,val-000443,keep,present_in_legacy_filtered_derivative,265e56d2739740e2a43cf636b81151c714d0e35cf45b6adbbbeeee5b2d193d00,265e56d2739740e2a43cf636b81151c714d0e35cf45b6adbbbeeee5b2d193d00,true,true
444,val-000444,keep,present_in_legacy_filtered_derivative,bf31530c5cdd4ba5444fd7fab8f3bbdb91be7ec7f90d851318552f8efdfb5e3c,bf31530c5cdd4ba5444fd7fab8f3bbdb91be7ec7f90d851318552f8efdfb5e3c,true,true
445,val-000445,keep,present_in_legacy_filtered_derivative,7cfd032d5fb6bd7fef82dffbcf42e6d23e15b5b9192d7262ffe45dc124473094,7cfd032d5fb6bd7fef82dffbcf42e6d23e15b5b9192d7262ffe45dc124473094,true,true
446,val-000446,keep,present_in_legacy_filtered_derivative,dcf960e57e77c8634851ba0f26338a86f2e215765942201ae367e8e194ce4a1e,dcf960e57e77c8634851ba0f26338a86f2e215765942201ae367e8e194ce4a1e,true,true
447,val-000447,exclude,absent_from_legacy_filtered_derivative; historical semantic reason unavailable,9180da2f918dff43fae40439e0cf82bf42d8b5c50d965ea5ebfc7c743b391557,,,false
448,val-000448,keep,present_in_legacy_filtered_derivative,05d74caa6c54ee878e268415804152f8879fab4b38830b798588e3bb29513772,05d74caa6c54ee878e268415804152f8879fab4b38830b798588e3bb29513772,true,true
449,val-000449,keep,present_in_legacy_filtered_derivative,2406beba22a6a4cf7548e97e7f1aee8811fd48a6cd5498179d7d1f17bda04d8f,2406beba22a6a4cf7548e97e7f1aee8811fd48a6cd5498179d7d1f17bda04d8f,true,true
450,val-000450,keep,present_in_legacy_filtered_derivative,f9f6809de05d71995fb431f92013a62e09db63666254d9e9f57ac6513fc76b91,f9f6809de05d71995fb431f92013a62e09db63666254d9e9f57ac6513fc76b91,true,true
451,val-000451,keep,present_in_legacy_filtered_derivative,8fb9be5a910e513e439da0a36c54c6d44745022893fb90d7e22e6d43787267ad,8fb9be5a910e513e439da0a36c54c6d44745022893fb90d7e22e6d43787267ad,true,true
452,val-000452,exclude,absent_from_legacy_filtered_derivative; historical semantic reason unavailable,4f4577c365cf43d7061b247dad137d5f2023904a7b8638311e090b8eb2cd7a6e,,,false
453,val-000453,exclude,absent_from_legacy_filtered_derivative; historical semantic reason unavailable,9f5f299c0a47963387ef74d59561859e44b63077f0e2a8b1e83d78d4e0bd063d,,,false
454,val-000454,keep,present_in_legacy_filtered_derivative,07daf0d22b7670c7a3da903f96e3573d63c243992185943f5a29ea261dd0c940,07daf0d22b7670c7a3da903f96e3573d63c243992185943f5a29ea261dd0c940,true,true
455,val-000455,keep,present_in_legacy_filtered_derivative,761f89c664a9334315866f98b8c8fdc419027a8c609b3bc7da5b4fec425e1e40,761f89c664a9334315866f98b8c8fdc419027a8c609b3bc7da5b4fec425e1e40,true,true
456,val-000456,keep,present_in_legacy_filtered_derivative,6f7faed75cbcdc22a3da4588a84763c99ce341cb4bb0fd39db023c7f5c458af7,6f7faed75cbcdc22a3da4588a84763c99ce341cb4bb0fd39db023c7f5c458af7,true,true
457,val-000457,keep,present_in_legacy_filtered_derivative,035157bc767534b72a65ab795f8d4eabf9baf7eb8448fc945f9e3722c89e6a8d,035157bc767534b72a65ab795f8d4eabf9baf7eb8448fc945f9e3722c89e6a8d,true,true
458,val-000458,exclude,absent_from_legacy_filtered_derivative; historical semantic reason unavailable,7d7a29bea5830fe478a9ac066d8e465a22a1de400e25f8ff52e616c82a72fa44,,,false
459,val-000459,keep,present_in_legacy_filtered_derivative,18242076da3ffa121a3ba6e30e5f1c8177598740245faa00f6c3d688a38e911f,18242076da3ffa121a3ba6e30e5f1c8177598740245faa00f6c3d688a38e911f,true,true
460,val-000460,keep,present_in_legacy_filtered_derivative,6ffdb9d7be844dd1f466d43e309111ba390a1cca238739b95b5950a27bffe457,6ffdb9d7be844dd1f466d43e309111ba390a1cca238739b95b5950a27bffe457,true,true
461,val-000461,keep,present_in_legacy_filtered_derivative,75af86ef90cbd9e1b9314e3640d1f0ee8777c3833d00cc1e281d99ce785f9aaf,75af86ef90cbd9e1b9314e3640d1f0ee8777c3833d00cc1e281d99ce785f9aaf,true,true
462,val-000462,keep,present_in_legacy_filtered_derivative,9a581636e8264c64bfe59e4b9b3840d177c493599141b8d8ecc423196f7ee558,9a581636e8264c64bfe59e4b9b3840d177c493599141b8d8ecc423196f7ee558,true,true
463,val-000463,keep,present_in_legacy_filtered_derivative,0fa99ab32fe4f903643c6a98b8d1648f737b43fd68bc29d9092dc7d5fc0e7a46,0fa99ab32fe4f903643c6a98b8d1648f737b43fd68bc29d9092dc7d5fc0e7a46,true,true
464,val-000464,keep,present_in_legacy_filtered_derivative,540e0370f016aaab912ca9f73fd3c6a2000e228b8ddd069bd89c0ca70ba978a9,540e0370f016aaab912ca9f73fd3c6a2000e228b8ddd069bd89c0ca70ba978a9,true,true
465,val-000465,keep,present_in_legacy_filtered_derivative,9eb5875e1a62387ae702f41e28e45f20961db2c303a6fcd6cf7b0098ae48c1c8,9eb5875e1a62387ae702f41e28e45f20961db2c303a6fcd6cf7b0098ae48c1c8,true,true
466,val-000466,exclude,absent_from_legacy_filtered_derivative; historical semantic reason unavailable,36d9ed12ead85dab52655d7a33d741eba3ea597b8461363fe58a58ce9ebd4de6,,,false
467,val-000467,keep,present_in_legacy_filtered_derivative,c8a4ba86f122aa1614c4a29fe778fc4e948b04fe87b1cdcef14b03d11c5265b6,c8a4ba86f122aa1614c4a29fe778fc4e948b04fe87b1cdcef14b03d11c5265b6,true,true
468,val-000468,keep,present_in_legacy_filtered_derivative,68561daa81d8e1c2a0f382976f6e34aae1f8229f9d1f17545650c41acbe8b595,68561daa81d8e1c2a0f382976f6e34aae1f8229f9d1f17545650c41acbe8b595,true,true
469,val-000469,exclude,absent_from_legacy_filtered_derivative; historical semantic reason unavailable,c5616be86f039e4e0ed64efa3c7c1f4a4885de0e6dcb75e6e4417bbabdc357dd,,,false
470,val-000470,keep,present_in_legacy_filtered_derivative,34aa30bd4f848050efefaf0e645a4cf535347c3075a3594014b8b4c443784c81,34aa30bd4f848050efefaf0e645a4cf535347c3075a3594014b8b4c443784c81,true,true
471,val-000471,keep,present_in_legacy_filtered_derivative,19e37276a26f2a2f1f2446d72748993028a8f66211b5f60698c036966b3acd3a,19e37276a26f2a2f1f2446d72748993028a8f66211b5f60698c036966b3acd3a,true,true
472,val-000472,keep,present_in_legacy_filtered_derivative,35c09ba902c90a8c08cc3ce928a3f2ae6224f441ce1b33ec4f84e3f4bf54fc72,35c09ba902c90a8c08cc3ce928a3f2ae6224f441ce1b33ec4f84e3f4bf54fc72,true,true
473,val-000473,keep,present_in_legacy_filtered_derivative,59fc258eea6b77df98b69e5b6dd8e8ef16a56f16ce72984134c5f8c9e7b561eb,59fc258eea6b77df98b69e5b6dd8e8ef16a56f16ce72984134c5f8c9e7b561eb,true,true
474,val-000474,keep,present_in_legacy_filtered_derivative,48b69e158490d5bed2eed3f3cb1b48356ccefb56d7f26ea00077c19150dd5cc0,d347d0a9127bf6dc2f7e3b7e5747b5ed21f7897759ac0b4385d29cc268b9c66d,false,true
475,val-000475,keep,present_in_legacy_filtered_derivative,13c781ed5d4170d9fd59ff721925cac5385fb85b707ecc7e3307241c9cb01a27,199ba21c94b3552a8aa5c93998f0be14d6f8e16a89d98e815a689f6f484be519,false,true
476,val-000476,keep,present_in_legacy_filtered_derivative,465f6d9d9145389b466b990f62257b54bb76ccfc29c5c640a547aed0796fe2b7,465f6d9d9145389b466b990f62257b54bb76ccfc29c5c640a547aed0796fe2b7,true,true
477,val-000477,keep,present_in_legacy_filtered_derivative,334c64f739cd17de3f2c6f9084ed8676b8371f14a6940844ec42adc3b827f6e5,334c64f739cd17de3f2c6f9084ed8676b8371f14a6940844ec42adc3b827f6e5,true,true
478,val-000478,keep,present_in_legacy_filtered_derivative,6f072189ac76739ac90f2633e1dd6464df479d1f2ba4ae49b6fdfe26f2982064,6f072189ac76739ac90f2633e1dd6464df479d1f2ba4ae49b6fdfe26f2982064,true,true
479,val-000479,keep,present_in_legacy_filtered_derivative,4570fcc87edd3864ba1c94a1d5b6f7fe8913409680f490cf2c02840e0eb96bbb,4570fcc87edd3864ba1c94a1d5b6f7fe8913409680f490cf2c02840e0eb96bbb,true,true
480,val-000480,keep,present_in_legacy_filtered_derivative,361127ecbbc8f2cc8092c13168ff6e4c09eff11bf19ddf8c0630810497fa495b,361127ecbbc8f2cc8092c13168ff6e4c09eff11bf19ddf8c0630810497fa495b,true,true
481,val-000481,keep,present_in_legacy_filtered_derivative,4370a1f7758c11b311ea8713ba75370f4215f23e839c551aa66232392e3c8077,4370a1f7758c11b311ea8713ba75370f4215f23e839c551aa66232392e3c8077,true,true
482,val-000482,keep,present_in_legacy_filtered_derivative,bede227dcb0104fef0e0d56314cf3b927bc9dea9b4e43f41a4de9117a836d017,bede227dcb0104fef0e0d56314cf3b927bc9dea9b4e43f41a4de9117a836d017,true,true
483,val-000483,keep,present_in_legacy_filtered_derivative,0c49f02674185b5d47edd0f8c4e0b30c7dc42660f3169b750dc453eb696c4bd3,0c49f02674185b5d47edd0f8c4e0b30c7dc42660f3169b750dc453eb696c4bd3,true,true
484,val-000484,keep,present_in_legacy_filtered_derivative,43fdcbe273b761ffc8be3f9a232af425d6a9e525fa986c481ae5a62010b7be9d,43fdcbe273b761ffc8be3f9a232af425d6a9e525fa986c481ae5a62010b7be9d,true,true
485,val-000485,keep,present_in_legacy_filtered_derivative,c0f625a7f367b244eec14bbb65822d9f50c279f98c8da88c76b19bf8df4e973e,c0f625a7f367b244eec14bbb65822d9f50c279f98c8da88c76b19bf8df4e973e,true,true
486,val-000486,keep,present_in_legacy_filtered_derivative,68040bd7d399e6845fa9913c5edaef8fcb06d20f6f20a1e51563df6885781efe,68040bd7d399e6845fa9913c5edaef8fcb06d20f6f20a1e51563df6885781efe,true,true
487,val-000487,keep,present_in_legacy_filtered_derivative,d33226bdd0bf038919e030421a4e8e4b1aecc8be9f30572335c9ded60adb6669,d33226bdd0bf038919e030421a4e8e4b1aecc8be9f30572335c9ded60adb6669,true,true
488,val-000488,keep,present_in_legacy_filtered_derivative,3968a00173c666672e43151e7474244316a9742b97683a1b3dcba02b12249ae9,3968a00173c666672e43151e7474244316a9742b97683a1b3dcba02b12249ae9,true,true
489,val-000489,exclude,absent_from_legacy_filtered_derivative; historical semantic reason unavailable,dfb6c7b6de5dd9955c9bdbd193c1af85c8eb0277a755c7d60bb5d069def50751,,,false
490,val-000490,keep,present_in_legacy_filtered_derivative,e5deb6c197169d357bde811dce32ca579009be7eb424cc2dcd52a3d4fb478e02,e5deb6c197169d357bde811dce32ca579009be7eb424cc2dcd52a3d4fb478e02,true,true
491,val-000491,keep,present_in_legacy_filtered_derivative,e5a47f382afb15c856e383326c3cbbb99cf3a341ad5db235693c412789e9dac1,e5a47f382afb15c856e383326c3cbbb99cf3a341ad5db235693c412789e9dac1,true,true
492,val-000492,keep,present_in_legacy_filtered_derivative,998d1b37156d6318f2bbd66a7bdb1d7aab3c510d336a5a28d0a4c3a0be2586f8,998d1b37156d6318f2bbd66a7bdb1d7aab3c510d336a5a28d0a4c3a0be2586f8,true,true
493,val-000493,keep,present_in_legacy_filtered_derivative,4c7bc1f60de2cd849460f8e0e2206d79011ff837709fea5cf15ae4180ee18ab3,4c7bc1f60de2cd849460f8e0e2206d79011ff837709fea5cf15ae4180ee18ab3,true,true
494,val-000494,keep,present_in_legacy_filtered_derivative,7d96ab3ab87acabba5370b366c518361ae60b896dffa048d000b9d200a952bbd,7d96ab3ab87acabba5370b366c518361ae60b896dffa048d000b9d200a952bbd,true,true
495,val-000495,keep,present_in_legacy_filtered_derivative,c2dcc6525f7913ee2da8d852c2a41e20711c1951ecbd2c848f97b25737c5981d,c2dcc6525f7913ee2da8d852c2a41e20711c1951ecbd2c848f97b25737c5981d,true,true
496,val-000496,exclude,absent_from_legacy_filtered_derivative; historical semantic reason unavailable,ea7c14a023d777101edd11ee606fc17fa7eb13f6b255d87c1f63ea0361519605,,,false
497,val-000497,keep,present_in_legacy_filtered_derivative,b5d5b88319e51a7cbcf77c45b9804d7c15d2966207a4ca30c0f48fd207217afe,b5d5b88319e51a7cbcf77c45b9804d7c15d2966207a4ca30c0f48fd207217afe,true,true
498,val-000498,exclude,absent_from_legacy_filtered_derivative; historical semantic reason unavailable,623d3d6ce419a421019eac45306691b62594157b682920dc802b1b9e9a368469,,,false
499,val-000499,keep,present_in_legacy_filtered_derivative,533f28f15198b20d7ca0bc3178de8df5c8fabb0987caebf738a9ac1c86929ac2,533f28f15198b20d7ca0bc3178de8df5c8fabb0987caebf738a9ac1c86929ac2,true,true
500,val-000500,keep,present_in_legacy_filtered_derivative,879c23cf92c1ba53959abbb88c4379b8526bb714b496623745c291f4005ba097,879c23cf92c1ba53959abbb88c4379b8526bb714b496623745c291f4005ba097,true,true
501,val-000501,keep,present_in_legacy_filtered_derivative,c849c343e9184c4e225b729c9b72a9ecf80fe5a190712847feea8adbf33cd1ce,c849c343e9184c4e225b729c9b72a9ecf80fe5a190712847feea8adbf33cd1ce,true,true
502,val-000502,keep,present_in_legacy_filtered_derivative,bc6c66effb03af191707162734efe65684280f13ef9f36bf6f8de3e62828a6f6,bc6c66effb03af191707162734efe65684280f13ef9f36bf6f8de3e62828a6f6,true,true
503,val-000503,keep,present_in_legacy_filtered_derivative,61218df23e223cb02b432530477b8d8094b03f4cc98a1d62b49826e96515da72,61218df23e223cb02b432530477b8d8094b03f4cc98a1d62b49826e96515da72,true,true
504,val-000504,keep,present_in_legacy_filtered_derivative,c57632687baf6e043ef56e337e43d8191b23208f03fd9b44ce91424102c89ee2,c57632687baf6e043ef56e337e43d8191b23208f03fd9b44ce91424102c89ee2,true,true
505,val-000505,keep,present_in_legacy_filtered_derivative,afcdb0c6ec3359fbb9c8dc0e1716f0a83b3ef74c750eb5b8cde0c859300e7044,3c0d7b3e976ce83a9be24c7ccfde3c559a15e1fb5c0f746af8857d304cf4f05c,false,true
506,val-000506,keep,present_in_legacy_filtered_derivative,db7f8b1b293cdf67fc2c8fe99c64308115767fd41bc7c0e0fde35f403213609f,db7f8b1b293cdf67fc2c8fe99c64308115767fd41bc7c0e0fde35f403213609f,true,true
507,val-000507,keep,present_in_legacy_filtered_derivative,e91e13bea6006cf515e4fb44322232d9f16f26616a4bfd92356bbf87e5b9ee46,e91e13bea6006cf515e4fb44322232d9f16f26616a4bfd92356bbf87e5b9ee46,true,true
508,val-000508,exclude,absent_from_legacy_filtered_derivative; historical semantic reason unavailable,0d95bf562028e19fa9e4046265476414e681c8ccf12b67dbef7657abe74f6f64,,,false
509,val-000509,keep,present_in_legacy_filtered_derivative,cc516600adcb7fce8e6687ddd5fc726100db250d9e95d645e0b39b3369cbb1dd,cc516600adcb7fce8e6687ddd5fc726100db250d9e95d645e0b39b3369cbb1dd,true,true
510,val-000510,keep,present_in_legacy_filtered_derivative,faf7b771eb486a06eae1b9b5f98fdf547f403f4f261ea90236873b80779832ff,faf7b771eb486a06eae1b9b5f98fdf547f403f4f261ea90236873b80779832ff,true,true
511,val-000511,keep,present_in_legacy_filtered_derivative,cebe4e507ae8c19f835762450e76e35fc3b7b03f371347ae4343f427eef8347d,cebe4e507ae8c19f835762450e76e35fc3b7b03f371347ae4343f427eef8347d,true,true
512,val-000512,keep,present_in_legacy_filtered_derivative,2577f24c030cb109959d304ba0b20958f2088bbf0d3f5b25103acd14f1d6a200,2577f24c030cb109959d304ba0b20958f2088bbf0d3f5b25103acd14f1d6a200,true,true
513,val-000513,keep,present_in_legacy_filtered_derivative,b9e8108e2e25465119d36f603573ad9cd8835845f53424efb50178277800d285,b9e8108e2e25465119d36f603573ad9cd8835845f53424efb50178277800d285,true,true
514,val-000514,keep,present_in_legacy_filtered_derivative,628ec73c8875607f81fce4ec2e6c93793591aa90ed060a42780595e37844b602,628ec73c8875607f81fce4ec2e6c93793591aa90ed060a42780595e37844b602,true,true
515,val-000515,keep,present_in_legacy_filtered_derivative,71630d4386fb03b993dfcbcc77051d3381bb6f124994581209e182ccc6a8a64d,71630d4386fb03b993dfcbcc77051d3381bb6f124994581209e182ccc6a8a64d,true,true
516,val-000516,keep,present_in_legacy_filtered_derivative,486a62e08aa43b0d15dd5f776aed033db815a81031b6da824c6d2056e802bd99,c3cefa45b10cf2e5166316b159b52b9452047a99033b7b0235921426894a8b8e,false,true
517,val-000517,keep,present_in_legacy_filtered_derivative,a5386848d83fe402c5b578e598d3d4005869a29281cc5002f9a2179920cc5576,a5386848d83fe402c5b578e598d3d4005869a29281cc5002f9a2179920cc5576,true,true
518,val-000518,keep,present_in_legacy_filtered_derivative,d1b4c4a3ce1f2540d8e9ddd0f0571dd304627fe96a8bdc80bf9c293501f08e45,d1b4c4a3ce1f2540d8e9ddd0f0571dd304627fe96a8bdc80bf9c293501f08e45,true,true
519,val-000519,keep,present_in_legacy_filtered_derivative,0a0c24539ac7b6e7c06202b97757b3d842e2b574850ee8e9bb82b660f0a435cc,0a0c24539ac7b6e7c06202b97757b3d842e2b574850ee8e9bb82b660f0a435cc,true,true
520,val-000520,keep,present_in_legacy_filtered_derivative,769954bb510ff06d6d702f9d90fa3ea49ec6fecb448ed7194cd309bfeef8c7ff,769954bb510ff06d6d702f9d90fa3ea49ec6fecb448ed7194cd309bfeef8c7ff,true,true
521,val-000521,keep,present_in_legacy_filtered_derivative,ffc183cc53079fe7c5b536f160c1ade9691c62f46c00e28d1140bed324a2a6e4,ffc183cc53079fe7c5b536f160c1ade9691c62f46c00e28d1140bed324a2a6e4,true,true
522,val-000522,keep,present_in_legacy_filtered_derivative,79cf6736cbeeb90af4606fb52d7b261ba75814c786b60414f90645e9a85feee8,79cf6736cbeeb90af4606fb52d7b261ba75814c786b60414f90645e9a85feee8,true,true
523,val-000523,keep,present_in_legacy_filtered_derivative,7db21e03d465705d6b047529a5948936c2718bf564085ffc1b582c45cdcbe0db,7db21e03d465705d6b047529a5948936c2718bf564085ffc1b582c45cdcbe0db,true,true
524,val-000524,keep,present_in_legacy_filtered_derivative,6a1adc2cb276b7330bc2d1c3eb3fbf39464ca6e64ecc9047cd5645e3adaf891e,6a1adc2cb276b7330bc2d1c3eb3fbf39464ca6e64ecc9047cd5645e3adaf891e,true,true
525,val-000525,keep,present_in_legacy_filtered_derivative,6af291b13b208ee13b08765b6958917a94a6e7aeaccee0465738afe950dc210d,6af291b13b208ee13b08765b6958917a94a6e7aeaccee0465738afe950dc210d,true,true
526,val-000526,keep,present_in_legacy_filtered_derivative,b9933e78c25560a89396e992233c114c705e00a22cbe02cfa3a5c5ecbb3a7fba,b9933e78c25560a89396e992233c114c705e00a22cbe02cfa3a5c5ecbb3a7fba,true,true
527,val-000527,keep,present_in_legacy_filtered_derivative,5893b265239f7488c13dbe43a9c03be9f393c0c1e7126c50b17c43282f503ba0,41c3301b4bda8a35871abfb0c58cbdfbdb4f4f4072d5258c12658bab91eaee48,false,true
528,val-000528,exclude,absent_from_legacy_filtered_derivative; historical semantic reason unavailable,36878b4237e65a0cb3be9195ddbf51362a33a1724fe5584431e05bc996723278,,,false
529,val-000529,keep,present_in_legacy_filtered_derivative,e0e59a4b0a0e261970d99bfe76a060f0a6d6635ea95c7509abbf6ff832209fbb,e0e59a4b0a0e261970d99bfe76a060f0a6d6635ea95c7509abbf6ff832209fbb,true,true
530,val-000530,keep,present_in_legacy_filtered_derivative,5ec3cc48e5271ab852ea65b4ec748c8f3d2ef97930b3b18ea331be38d665e8b8,5ec3cc48e5271ab852ea65b4ec748c8f3d2ef97930b3b18ea331be38d665e8b8,true,true
531,val-000531,exclude,absent_from_legacy_filtered_derivative; historical semantic reason unavailable,de1dba32b31c68d5beed52e7e52347c37f5de31432eb56232f6bc7409565babb,,,false
532,val-000532,keep,present_in_legacy_filtered_derivative,add21782bcefdc6b188000a6e2c8eaa895f1b64bd23f141fa298555662cc51fd,add21782bcefdc6b188000a6e2c8eaa895f1b64bd23f141fa298555662cc51fd,true,true
533,val-000533,keep,present_in_legacy_filtered_derivative,82a53f7fa093addfd03e5e396b3f5634c61b828472bd1af940a99f85b0ced4b4,82a53f7fa093addfd03e5e396b3f5634c61b828472bd1af940a99f85b0ced4b4,true,true
534,val-000534,exclude,absent_from_legacy_filtered_derivative; historical semantic reason unavailable,e27b45aac6bb16bab4ee249bcda2ed905cc307c7487571ca09c8c4ac85025c9d,,,false
535,val-000535,keep,present_in_legacy_filtered_derivative,12bc53850f420ba2bf6bb484c228702f752a859e2bf8650d035618e9efc221ff,12bc53850f420ba2bf6bb484c228702f752a859e2bf8650d035618e9efc221ff,true,true
536,val-000536,keep,present_in_legacy_filtered_derivative,18f6319b93f5e12491f914efa878434c2fa0a467b7e4dd303a3b73d518eabd8b,18f6319b93f5e12491f914efa878434c2fa0a467b7e4dd303a3b73d518eabd8b,true,true
537,val-000537,keep,present_in_legacy_filtered_derivative,ebd83159f82b7882a9ab086ef99a6012bb9c619b1bac57aa17939ec1f4502966,ebd83159f82b7882a9ab086ef99a6012bb9c619b1bac57aa17939ec1f4502966,true,true
538,val-000538,keep,present_in_legacy_filtered_derivative,c24140cd2c46fc60f19f97120533fd0c13f1259d3334f7e970d7fa6cfed4340c,c24140cd2c46fc60f19f97120533fd0c13f1259d3334f7e970d7fa6cfed4340c,true,true
539,val-000539,keep,present_in_legacy_filtered_derivative,42e4c87471f800a12cee669af5b87a918ceeb4f6f0cebebd171be57019ee10cb,42e4c87471f800a12cee669af5b87a918ceeb4f6f0cebebd171be57019ee10cb,true,true
540,val-000540,keep,present_in_legacy_filtered_derivative,e71b8c250246f37d4d30358f9e22f2a94be550a9a4641c35102ac8032a91c0d8,e71b8c250246f37d4d30358f9e22f2a94be550a9a4641c35102ac8032a91c0d8,true,true
541,val-000541,keep,present_in_legacy_filtered_derivative,ee1069d4709e8c4df146c773df460450f12a617020c95f94ff86dad6e91e3c2f,ee1069d4709e8c4df146c773df460450f12a617020c95f94ff86dad6e91e3c2f,true,true
542,val-000542,keep,present_in_legacy_filtered_derivative,63b92616451b66e63d4f2d6e80d394f14095eb6ab467dd5d8a28c80ddab3066b,63b92616451b66e63d4f2d6e80d394f14095eb6ab467dd5d8a28c80ddab3066b,true,true
543,val-000543,keep,present_in_legacy_filtered_derivative,00e2730d622c4ad841a894c00a2054b5d54475e6cfb1366950f115b18e40fefd,00e2730d622c4ad841a894c00a2054b5d54475e6cfb1366950f115b18e40fefd,true,true
544,val-000544,exclude,absent_from_legacy_filtered_derivative; historical semantic reason unavailable,51a1d13cd8af59e263e19fbdb888da8ac15334e7dce98a069b3274bddb779305,,,false
545,val-000545,exclude,absent_from_legacy_filtered_derivative; historical semantic reason unavailable,95f3c3d29e91139564fd05adc7ccb574c063d0cfd820e4ab369b9eb0e0beedfe,,,false
546,val-000546,keep,present_in_legacy_filtered_derivative,0c5e3377e446d5f432b6b1dba269619812b4078e7e91a8b40de50c2cb3c3bdea,0c5e3377e446d5f432b6b1dba269619812b4078e7e91a8b40de50c2cb3c3bdea,true,true
547,val-000547,exclude,absent_from_legacy_filtered_derivative; historical semantic reason unavailable,d65b1a2cd1d747e9f4174d81b83c768960d8fb18a1b64c6389f23f9aaa601692,,,false
548,val-000548,exclude,absent_from_legacy_filtered_derivative; historical semantic reason unavailable,d76d56b000152782aad81a19f492c612374afb8d78f111679b31f5f366d07dc1,,,false
549,val-000549,exclude,absent_from_legacy_filtered_derivative; historical semantic reason unavailable,bcec42e486724a893b3f23fa0b683fdb96572915c78c4286d15b391a0e934191,,,false
550,val-000550,keep,present_in_legacy_filtered_derivative,bf080d309a932489c7ec3b53150f043438a899d93af406771022a89d36294f4d,bf080d309a932489c7ec3b53150f043438a899d93af406771022a89d36294f4d,true,true
551,val-000551,keep,present_in_legacy_filtered_derivative,764dca3c56aa4424b0beeefc8534e0b0165f746c0357d0acaa9e6f77c0d018bf,764dca3c56aa4424b0beeefc8534e0b0165f746c0357d0acaa9e6f77c0d018bf,true,true
552,val-000552,keep,present_in_legacy_filtered_derivative,e6f0e8690ac23a230b3efe5ba69604ef7cebdb419155b63d84f7f816f148e558,e6f0e8690ac23a230b3efe5ba69604ef7cebdb419155b63d84f7f816f148e558,true,true
553,val-000553,keep,present_in_legacy_filtered_derivative,298e43e3048254572fed89b54772b5f241d36761dbc8bb8f54e10502e9d2dca6,298e43e3048254572fed89b54772b5f241d36761dbc8bb8f54e10502e9d2dca6,true,true
554,val-000554,keep,present_in_legacy_filtered_derivative,45b89e59012065d4d6d0dff9a6e2730dd75822f7240f7480d3704907e2169c0b,45b89e59012065d4d6d0dff9a6e2730dd75822f7240f7480d3704907e2169c0b,true,true
555,val-000555,keep,present_in_legacy_filtered_derivative,24db3d47e9dcf96e3c43737559a5074cda04160768c3fa2be5779e20e19d27e1,24db3d47e9dcf96e3c43737559a5074cda04160768c3fa2be5779e20e19d27e1,true,true
556,val-000556,keep,present_in_legacy_filtered_derivative,ab23e86ff4d6c37154d67a7234dc75ab1b8b080bb6ccbcc5614734b332d94278,ab23e86ff4d6c37154d67a7234dc75ab1b8b080bb6ccbcc5614734b332d94278,true,true
557,val-000557,keep,present_in_legacy_filtered_derivative,0015b7408bcb683d953c4cabe18d8f68addd98eb84802b941abdfa9ef58a9c8e,0015b7408bcb683d953c4cabe18d8f68addd98eb84802b941abdfa9ef58a9c8e,true,true
558,val-000558,keep,present_in_legacy_filtered_derivative,d4e4ae7b69cba4b95650c9e90545a13c61d555fe4f8138c3e4b55d3bae9a7db8,d4e4ae7b69cba4b95650c9e90545a13c61d555fe4f8138c3e4b55d3bae9a7db8,true,true
559,val-000559,keep,present_in_legacy_filtered_derivative,c711e2762c2e8dc3feaf99cb00e34afd42267cb29dddcda9cb9b9224130f858f,c711e2762c2e8dc3feaf99cb00e34afd42267cb29dddcda9cb9b9224130f858f,true,true
560,val-000560,keep,present_in_legacy_filtered_derivative,b0c79f70920d878b4044a588368400027875fead49695186fde08fdaeb818ae7,b0c79f70920d878b4044a588368400027875fead49695186fde08fdaeb818ae7,true,true
561,val-000561,keep,present_in_legacy_filtered_derivative,9d6341e5d71ffce70087a79ad1b12552a548cc113bf1949ffde29c17bef76aa7,9d6341e5d71ffce70087a79ad1b12552a548cc113bf1949ffde29c17bef76aa7,true,true
562,val-000562,keep,present_in_legacy_filtered_derivative,48f977937eb7e1d97b7a60e2a0532bac731e131b5f79f92ec3d28965b1844f80,48f977937eb7e1d97b7a60e2a0532bac731e131b5f79f92ec3d28965b1844f80,true,true
563,val-000563,keep,present_in_legacy_filtered_derivative,0022d68d63d2d5b7835157a0dfa316cbc5c767fdbe1cd370d5dcf9f38f830dcc,a4eaa5cdf20e9ec83b6f61db120bed5a9bb27d2aa22149c4315be6a8ef318aa9,false,true
564,val-000564,keep,present_in_legacy_filtered_derivative,9ef4106f176d2f1ce0b5cc50fb5b87e4555703eb4bfb1c38adbd564ffbde1d55,9ef4106f176d2f1ce0b5cc50fb5b87e4555703eb4bfb1c38adbd564ffbde1d55,true,true
565,val-000565,keep,present_in_legacy_filtered_derivative,43661402c2545b6146748d426b63d8da39c5685554bd296a9b21676cf27f7b22,43661402c2545b6146748d426b63d8da39c5685554bd296a9b21676cf27f7b22,true,true
566,val-000566,keep,present_in_legacy_filtered_derivative,844d7a1768c19756c101703fa897d92dd20623ec5286c7dad00f4ef6b78ee939,844d7a1768c19756c101703fa897d92dd20623ec5286c7dad00f4ef6b78ee939,true,true
567,val-000567,keep,present_in_legacy_filtered_derivative,8b2e5281f92593cdbffab20e67788327d3cdccc9c4af2b620551208f058b51ce,83eae2c7db0a19dcb96bcc66fedfab512788fbaa44ffa44bda206397f21641d0,false,true
568,val-000568,keep,present_in_legacy_filtered_derivative,df1e0d9376f2be33d594c09be96824546124a0215c7817c5a1e3315c415fdfcd,df1e0d9376f2be33d594c09be96824546124a0215c7817c5a1e3315c415fdfcd,true,true
569,val-000569,keep,present_in_legacy_filtered_derivative,2652aded6ba3013f9fcbbb82f77a0cf45e18b5fec965a7e0c3fd0ac6ea77a278,2652aded6ba3013f9fcbbb82f77a0cf45e18b5fec965a7e0c3fd0ac6ea77a278,true,true
570,val-000570,keep,present_in_legacy_filtered_derivative,2cbbdfdb7b363ba5feb554530021642fb4febebad27b9fab6a044ad0ab69d967,2cbbdfdb7b363ba5feb554530021642fb4febebad27b9fab6a044ad0ab69d967,true,true
571,val-000571,keep,present_in_legacy_filtered_derivative,48e7f42c58fa9e72c89072cf11b52c982282f5fe2fd003b5f520f96e44abf0a1,48e7f42c58fa9e72c89072cf11b52c982282f5fe2fd003b5f520f96e44abf0a1,true,true
572,val-000572,exclude,absent_from_legacy_filtered_derivative; historical semantic reason unavailable,8774f3b62277dd5a980efa3ed8116a77643ce6770e74e1d4bb94e72f4d8eee91,,,false
573,val-000573,exclude,absent_from_legacy_filtered_derivative; historical semantic reason unavailable,a7e2b7cf9f2f310025b0eb64f6d6d170b4488399d42ba8617fa65ce34edf102f,,,false
574,val-000574,exclude,absent_from_legacy_filtered_derivative; historical semantic reason unavailable,99ec3a242c09f17b2c13b2840d77cfe425fd7d49b23410276f52be4c5e6fb12b,,,false
575,val-000575,keep,present_in_legacy_filtered_derivative,4f6ddaba1ad962a9c69c12e63af90bff2e8cacb23a32c5d49b02f464dedc9c80,8fb3964befad3d2d24a039bcb7109a8910d9a8818378e55df89eddf6e8299ad9,false,true
576,val-000576,keep,present_in_legacy_filtered_derivative,2b2f71a72aece43a7be7045391175a46a4cdfb44b7cadfe096ff6beaff671ad3,2b2f71a72aece43a7be7045391175a46a4cdfb44b7cadfe096ff6beaff671ad3,true,true
577,val-000577,keep,present_in_legacy_filtered_derivative,f0c6b35ff79c58ad26a97ba23f2b37ff9c19b76d0d6f5f61f785b0d4774af6cb,baac9c8cdeacee733e07904e7d04c9f6aff5092c8fca43276624649af8e2b929,false,true
578,val-000578,keep,present_in_legacy_filtered_derivative,94aeb3ff33b434794340965e5b923330349c86e49f7fad52bc9426a87d7db2f5,94aeb3ff33b434794340965e5b923330349c86e49f7fad52bc9426a87d7db2f5,true,true
579,val-000579,keep,present_in_legacy_filtered_derivative,818a83e3fb303f3ee85d4e482b5aa40d6c57fad5ef95ebac155115eae13ec5f2,818a83e3fb303f3ee85d4e482b5aa40d6c57fad5ef95ebac155115eae13ec5f2,true,true
580,val-000580,exclude,absent_from_legacy_filtered_derivative; historical semantic reason unavailable,9c96290338bc9a6f48110ea1b26540449dc1c58e9998e90a69cd19232d9c39eb,,,false
581,val-000581,keep,present_in_legacy_filtered_derivative,7d73072ed909827c5e57921e53cbff92403a6645f7c0b3ab46a6b1d2e1cbc8e4,7d73072ed909827c5e57921e53cbff92403a6645f7c0b3ab46a6b1d2e1cbc8e4,true,true
582,val-000582,exclude,absent_from_legacy_filtered_derivative; historical semantic reason unavailable,d4616f1ab15ec87b16d266b39debba63b2a3dd1328b00ea3ade637eda2eec1b4,,,false
583,val-000583,keep,present_in_legacy_filtered_derivative,1cd2e9d5b46185f87d6ce2427f3aa4ff53bb0c958ce476bd9fd9c77681793b33,1cd2e9d5b46185f87d6ce2427f3aa4ff53bb0c958ce476bd9fd9c77681793b33,true,true
584,val-000584,exclude,absent_from_legacy_filtered_derivative; historical semantic reason unavailable,822570a1b7fe261e37a459df0d489e2cda5f0a049176e068cd3a04c4c1224683,,,false
585,val-000585,keep,present_in_legacy_filtered_derivative,178e483fb3c2f42cb161a81d9c9c0d2dfe0fc34eec069a3796e98027addec18e,178e483fb3c2f42cb161a81d9c9c0d2dfe0fc34eec069a3796e98027addec18e,true,true
586,val-000586,keep,present_in_legacy_filtered_derivative,98d9eb1b815094b3195995a6a0a0781e55d25a6f4369fd9ce0704d4a8e61daa4,98d9eb1b815094b3195995a6a0a0781e55d25a6f4369fd9ce0704d4a8e61daa4,true,true
587,val-000587,keep,present_in_legacy_filtered_derivative,79b6c70a4a56d37bd32441294021857e319504692848da2a12e7ee0e248abcfe,ab568085fd0eab96a5732c03dbff7033302f3c6a7d0284acfb06f26f20ce4f1e,false,true
588,val-000588,exclude,absent_from_legacy_filtered_derivative; historical semantic reason unavailable,77a55739e433c3561a94a1c33d18b4c9265e6be365609f8fcf791a3b785d0482,,,false
589,val-000589,keep,present_in_legacy_filtered_derivative,1c7881c4664b64b0b9cf6f000ce007e17600e6886a6e0a2d817c7308cd210a6e,1c7881c4664b64b0b9cf6f000ce007e17600e6886a6e0a2d817c7308cd210a6e,true,true
590,val-000590,keep,present_in_legacy_filtered_derivative,decc07e0d2e5a0f557554c410260b453917348b35c2f311234bf6f4bf78890f9,decc07e0d2e5a0f557554c410260b453917348b35c2f311234bf6f4bf78890f9,true,true
591,val-000591,keep,present_in_legacy_filtered_derivative,5affca2442a76747f0c591b6cd63bb57314df95bf79ba68bcb1f2b6a042f561b,5affca2442a76747f0c591b6cd63bb57314df95bf79ba68bcb1f2b6a042f561b,true,true
592,val-000592,keep,present_in_legacy_filtered_derivative,5189da9db53e6767f8c17ca70ead5fdd40836b9f78f4e2f023cdbe59f7ddd526,2705062857687d79a7df704e8303b7ffed9a4bb22f35db1f8812dc6936e445d5,false,true
593,val-000593,keep,present_in_legacy_filtered_derivative,210487d50bc890da88f7603c251ce22575a2b716fcc7f2898b5875082d84ba25,210487d50bc890da88f7603c251ce22575a2b716fcc7f2898b5875082d84ba25,true,true
594,val-000594,keep,present_in_legacy_filtered_derivative,1ee3590e2be27bacf7009b785e020bf361bedbd0c522f29b09d56f6c5b0a215f,1ee3590e2be27bacf7009b785e020bf361bedbd0c522f29b09d56f6c5b0a215f,true,true
595,val-000595,keep,present_in_legacy_filtered_derivative,d27c6a85c1d9a74b9b51cfd78a8aff996aadc9e6c2d87e7109e7d88cfc86329b,e1499b2db4fd018d7fc601cdf9c5fef9691f430bfec75f0a3815f42544ef4fe1,false,true
596,val-000596,keep,present_in_legacy_filtered_derivative,1eb0e591821f0bb5320e6d79aceb61bceef4aaf4dc4ccf2141ddbeaabdb122e1,1eb0e591821f0bb5320e6d79aceb61bceef4aaf4dc4ccf2141ddbeaabdb122e1,true,true
597,val-000597,keep,present_in_legacy_filtered_derivative,2d2c034bd6afa02c3e4b4713a50c21dbbaf5e303eb490ca985459f7d16541f8d,2d2c034bd6afa02c3e4b4713a50c21dbbaf5e303eb490ca985459f7d16541f8d,true,true
598,val-000598,keep,present_in_legacy_filtered_derivative,3a9c77972f12e284c2c36f86b4ca4e4d502ccc009b0796d2e14a39a186bb23de,3a9c77972f12e284c2c36f86b4ca4e4d502ccc009b0796d2e14a39a186bb23de,true,true
599,val-000599,exclude,absent_from_legacy_filtered_derivative; historical semantic reason unavailable,38b0e0319bae42de5a38298049b980768bbbc78add3b039c4dea6cf3400eda3a,,,false
600,val-000600,keep,present_in_legacy_filtered_derivative,918dbefbcf84cff52cad8ae3922f86b7467c1711d7a88d990967d96d01141719,918dbefbcf84cff52cad8ae3922f86b7467c1711d7a88d990967d96d01141719,true,true
601,val-000601,keep,present_in_legacy_filtered_derivative,005a7668eaac6c9280ec9eb0bb3b14048c7209533a6f664270be82d34bf1e7f7,005a7668eaac6c9280ec9eb0bb3b14048c7209533a6f664270be82d34bf1e7f7,true,true
602,val-000602,exclude,absent_from_legacy_filtered_derivative; historical semantic reason unavailable,131457c68dbb702708a2548f8071e6d444e3fb52bf9eb660711c4c88fb7650bc,,,false
603,val-000603,keep,present_in_legacy_filtered_derivative,3eba36294b7f854bc4f54df3991712a4a9523c1c0a48653eda95ca56fcc7f3b9,3eba36294b7f854bc4f54df3991712a4a9523c1c0a48653eda95ca56fcc7f3b9,true,true
604,val-000604,keep,present_in_legacy_filtered_derivative,fe2f7dc74549eb1599cb9c279b5c1d1cb708e1b169418588c1961474e62ea477,fe2f7dc74549eb1599cb9c279b5c1d1cb708e1b169418588c1961474e62ea477,true,true
605,val-000605,keep,present_in_legacy_filtered_derivative,19a389b44f950b327271b76ac57c7bc4372ce4c30e2e51f0fb7e4ef14ad51f51,2cc7f08b4083b255d29442cdef31fb343c3bd6c97b3821ff7f353f7053908a66,false,true
606,val-000606,keep,present_in_legacy_filtered_derivative,dde88a8de094f999e01490e61bb26ae4743f282db450a0cd992212f74da87e4c,dde88a8de094f999e01490e61bb26ae4743f282db450a0cd992212f74da87e4c,true,true
607,val-000607,exclude,absent_from_legacy_filtered_derivative; historical semantic reason unavailable,2a8b0028f7d54625627ea2473f469a155437e472222bebbea048e4325c1a7cef,,,false
608,val-000608,exclude,absent_from_legacy_filtered_derivative; historical semantic reason unavailable,3cd9b65c78974c4134497e49d30a4c433f3ccdf89fa5ce7cb4039935e668565a,,,false
609,val-000609,keep,present_in_legacy_filtered_derivative,9a8f31734c9f2930f0e13e84c0ca2cfb60d45f9a9cc46f8f61d3e469ec1c4a05,9a8f31734c9f2930f0e13e84c0ca2cfb60d45f9a9cc46f8f61d3e469ec1c4a05,true,true
610,val-000610,exclude,absent_from_legacy_filtered_derivative; historical semantic reason unavailable,09a697202aa8f0e1129800365276d47cc4b794ff8db1188fea47ab411f1858d6,,,false
611,val-000611,exclude,absent_from_legacy_filtered_derivative; historical semantic reason unavailable,8c135d413cad2f72f4f0a61b598aec4c3135afe546851ad4f9a1f14249390c7e,,,false
612,val-000612,keep,present_in_legacy_filtered_derivative,c8e6ab0a9a8d0ed904b2620f837eaf7fd5af4a43347564db11038b1c7f8c121d,c8e6ab0a9a8d0ed904b2620f837eaf7fd5af4a43347564db11038b1c7f8c121d,true,true
613,val-000613,exclude,absent_from_legacy_filtered_derivative; historical semantic reason unavailable,bc481a7669b9508aa776eebe7318a3052e7d1bcbd5e88c045071287c6471b564,,,false
614,val-000614,keep,present_in_legacy_filtered_derivative,ae2a4bcb53a2a5166c6a43facb8b7c28dec0d5d3872c6d9fd79e8976485d4df0,4f36ba271d5cea07c47d9ff99861ff97d65e0937df46d8172cac32cffafdf4db,false,true
615,val-000615,keep,present_in_legacy_filtered_derivative,f9e1d7da396dc4e62c0ac84168c0370bdf0e41a4efde88331a729c9f7e110922,f9e1d7da396dc4e62c0ac84168c0370bdf0e41a4efde88331a729c9f7e110922,true,true
616,val-000616,keep,present_in_legacy_filtered_derivative,3267bcdaac0c79a22710e7a6fbe37d30cc1bdd3754008446cdc67d5a081c5159,3267bcdaac0c79a22710e7a6fbe37d30cc1bdd3754008446cdc67d5a081c5159,true,true
617,val-000617,keep,present_in_legacy_filtered_derivative,0e7e982063148645858cdc53963f7f2ddf1261288b5f9d5f8676a979b4fa757a,0e7e982063148645858cdc53963f7f2ddf1261288b5f9d5f8676a979b4fa757a,true,true
618,val-000618,keep,present_in_legacy_filtered_derivative,6fcf9b2ee765971c92cee73a2df7a943de73cf101b6c594700a859c0ba41f0d6,6fcf9b2ee765971c92cee73a2df7a943de73cf101b6c594700a859c0ba41f0d6,true,true
619,val-000619,keep,present_in_legacy_filtered_derivative,45b6c5acf77e7eb3f336f3b9ab69bbbbd4d7e3424233cac65792cb287c8023ed,45b6c5acf77e7eb3f336f3b9ab69bbbbd4d7e3424233cac65792cb287c8023ed,true,true
620,val-000620,keep,present_in_legacy_filtered_derivative,e5f8f7badf5852a30f84f6ec919f2d651fc569a4587381de39b38474054decd9,e5f8f7badf5852a30f84f6ec919f2d651fc569a4587381de39b38474054decd9,true,true
621,val-000621,exclude,absent_from_legacy_filtered_derivative; historical semantic reason unavailable,b7101ec4d422fc847225bf1b3a46e99f9f241bd8979022e6f0a4f1f8ffff1999,,,false
622,val-000622,keep,present_in_legacy_filtered_derivative,53e771ad9e133ce46ec440e766e98900d7cc1e050816c474ac7b927108fca776,53e771ad9e133ce46ec440e766e98900d7cc1e050816c474ac7b927108fca776,true,true
623,val-000623,keep,present_in_legacy_filtered_derivative,0ede83006d96f735a7f5e1fa19e55b6aef985d05db98270f47da3e247593359b,0ede83006d96f735a7f5e1fa19e55b6aef985d05db98270f47da3e247593359b,true,true
624,val-000624,keep,present_in_legacy_filtered_derivative,5939af4208b839b3cb0493bd90d62f404e9917bf39b581f765bdc8e2c1c5a198,5939af4208b839b3cb0493bd90d62f404e9917bf39b581f765bdc8e2c1c5a198,true,true
625,val-000625,keep,present_in_legacy_filtered_derivative,de934d46f108aed89526b2986c85e1ed9eb158d7d63ea28eccb7ee7bc2ab7dee,cffa1241f1c77b35b12665a334372cad2541ffd3f1ff89d1eb15b2b20b1ca786,false,true
626,val-000626,keep,present_in_legacy_filtered_derivative,72f430d13d0e220af82b185f8cf4e5ef770df6f1895ce65e96592d47ee57ae26,72f430d13d0e220af82b185f8cf4e5ef770df6f1895ce65e96592d47ee57ae26,true,true
627,val-000627,exclude,absent_from_legacy_filtered_derivative; historical semantic reason unavailable,71bfb25343aa1c585bc0da2f89bf89cf79f828ff5b57530a6672d02c4ed00248,,,false
628,val-000628,keep,present_in_legacy_filtered_derivative,415fd9622c11fdec5d543a75d5c356953a74aacf1b0fc7c828a95bc6f4d4e144,415fd9622c11fdec5d543a75d5c356953a74aacf1b0fc7c828a95bc6f4d4e144,true,true
629,val-000629,keep,present_in_legacy_filtered_derivative,2541f6798ae8c790a5996c890ced33dbc9a0954adf781dac9b7e29cb2c58d04c,2541f6798ae8c790a5996c890ced33dbc9a0954adf781dac9b7e29cb2c58d04c,true,true
630,val-000630,keep,present_in_legacy_filtered_derivative,8e9da5e33c7576373618b7a5f14e9f503f7e6b1df780be28274788bf2b0c9ce6,8e9da5e33c7576373618b7a5f14e9f503f7e6b1df780be28274788bf2b0c9ce6,true,true
631,val-000631,exclude,absent_from_legacy_filtered_derivative; historical semantic reason unavailable,90b5dc10695c8889816aa9670a68307bdd20a898564b1c0e8c6a9b61741f9291,,,false
632,val-000632,keep,present_in_legacy_filtered_derivative,c1801a89c8d4eee9a43728d891dbe6d0c72f3bb651c54fe6f44e4948a38bef19,c1801a89c8d4eee9a43728d891dbe6d0c72f3bb651c54fe6f44e4948a38bef19,true,true
633,val-000633,exclude,absent_from_legacy_filtered_derivative; historical semantic reason unavailable,6f36e2bb1c09d5173c2966c0f91c21f96aa1481b8980cd9017c96566ce937227,,,false
634,val-000634,exclude,absent_from_legacy_filtered_derivative; historical semantic reason unavailable,3b7b38e88f39be98ab4edef5534392cce171a9110fd1e568e83dc5cb41b54715,,,false
635,val-000635,exclude,absent_from_legacy_filtered_derivative; historical semantic reason unavailable,523219bdeb353c92a34e758d426ecac2fc9cbbad32939368233b513c6b7088f2,,,false
636,val-000636,keep,present_in_legacy_filtered_derivative,0f3cbeaf8a80d934b5bc37289303ba1912796daf20aaa15fdf6295a0ebda56a3,0f3cbeaf8a80d934b5bc37289303ba1912796daf20aaa15fdf6295a0ebda56a3,true,true
637,val-000637,keep,present_in_legacy_filtered_derivative,63264275199709c9484952a280863ce527b7b2962492774104dcb76646c3bd6a,63264275199709c9484952a280863ce527b7b2962492774104dcb76646c3bd6a,true,true
638,val-000638,keep,present_in_legacy_filtered_derivative,a2ab3f6965dbb699fd6f62278125d48fc3dedd0a90bbb43c7403f9a19a18ece3,a2ab3f6965dbb699fd6f62278125d48fc3dedd0a90bbb43c7403f9a19a18ece3,true,true
639,val-000639,keep,present_in_legacy_filtered_derivative,f10edeeb2b2941b6f5f84de2d363db704fb0f9f5d086f09dc4947e2e2d5c9d8f,f10edeeb2b2941b6f5f84de2d363db704fb0f9f5d086f09dc4947e2e2d5c9d8f,true,true
640,val-000640,keep,present_in_legacy_filtered_derivative,d734739887499d0a7612e4d87da56419418c16d0a2e3d381862bf0256da4785e,d734739887499d0a7612e4d87da56419418c16d0a2e3d381862bf0256da4785e,true,true
641,val-000641,keep,present_in_legacy_filtered_derivative,239061feecb11829427efc617c3a67edae1d1fedfcf142b58a6b1120ca10d587,239061feecb11829427efc617c3a67edae1d1fedfcf142b58a6b1120ca10d587,true,true
642,val-000642,keep,present_in_legacy_filtered_derivative,1272cc04cd785e9936f9b3204394bde9250ce70b817d7c5012145184a92d0a88,1272cc04cd785e9936f9b3204394bde9250ce70b817d7c5012145184a92d0a88,true,true
643,val-000643,keep,present_in_legacy_filtered_derivative,69d9aabcf318486d4bf31ac1c50223680b20c359b9f93126b8e90ae4187ff9b3,69d9aabcf318486d4bf31ac1c50223680b20c359b9f93126b8e90ae4187ff9b3,true,true
644,val-000644,exclude,absent_from_legacy_filtered_derivative; historical semantic reason unavailable,54d3964b1b172d021879da6f04c39b278ba2960afa1025de7cca39a9084773f5,,,false
645,val-000645,keep,present_in_legacy_filtered_derivative,6889bf0f3a63391a9038ed8eb4283bd7c146e4215463537e2471d01f00e99679,6889bf0f3a63391a9038ed8eb4283bd7c146e4215463537e2471d01f00e99679,true,true
646,val-000646,keep,present_in_legacy_filtered_derivative,b367f46e26ce1c049ab2f6467034e3c01febee1eff5863feefddb163aa1d276f,b367f46e26ce1c049ab2f6467034e3c01febee1eff5863feefddb163aa1d276f,true,true
647,val-000647,keep,present_in_legacy_filtered_derivative,69122ae929f31ab42f82c0cf95de09941f834b4611feed8efa89881ee6d92a98,69122ae929f31ab42f82c0cf95de09941f834b4611feed8efa89881ee6d92a98,true,true
648,val-000648,keep,present_in_legacy_filtered_derivative,733ad72e3bc33bbbe29085ababcbaee90d35e3e1e4136ccf1bbccf83d2a210bc,733ad72e3bc33bbbe29085ababcbaee90d35e3e1e4136ccf1bbccf83d2a210bc,true,true
649,val-000649,keep,present_in_legacy_filtered_derivative,bc9f21ab55b9194cca15a5a57f27f8a93b16234dfaa4daddf271c9e852db5a1c,dbe79432d6117a5db67f296a31743035cf9f0bcaf2652cd89da8f36e561c9ade,false,true
650,val-000650,keep,present_in_legacy_filtered_derivative,0c76e5cb2e4401f164980bc3c11325572b694376b4904f77de6ed84a02f3dbb4,0c76e5cb2e4401f164980bc3c11325572b694376b4904f77de6ed84a02f3dbb4,true,true
651,val-000651,keep,present_in_legacy_filtered_derivative,7c2c8b80eef6ef2428000ea7c97048b2d4f7119dfd385203d7827f5572619802,7c2c8b80eef6ef2428000ea7c97048b2d4f7119dfd385203d7827f5572619802,true,true
652,val-000652,keep,present_in_legacy_filtered_derivative,a9bfecec938778d4400ec58a805e2ae5d9121bb82682b89bc339c1b2a1bc8fd8,a9bfecec938778d4400ec58a805e2ae5d9121bb82682b89bc339c1b2a1bc8fd8,true,true
653,val-000653,keep,present_in_legacy_filtered_derivative,329ea6686c283015d38b30b2458ae693fdc41a871db345b4ad5076a621813c8e,329ea6686c283015d38b30b2458ae693fdc41a871db345b4ad5076a621813c8e,true,true
654,val-000654,keep,present_in_legacy_filtered_derivative,07d8084057ab58d81a035df32c14209a677a5808945cbd433d9c2b374a2b0149,07d8084057ab58d81a035df32c14209a677a5808945cbd433d9c2b374a2b0149,true,true
655,val-000655,keep,present_in_legacy_filtered_derivative,3d4c9f44136b027cbb3b1e696a9b47012a70f7b3b79728a24af51c0246746666,3d4c9f44136b027cbb3b1e696a9b47012a70f7b3b79728a24af51c0246746666,true,true
656,val-000656,keep,present_in_legacy_filtered_derivative,a4e3c3f2e9ac995a84362bf9db3082f9c8a95a170d0bcfc30ea2e21094b48c81,a4e3c3f2e9ac995a84362bf9db3082f9c8a95a170d0bcfc30ea2e21094b48c81,true,true
657,val-000657,keep,present_in_legacy_filtered_derivative,f1ca70465edc3c3a77ffb228642b1bbbd8403d545ab4f9c4cacab1cd95582397,f1ca70465edc3c3a77ffb228642b1bbbd8403d545ab4f9c4cacab1cd95582397,true,true
658,val-000658,keep,present_in_legacy_filtered_derivative,abf18c14459b824c34ee6081f0ef70a309b60ef5b77171436be360e41d0aa8d9,abf18c14459b824c34ee6081f0ef70a309b60ef5b77171436be360e41d0aa8d9,true,true
659,val-000659,keep,present_in_legacy_filtered_derivative,8993ac1b3e42f9fae0d1079d87b450570f40ef81319438eddd093f8e9681110b,8993ac1b3e42f9fae0d1079d87b450570f40ef81319438eddd093f8e9681110b,true,true
660,val-000660,keep,present_in_legacy_filtered_derivative,ac940571ad75e94ba648b85f87450c697f18d9a5902c6f5a60d3316108a08b0f,ac940571ad75e94ba648b85f87450c697f18d9a5902c6f5a60d3316108a08b0f,true,true
661,val-000661,keep,present_in_legacy_filtered_derivative,f008787593b9c75d7542b13cb9577b64160c90e9c9960cdbf28c115686aef958,f008787593b9c75d7542b13cb9577b64160c90e9c9960cdbf28c115686aef958,true,true
662,val-000662,keep,present_in_legacy_filtered_derivative,39123f3e191c792129631e8711d693d333cbbd54cd0aa9c39824ee30a59925ff,265635467f305ef9a56470f4073454d3662a7b31a764cde70acbe545cef7f64e,false,true
663,val-000663,keep,present_in_legacy_filtered_derivative,5f2cf51c87eb55c8f9ac715701b2ef43efc72ae42bcd1b064712e0355d119da5,5f2cf51c87eb55c8f9ac715701b2ef43efc72ae42bcd1b064712e0355d119da5,true,true
664,val-000664,exclude,absent_from_legacy_filtered_derivative; historical semantic reason unavailable,3c4e18e9a18cfb6a19d9ac7fd2d644ce8c8352aeffd132e19f596d172c3f47bf,,,false
665,val-000665,keep,present_in_legacy_filtered_derivative,1c212d2a5029b8f14b7b1e48781eda4d8bf2a50ba350b8711978266383498fc2,1c212d2a5029b8f14b7b1e48781eda4d8bf2a50ba350b8711978266383498fc2,true,true
666,val-000666,keep,present_in_legacy_filtered_derivative,4a18a591a4fdfcf1811ab8a55f8b3f9659ce04cad706fac1b11c3cc61f7896ac,4a18a591a4fdfcf1811ab8a55f8b3f9659ce04cad706fac1b11c3cc61f7896ac,true,true
667,val-000667,keep,present_in_legacy_filtered_derivative,a14487e58f3eff168869bff52c208d1512cd73ec06ec2f56d9a2b4a10eb4f644,a14487e58f3eff168869bff52c208d1512cd73ec06ec2f56d9a2b4a10eb4f644,true,true
668,val-000668,keep,present_in_legacy_filtered_derivative,6f9017b42309397758a6aef3059bdf16ce7ecba150038c760da84c819d61c364,6f9017b42309397758a6aef3059bdf16ce7ecba150038c760da84c819d61c364,true,true
669,val-000669,keep,present_in_legacy_filtered_derivative,898cbe8c9463a50843bf5718769e4bb68da11146b0f0a4e5b9c24627e830a97c,ffeadc7443018818d112ebaf4e6fc93b0a5013b2615683c86af969521eed75c7,false,true
670,val-000670,keep,present_in_legacy_filtered_derivative,ed295d15d6d5b0ef9dd6b9847f62b40a280d8bef4f7a0082298b7b1cbef4e0eb,ed295d15d6d5b0ef9dd6b9847f62b40a280d8bef4f7a0082298b7b1cbef4e0eb,true,true
671,val-000671,keep,present_in_legacy_filtered_derivative,fb5945260bd57bcd8b90e5eda58d9b3e17bf5fb9d5b50919ef5ad9e5fd18873f,fb5945260bd57bcd8b90e5eda58d9b3e17bf5fb9d5b50919ef5ad9e5fd18873f,true,true
672,val-000672,exclude,absent_from_legacy_filtered_derivative; historical semantic reason unavailable,5ae7eb7c1d47b945b30a8dc64a86b0b383c8d5c4680982fc39920c5de2363bf5,,,false
673,val-000673,exclude,absent_from_legacy_filtered_derivative; historical semantic reason unavailable,8657c58583dd1e88186466f8e0b06274943dc253775426268b88aac60a875157,,,false
674,val-000674,keep,present_in_legacy_filtered_derivative,616d7232fbaceca28af364c97fb2fb69a8800c64aa83c81848ec43f0366a735a,616d7232fbaceca28af364c97fb2fb69a8800c64aa83c81848ec43f0366a735a,true,true
675,val-000675,keep,present_in_legacy_filtered_derivative,2b5d5769afd9593235b3ee0bb3ba262b6462f98c3e0e72a2d8515a8056a17340,2b5d5769afd9593235b3ee0bb3ba262b6462f98c3e0e72a2d8515a8056a17340,true,true
676,val-000676,keep,present_in_legacy_filtered_derivative,98101422a34c2595c80b098bcc814b4523b2aa172a3332b6dbf0cf3d57df0473,98101422a34c2595c80b098bcc814b4523b2aa172a3332b6dbf0cf3d57df0473,true,true
677,val-000677,keep,present_in_legacy_filtered_derivative,63ff73842c1c325476ed013f8b2e8a61204e7616cf3ff318fc01eb25de47c3d1,63ff73842c1c325476ed013f8b2e8a61204e7616cf3ff318fc01eb25de47c3d1,true,true
678,val-000678,keep,present_in_legacy_filtered_derivative,2d5ff05e559e986817e3e74e54dd86a46266de9f32b48d2bd901c4284d93f4a8,2d5ff05e559e986817e3e74e54dd86a46266de9f32b48d2bd901c4284d93f4a8,true,true
679,val-000679,keep,present_in_legacy_filtered_derivative,ec1986bf08e689db7db8e92caab278f35c23e2fe53ad7bf112c34fb5d91c4a68,ec1986bf08e689db7db8e92caab278f35c23e2fe53ad7bf112c34fb5d91c4a68,true,true
680,val-000680,exclude,absent_from_legacy_filtered_derivative; historical semantic reason unavailable,56ca28c04548dd66ff23a40354f90d2502adb69c3ba2c27658a68884b4397ddd,,,false
681,val-000681,keep,present_in_legacy_filtered_derivative,068823e214d2ee1469f585c9b153cb4d0dc0badabfec76dd978938099b538ebf,068823e214d2ee1469f585c9b153cb4d0dc0badabfec76dd978938099b538ebf,true,true
682,val-000682,keep,present_in_legacy_filtered_derivative,b4b9107da889787a2af9b554092ab86a4f314670a75cbb0cb9a84b60eb800fc0,b4b9107da889787a2af9b554092ab86a4f314670a75cbb0cb9a84b60eb800fc0,true,true
683,val-000683,keep,present_in_legacy_filtered_derivative,ddeac61e25e06ba35ac563ffc1b8c87a92a00490ad5a45865f1995f2d88aed31,ddeac61e25e06ba35ac563ffc1b8c87a92a00490ad5a45865f1995f2d88aed31,true,true
684,val-000684,exclude,absent_from_legacy_filtered_derivative; historical semantic reason unavailable,8970a91cd3ca7a2d9fa5ec072d4d513734513cbee6db853548587799baf29571,,,false
685,val-000685,keep,present_in_legacy_filtered_derivative,2df4f01030c5de6f877011e0ee21036def44435a53c19db681603194200cda41,2df4f01030c5de6f877011e0ee21036def44435a53c19db681603194200cda41,true,true
686,val-000686,keep,present_in_legacy_filtered_derivative,13768d997ade14643ce85da279d5008ede189c81371e1b1f00c477443c5b1031,13768d997ade14643ce85da279d5008ede189c81371e1b1f00c477443c5b1031,true,true
687,val-000687,keep,present_in_legacy_filtered_derivative,a22d914b112cf645d24b34f4e330e8eccba45cfd031c649d38698d28bc36b15b,a22d914b112cf645d24b34f4e330e8eccba45cfd031c649d38698d28bc36b15b,true,true
688,val-000688,keep,present_in_legacy_filtered_derivative,4e9457649eaf6717179d848e34f60945a27f6f6cb4367ad3bf00a2607645a736,4e9457649eaf6717179d848e34f60945a27f6f6cb4367ad3bf00a2607645a736,true,true
689,val-000689,exclude,absent_from_legacy_filtered_derivative; historical semantic reason unavailable,d648fb87fb44797917aeee6856b61374ffb4b7d1fd56cf7f8a7352fbb95c76cf,,,false
690,val-000690,keep,present_in_legacy_filtered_derivative,a8b902471de1567c742b72e7867a1562f83b097e2318a47ac01d359892a5a9d3,2e363da4c82cb69610e001c2f925103ad83ac183739f6614e032333a709af88e,false,true
691,val-000691,keep,present_in_legacy_filtered_derivative,a30828cac58edcf5bf51966cc0c64f7a4b1a3515b5495bfa9c0707ac4683f689,a30828cac58edcf5bf51966cc0c64f7a4b1a3515b5495bfa9c0707ac4683f689,true,true
692,val-000692,keep,present_in_legacy_filtered_derivative,0727c9c80deb9d87a94bab9d0ca4f17cc2755180e06c76582ad0baa3eb710ec5,0727c9c80deb9d87a94bab9d0ca4f17cc2755180e06c76582ad0baa3eb710ec5,true,true
693,val-000693,keep,present_in_legacy_filtered_derivative,e4d81d5ad61492bdf4c1d82ade25441b1bed31cd6de30ecaac8eccb1d77c461f,e4d81d5ad61492bdf4c1d82ade25441b1bed31cd6de30ecaac8eccb1d77c461f,true,true
694,val-000694,keep,present_in_legacy_filtered_derivative,14a64dd92bbd8086a8e7b1a86ca8202f8e09b78d7e3b8e41961f5bef98b8c983,14a64dd92bbd8086a8e7b1a86ca8202f8e09b78d7e3b8e41961f5bef98b8c983,true,true
695,val-000695,keep,present_in_legacy_filtered_derivative,400817c6fd475bdaf82e528ba182ad77ca01f459686fa1d08e50ea3d54c7db00,400817c6fd475bdaf82e528ba182ad77ca01f459686fa1d08e50ea3d54c7db00,true,true
696,val-000696,keep,present_in_legacy_filtered_derivative,ef6931555e234812539ab00b4c1f4826a40cd7e470e090bfd0236d805cb58df5,d98ef29712eddaa65b359ab62fb2f99b4ab1148c7bea61ef6ead0d97f1a1efad,false,true
697,val-000697,keep,present_in_legacy_filtered_derivative,c1803a2c1f4d01de803e62426750f3a6dc7dece744e3ed09ebdd0276471cd48b,61aaa1f4a9e9ba8d11dc3a2f58b48415a7d80d4ab75810cb4bb79500783503aa,false,true
698,val-000698,exclude,absent_from_legacy_filtered_derivative; historical semantic reason unavailable,d034209501b0496cd3c5b7846d0a944c3bd5b737518dce437a990bef0133eba7,,,false
699,val-000699,exclude,absent_from_legacy_filtered_derivative; historical semantic reason unavailable,d9f11eeab0a8c56df3444a66073635d9fc71012ff6b6720de5753dcd5b9c29ba,,,false
700,val-000700,keep,present_in_legacy_filtered_derivative,4329095b0f0345a23be30260d9935074384c7aa057a5817b642e596291aa6567,4329095b0f0345a23be30260d9935074384c7aa057a5817b642e596291aa6567,true,true
701,val-000701,exclude,absent_from_legacy_filtered_derivative; historical semantic reason unavailable,710daf77015c5df215d6a573dd0ad626cb65935fee6d078040753ded28eb5896,,,false
702,val-000702,exclude,absent_from_legacy_filtered_derivative; historical semantic reason unavailable,215d0b4fcad36ccbd62c13753933da726137194c45c77ddec3a957dc0f1ff5f3,,,false
703,val-000703,keep,present_in_legacy_filtered_derivative,71f438598a25e4c18750a2fce38c84683f7b531390276be44b520a396a3868c5,71f438598a25e4c18750a2fce38c84683f7b531390276be44b520a396a3868c5,true,true
704,val-000704,keep,present_in_legacy_filtered_derivative,524511f10a95e6f12913d2da9285b0eb16352820d1c505aef478c3b99fa8b404,524511f10a95e6f12913d2da9285b0eb16352820d1c505aef478c3b99fa8b404,true,true
705,val-000705,keep,present_in_legacy_filtered_derivative,62befb46f9e02ce34b507642304069f4cd4fa80786bfe6cc70c645aa24ac3e1c,62befb46f9e02ce34b507642304069f4cd4fa80786bfe6cc70c645aa24ac3e1c,true,true
706,val-000706,keep,present_in_legacy_filtered_derivative,fc109a89bcf49dec1eff64714db6ef6dda126e7af9dcf7a448d4bb8e443ee57a,fc109a89bcf49dec1eff64714db6ef6dda126e7af9dcf7a448d4bb8e443ee57a,true,true
707,val-000707,exclude,absent_from_legacy_filtered_derivative; historical semantic reason unavailable,24ac15571c7efc4962bde197627aec51edc0840cd9b8668a3f493f919293a225,,,false
708,val-000708,exclude,absent_from_legacy_filtered_derivative; historical semantic reason unavailable,20c1942a3481404bc6c96a5c61cdcf919e0c70bcead5442847526125720e83b2,,,false
709,val-000709,keep,present_in_legacy_filtered_derivative,476819c874ec4d703fa0bd94f7747d7136da9b8063ad1438b400321eb6df18ff,476819c874ec4d703fa0bd94f7747d7136da9b8063ad1438b400321eb6df18ff,true,true
710,val-000710,keep,present_in_legacy_filtered_derivative,1fe5eb47dfcb916650a599eb27222312a63c77f125b45873b569a35b719b99cd,1fe5eb47dfcb916650a599eb27222312a63c77f125b45873b569a35b719b99cd,true,true
711,val-000711,keep,present_in_legacy_filtered_derivative,f92fa9c505f9d32300b34df83c43ec58966c44901d47ee42e875bd4d0ff419e5,f92fa9c505f9d32300b34df83c43ec58966c44901d47ee42e875bd4d0ff419e5,true,true
712,val-000712,keep,present_in_legacy_filtered_derivative,f6f271360047233c3285780f19c219f4fc3ad010412d9a242ae106089245f500,f6f271360047233c3285780f19c219f4fc3ad010412d9a242ae106089245f500,true,true
713,val-000713,keep,present_in_legacy_filtered_derivative,7274a004d3b61e0a288d7c1c4534238d51ab6040304eda02809b6bd23f362694,7274a004d3b61e0a288d7c1c4534238d51ab6040304eda02809b6bd23f362694,true,true
714,val-000714,keep,present_in_legacy_filtered_derivative,a05643aee761376fb2bc61fa9f08a5f0e3ed2eecefd67d83b0dd8f6c6da8fd82,a05643aee761376fb2bc61fa9f08a5f0e3ed2eecefd67d83b0dd8f6c6da8fd82,true,true
715,val-000715,keep,present_in_legacy_filtered_derivative,651c30d7c30c239d27b46931b404b4339a8857ba5243f3eb7929665c4c551506,651c30d7c30c239d27b46931b404b4339a8857ba5243f3eb7929665c4c551506,true,true
716,val-000716,keep,present_in_legacy_filtered_derivative,2794c6e7d7b088b3a6ea6879657b19faab9af0287b602350cab7c30da35c82f6,2794c6e7d7b088b3a6ea6879657b19faab9af0287b602350cab7c30da35c82f6,true,true
717,val-000717,exclude,absent_from_legacy_filtered_derivative; historical semantic reason unavailable,aed6fbfc9abe019e18e01fad8326e580d1202e76c9b9d9cc0976f4a7a3f83e47,,,false
718,val-000718,keep,present_in_legacy_filtered_derivative,e188918abcde556ea8ac61586fdeab7a13e3f722008e2e8763f2a967e0e6bc3b,e188918abcde556ea8ac61586fdeab7a13e3f722008e2e8763f2a967e0e6bc3b,true,true
719,val-000719,keep,present_in_legacy_filtered_derivative,b6b69bb5f84fbeb5e7e0a7e2e6db8503afc21c4c8e63f5a46ac497ce7cf516fc,b6b69bb5f84fbeb5e7e0a7e2e6db8503afc21c4c8e63f5a46ac497ce7cf516fc,true,true
720,val-000720,keep,present_in_legacy_filtered_derivative,cfffe4f0cd7c6f39af7e6b681e43a02d65965baa08226ca67d3a548eb22b8263,90105b3014a018d9ce9f13a4e6ef3409ea2d2c05fddb788cf5482ef1412e5b0d,false,true
721,val-000721,keep,present_in_legacy_filtered_derivative,bd319e55b06f6a95ff97dc8f8ff7dce56c72926aefcf1a7dcd88ab6f2b7b6b0c,4c43cf90b3b113bb32efd3c9443abe1e9b33c6d25b1b6282a99a3e5c43992408,false,true
722,val-000722,keep,present_in_legacy_filtered_derivative,8483b6c0f3f8a21fea70d7cf8abd34bc95b255d727fba5449086f8fa89dfaef0,8483b6c0f3f8a21fea70d7cf8abd34bc95b255d727fba5449086f8fa89dfaef0,true,true
723,val-000723,keep,present_in_legacy_filtered_derivative,a8011976d7ce0e0e2f99c3808d7391408c72adf63956afafef9a2f0fc0af4d34,a8011976d7ce0e0e2f99c3808d7391408c72adf63956afafef9a2f0fc0af4d34,true,true
724,val-000724,keep,present_in_legacy_filtered_derivative,d5e2b8737a644fba548958e19c208b3b65585fb24a3c9802bbe0023b09b4645d,d5e2b8737a644fba548958e19c208b3b65585fb24a3c9802bbe0023b09b4645d,true,true
725,val-000725,keep,present_in_legacy_filtered_derivative,5591c4afd32bef55ec18c0b2747b45f530f45676017f769d5fb8d57d349d8342,5591c4afd32bef55ec18c0b2747b45f530f45676017f769d5fb8d57d349d8342,true,true
726,val-000726,keep,present_in_legacy_filtered_derivative,18e42db305a1f54a6794ead0e8b4c64cadb12e0612b9c1564455e152672bdbe4,6e588b8f199eeadc42e3b5120176ce23931d0051842da177a19784cf62d0c44b,false,true
727,val-000727,keep,present_in_legacy_filtered_derivative,c4cdedaa0688fb710a12ea2e01830a663dc827a90daaec30be3ca24b5652b7eb,c4cdedaa0688fb710a12ea2e01830a663dc827a90daaec30be3ca24b5652b7eb,true,true
728,val-000728,keep,present_in_legacy_filtered_derivative,2b0084c60c2978b7e8044e5e2852770ec95960460559f7dbf781f693bd453120,2b0084c60c2978b7e8044e5e2852770ec95960460559f7dbf781f693bd453120,true,true
729,val-000729,keep,present_in_legacy_filtered_derivative,da3cbf4f7c5133676e890db78b1164dade260a287c3ea57fdbfb12aa09e6a277,da3cbf4f7c5133676e890db78b1164dade260a287c3ea57fdbfb12aa09e6a277,true,true
730,val-000730,keep,present_in_legacy_filtered_derivative,1decf5f3f07bff551618206c25e7c1c2da4f58aa514060ea254c5575a8821049,79f638cffb59d27dd0cd3a7ed939e42158518b3ddc0c6b41dc5d91d0dd12738f,false,true
731,val-000731,exclude,absent_from_legacy_filtered_derivative; historical semantic reason unavailable,62d37b27c683a65347d7f7aaaa90b390b4481d8bc6d2f4337d88d19bf726f14d,,,false
732,val-000732,keep,present_in_legacy_filtered_derivative,3abe12b6740011425c827b89c78f96697e3366558133d7040bdb3275f7b36f6a,3abe12b6740011425c827b89c78f96697e3366558133d7040bdb3275f7b36f6a,true,true
733,val-000733,keep,present_in_legacy_filtered_derivative,0c7eb9f8266ab62d1eeabdf08abf71178bc92de88de9878c60a3943efd0839e3,0c7eb9f8266ab62d1eeabdf08abf71178bc92de88de9878c60a3943efd0839e3,true,true
734,val-000734,keep,present_in_legacy_filtered_derivative,bd9cd4cecbba609ef877ddd728e95310d4550970cf07a2b45169d6608a5aeefb,bd9cd4cecbba609ef877ddd728e95310d4550970cf07a2b45169d6608a5aeefb,true,true
735,val-000735,keep,present_in_legacy_filtered_derivative,66f3fafd868dca480f47db58d2a130d3d8dfbb7ed47ce3ef4d6bb15eed825297,66f3fafd868dca480f47db58d2a130d3d8dfbb7ed47ce3ef4d6bb15eed825297,true,true
736,val-000736,keep,present_in_legacy_filtered_derivative,83bca8781b09cba572ee10830e8b951496bfcc5ccbe9b412e68ed677be08124f,83bca8781b09cba572ee10830e8b951496bfcc5ccbe9b412e68ed677be08124f,true,true
737,val-000737,keep,present_in_legacy_filtered_derivative,c357caa6bcb53589584efdc4ee8f471480bbbd09e797bcb454f962379d62bde6,c357caa6bcb53589584efdc4ee8f471480bbbd09e797bcb454f962379d62bde6,true,true
738,val-000738,keep,present_in_legacy_filtered_derivative,94c0a4bd9b73af7755778e6b8ee7cda3ee96258706d026042b5c0fc0f6a156aa,94c0a4bd9b73af7755778e6b8ee7cda3ee96258706d026042b5c0fc0f6a156aa,true,true
739,val-000739,keep,present_in_legacy_filtered_derivative,02724373bbf43d37a1cacecdc5c77eb6989b501bbe016445551ea8ee6aae6bec,02724373bbf43d37a1cacecdc5c77eb6989b501bbe016445551ea8ee6aae6bec,true,true
740,val-000740,keep,present_in_legacy_filtered_derivative,60d574e31cf6fd7f070f6642de5bc5f0d53d66311fba912c041b3f6c87c44bed,60d574e31cf6fd7f070f6642de5bc5f0d53d66311fba912c041b3f6c87c44bed,true,true
741,val-000741,exclude,absent_from_legacy_filtered_derivative; historical semantic reason unavailable,6a89a7debc2eb403a17232dfc93a0d47c21908b415319effa82aa4074b509fcf,,,false
742,val-000742,keep,present_in_legacy_filtered_derivative,57b3a265c4e9a87f75d0fc539e8c2be1e205855f3bda2748633206f3995ad5f6,57b3a265c4e9a87f75d0fc539e8c2be1e205855f3bda2748633206f3995ad5f6,true,true
743,val-000743,exclude,absent_from_legacy_filtered_derivative; historical semantic reason unavailable,eac96186b93c2cc2533464bdd6ba2ff9817be4441190a0a84832f0e231de208e,,,false
744,val-000744,keep,present_in_legacy_filtered_derivative,035293ab960ffa1f25201243cc3f5af220eb4f7b92db651a978b065d9b68e398,035293ab960ffa1f25201243cc3f5af220eb4f7b92db651a978b065d9b68e398,true,true
745,val-000745,keep,present_in_legacy_filtered_derivative,f58eb777bf30bfcc105ac7f9c710c31b1679ef56eff02d6be067001f759fe6f0,f58eb777bf30bfcc105ac7f9c710c31b1679ef56eff02d6be067001f759fe6f0,true,true
746,val-000746,keep,present_in_legacy_filtered_derivative,7e41e146c9a96fe37ec449898bc28b3023b1ce8afad617cd5db057d9db0ad519,7e41e146c9a96fe37ec449898bc28b3023b1ce8afad617cd5db057d9db0ad519,true,true
747,val-000747,keep,present_in_legacy_filtered_derivative,da1d7df26ba5382ca92e1453cf875a62d59ac9a57b7916aba4a92540c0bbc3c8,da1d7df26ba5382ca92e1453cf875a62d59ac9a57b7916aba4a92540c0bbc3c8,true,true
748,val-000748,keep,present_in_legacy_filtered_derivative,cb8cd05807d7994501aebc36eb5a9b57534180c768aa6a91a834ac021911fb73,cb8cd05807d7994501aebc36eb5a9b57534180c768aa6a91a834ac021911fb73,true,true
749,val-000749,keep,present_in_legacy_filtered_derivative,26e36134e970d5288ebee46b08ed28b3127c08f21a4d1ecb022f6027c09fd672,26e36134e970d5288ebee46b08ed28b3127c08f21a4d1ecb022f6027c09fd672,true,true
750,val-000750,keep,present_in_legacy_filtered_derivative,eca7963c13b35ad6c16525c726af8f8872ca716e2be31a589929741e9f6629a8,eca7963c13b35ad6c16525c726af8f8872ca716e2be31a589929741e9f6629a8,true,true
751,val-000751,keep,present_in_legacy_filtered_derivative,e54726ef6a3429ebb7c01db5b6ba92cef62bd99009494809c36fe5dc4cfa13e8,e54726ef6a3429ebb7c01db5b6ba92cef62bd99009494809c36fe5dc4cfa13e8,true,true
752,val-000752,keep,present_in_legacy_filtered_derivative,aa4b622c208f6dc2893a83e03f4f101aaed9a1dc1b9f9e5bf6f0e6b5cc4f3cfe,aa4b622c208f6dc2893a83e03f4f101aaed9a1dc1b9f9e5bf6f0e6b5cc4f3cfe,true,true
753,val-000753,exclude,absent_from_legacy_filtered_derivative; historical semantic reason unavailable,75a27a35658b0acbe7dd71a043e06c66a0280b1ec3daa2f517e3013a43a74318,,,false
754,val-000754,keep,present_in_legacy_filtered_derivative,935b9a3963928c2cf51956b879bbc90b32ecc6eca3f7bc7eec3676950b8e4789,935b9a3963928c2cf51956b879bbc90b32ecc6eca3f7bc7eec3676950b8e4789,true,true
755,val-000755,keep,present_in_legacy_filtered_derivative,edafd08e9e67aa22e143466d989989971abde947c43efb54466efca23bbe0def,edafd08e9e67aa22e143466d989989971abde947c43efb54466efca23bbe0def,true,true
756,val-000756,keep,present_in_legacy_filtered_derivative,86b97c399f9c14a587faeff48a18e852d87cb8b4b4b9c058ffbcd136455f553a,86b97c399f9c14a587faeff48a18e852d87cb8b4b4b9c058ffbcd136455f553a,true,true
757,val-000757,keep,present_in_legacy_filtered_derivative,b1f5bc2c0f43d70302702a9d9dabc45a6f1693932f10ed8ebba4de319d60572c,b1f5bc2c0f43d70302702a9d9dabc45a6f1693932f10ed8ebba4de319d60572c,true,true
758,val-000758,exclude,absent_from_legacy_filtered_derivative; historical semantic reason unavailable,4ba378ce6cebee57ec68983c05a864c6a1621e5b15f1fc73082a5c29cb8d3af4,,,false
759,val-000759,keep,present_in_legacy_filtered_derivative,0be63f76a7ebf0786f1181e74361660ec5ee6f002f6b92c761f21df250efa5c7,0be63f76a7ebf0786f1181e74361660ec5ee6f002f6b92c761f21df250efa5c7,true,true
760,val-000760,keep,present_in_legacy_filtered_derivative,f00b99b3950213994c7a53fb00e0db8519d285f6707a81e6bc73d424d4112e05,f00b99b3950213994c7a53fb00e0db8519d285f6707a81e6bc73d424d4112e05,true,true
761,val-000761,keep,present_in_legacy_filtered_derivative,a8980b0b462db9a3f1157e27ef36e4a8a7552ba2f1351a7e1ed9ce68a4d77178,a8980b0b462db9a3f1157e27ef36e4a8a7552ba2f1351a7e1ed9ce68a4d77178,true,true
762,val-000762,keep,present_in_legacy_filtered_derivative,ee02c4d00e072bd0d9189179f55d56c9c72bfd28331ab446805ebd10d16824cc,ee02c4d00e072bd0d9189179f55d56c9c72bfd28331ab446805ebd10d16824cc,true,true
763,val-000763,keep,present_in_legacy_filtered_derivative,a4fc8f20f70f3d9abacc9afa6975e143855aafe242462b90c9b126dd855ec2ed,a4fc8f20f70f3d9abacc9afa6975e143855aafe242462b90c9b126dd855ec2ed,true,true
764,val-000764,exclude,absent_from_legacy_filtered_derivative; historical semantic reason unavailable,b96c971d684b7a93005d1f49d2e83c32061c9987010d5d29fa30e3e5ec65c95b,,,false
765,val-000765,keep,present_in_legacy_filtered_derivative,049a37ab175d3547c11e048cb15eafa21d2dd8774a9aafe63d9024f96692bde8,049a37ab175d3547c11e048cb15eafa21d2dd8774a9aafe63d9024f96692bde8,true,true
766,val-000766,keep,present_in_legacy_filtered_derivative,0b212647ca77eee5b664812dfb22c2c706a89d669efafb9dd9b041884d3662fc,0b212647ca77eee5b664812dfb22c2c706a89d669efafb9dd9b041884d3662fc,true,true
767,val-000767,keep,present_in_legacy_filtered_derivative,957cc8747eb0728e50766186218073a55f00d5d1e28b1f1a62e0c5ceeedf67ed,957cc8747eb0728e50766186218073a55f00d5d1e28b1f1a62e0c5ceeedf67ed,true,true
768,val-000768,keep,present_in_legacy_filtered_derivative,2580276c993802b78b851786fe094dccfaa99d6c557ad16f553d62c25672888a,2580276c993802b78b851786fe094dccfaa99d6c557ad16f553d62c25672888a,true,true
769,val-000769,keep,present_in_legacy_filtered_derivative,33c89dcee9949324c70828835cadb2ae7a4e83f0831bcaf5fab32c631918f647,33c89dcee9949324c70828835cadb2ae7a4e83f0831bcaf5fab32c631918f647,true,true
770,val-000770,keep,present_in_legacy_filtered_derivative,3636d5e947d63dbe414fb093f9027b9099b906abbec8f052378dcada8bbb0fea,3636d5e947d63dbe414fb093f9027b9099b906abbec8f052378dcada8bbb0fea,true,true
771,val-000771,exclude,absent_from_legacy_filtered_derivative; historical semantic reason unavailable,ca77e9fe491ce8a5548e084e8571d1c13098c4c3fccf999f433c09b90dea91e3,,,false
772,val-000772,keep,present_in_legacy_filtered_derivative,8ba6121bc0a3268ab8d9b4b6a102f3d8c960624df031408bc5f0b7e7053f8bfc,8ba6121bc0a3268ab8d9b4b6a102f3d8c960624df031408bc5f0b7e7053f8bfc,true,true
773,val-000773,exclude,absent_from_legacy_filtered_derivative; historical semantic reason unavailable,f3c3c100bf19e8d3e761f81f4a0a2b37cf812f09b9fc4adbc739e2b27c266d4e,,,false
774,val-000774,keep,present_in_legacy_filtered_derivative,345c6acbd9491ba677e209e162683c80ba99778e119b83123061cf16ed7518c7,345c6acbd9491ba677e209e162683c80ba99778e119b83123061cf16ed7518c7,true,true
775,val-000775,keep,present_in_legacy_filtered_derivative,c37ffc59db87d4344031941d36737effff8329cb4a8846d6818f31f6244ee0a4,c37ffc59db87d4344031941d36737effff8329cb4a8846d6818f31f6244ee0a4,true,true
776,val-000776,keep,present_in_legacy_filtered_derivative,545e9626d38336a62e0d259d6ae110468924a9c5edd4e3e2035e824b840f4945,545e9626d38336a62e0d259d6ae110468924a9c5edd4e3e2035e824b840f4945,true,true
777,val-000777,keep,present_in_legacy_filtered_derivative,b6991c2ff4153876233e6d71ea19a9c29bfdaac54acf6d865d79cc16fad5f4ed,b6991c2ff4153876233e6d71ea19a9c29bfdaac54acf6d865d79cc16fad5f4ed,true,true
778,val-000778,exclude,absent_from_legacy_filtered_derivative; historical semantic reason unavailable,50a6fbabbd75db01493bbb82353b83612c0f7968724630e03ff30e577413cc2e,,,false
779,val-000779,keep,present_in_legacy_filtered_derivative,0676b85e1c12b4443bdc0e59405bdfca78013026a4d0dec3dc990c7fd09861b1,f6ed9555c1e101eba96eca45736479000ccfee652dab500e77783cf9e7e73910,false,true
780,val-000780,keep,present_in_legacy_filtered_derivative,81e0bdde77e5014efcd5cf340d46f08272416644809bcba16b6330d335247dab,81e0bdde77e5014efcd5cf340d46f08272416644809bcba16b6330d335247dab,true,true
781,val-000781,keep,present_in_legacy_filtered_derivative,66b1b97b4e837d87eff631d067f4024ed0bd4e49992870d30b7c9db809612823,66b1b97b4e837d87eff631d067f4024ed0bd4e49992870d30b7c9db809612823,true,true
782,val-000782,keep,present_in_legacy_filtered_derivative,023b2452416f6eb5ab32df5af5539d5bae41751226c971f5316c2e15ea723cd5,023b2452416f6eb5ab32df5af5539d5bae41751226c971f5316c2e15ea723cd5,true,true
783,val-000783,keep,present_in_legacy_filtered_derivative,f7ceadcf49d59e30924e159d9a4489487420eeedd7813a520abd5434c12bafee,f7ceadcf49d59e30924e159d9a4489487420eeedd7813a520abd5434c12bafee,true,true
784,val-000784,keep,present_in_legacy_filtered_derivative,d48747fe96f2dfe0dee4a7284e0be8f24d495f550f7a9c0819c0e74ea420aee8,d48747fe96f2dfe0dee4a7284e0be8f24d495f550f7a9c0819c0e74ea420aee8,true,true
785,val-000785,keep,present_in_legacy_filtered_derivative,58a2c89d3870d4f039c9d174dcdc94dfa8ac1d739bc14bbf6068f7fab7e4339d,58a2c89d3870d4f039c9d174dcdc94dfa8ac1d739bc14bbf6068f7fab7e4339d,true,true
786,val-000786,keep,present_in_legacy_filtered_derivative,4f44e8fdecc99d60906dc4592114afd325a1949e9705afc41a51a1a451bfab87,4f44e8fdecc99d60906dc4592114afd325a1949e9705afc41a51a1a451bfab87,true,true
787,val-000787,keep,present_in_legacy_filtered_derivative,3a2812187200ced48953912c6f350fa2c19768b1d58ce81a0a090357f7887b08,3a2812187200ced48953912c6f350fa2c19768b1d58ce81a0a090357f7887b08,true,true
788,val-000788,keep,present_in_legacy_filtered_derivative,b289e36b32bda3cf3e477c6eea15c05c4d3b6dd64349db0f5bad742951c1a12f,b289e36b32bda3cf3e477c6eea15c05c4d3b6dd64349db0f5bad742951c1a12f,true,true
789,val-000789,keep,present_in_legacy_filtered_derivative,dc24f221388accaae34c43611bfbacb417f243b7de17124b6f4833d9ecd8e144,dc24f221388accaae34c43611bfbacb417f243b7de17124b6f4833d9ecd8e144,true,true
790,val-000790,keep,present_in_legacy_filtered_derivative,ae84183b768cc32c5a685f14eb27084b808a2e3e9bed206bd422c89e8697b941,90bcef70384756433de17634cc36d1f01a3fcc0bbcf4a094fefe15f980ff2842,false,true
791,val-000791,keep,present_in_legacy_filtered_derivative,4578f0e0b3418e351ea91ff8d919f0ae6d10fc3d0fc78537eabd718c07b12224,4578f0e0b3418e351ea91ff8d919f0ae6d10fc3d0fc78537eabd718c07b12224,true,true
792,val-000792,keep,present_in_legacy_filtered_derivative,514671844780a9239b8035b0b8744dae688f7060fed3363821073e2ec6aa7ab5,514671844780a9239b8035b0b8744dae688f7060fed3363821073e2ec6aa7ab5,true,true
793,val-000793,keep,present_in_legacy_filtered_derivative,8c6866d9a7f409faf3650b1920cb62c338534e90bed3e999b66f3ae123ae01ba,8c6866d9a7f409faf3650b1920cb62c338534e90bed3e999b66f3ae123ae01ba,true,true
794,val-000794,keep,present_in_legacy_filtered_derivative,501afd248ffbdc24017cdc76abd8c43253f9ced47a1cb11425c6e80e8814bab0,501afd248ffbdc24017cdc76abd8c43253f9ced47a1cb11425c6e80e8814bab0,true,true
795,val-000795,keep,present_in_legacy_filtered_derivative,1d71f6704274e33bc3fc52cce69e5f9b719beaef8defa5f034a7c84c63e949d8,1d71f6704274e33bc3fc52cce69e5f9b719beaef8defa5f034a7c84c63e949d8,true,true
796,val-000796,keep,present_in_legacy_filtered_derivative,5b60ba3bd767e0c070365f2e4b2a5f80eee17dc517dbe2f08ac0e58b1f7503c9,5b60ba3bd767e0c070365f2e4b2a5f80eee17dc517dbe2f08ac0e58b1f7503c9,true,true
797,val-000797,keep,present_in_legacy_filtered_derivative,9c257e44dd73f01f9d07a71b97c67ec44a61b886910d3cfa1e6eac7ab6fc3103,9c257e44dd73f01f9d07a71b97c67ec44a61b886910d3cfa1e6eac7ab6fc3103,true,true
798,val-000798,keep,present_in_legacy_filtered_derivative,b7fe81398253d33de06b954b1062520a14daf1d55efe2d8f1565a7e15ee06cbd,b7fe81398253d33de06b954b1062520a14daf1d55efe2d8f1565a7e15ee06cbd,true,true
799,val-000799,keep,present_in_legacy_filtered_derivative,9877801f7d29ba8de319d1d789bf771c74c4703abba9045cb89a547c6d16c712,9877801f7d29ba8de319d1d789bf771c74c4703abba9045cb89a547c6d16c712,true,true
800,val-000800,keep,present_in_legacy_filtered_derivative,b58381379a978d10ad611ada9887bc79f10d2c76dcffc6a7abf705f7bc7cb566,b58381379a978d10ad611ada9887bc79f10d2c76dcffc6a7abf705f7bc7cb566,true,true
801,val-000801,keep,present_in_legacy_filtered_derivative,84450d6660d1c306f0cd7313b58b613a9011f9d1e9c0b51d401f626021e6c076,b801127eed53e045401178562151714b70977f414a918d355f49b775a3a96a29,false,true
802,val-000802,keep,present_in_legacy_filtered_derivative,53f4b10ff099231e06813ab99659fd3ca2580cc24511e10b2d5ddd60420aa92a,53f4b10ff099231e06813ab99659fd3ca2580cc24511e10b2d5ddd60420aa92a,true,true
803,val-000803,keep,present_in_legacy_filtered_derivative,6a310bc332c569e831eb293229e70459145b186858ae4e4e04f985af57852f21,6a310bc332c569e831eb293229e70459145b186858ae4e4e04f985af57852f21,true,true
804,val-000804,keep,present_in_legacy_filtered_derivative,59aaf75184e421ef1ca6990ca6fc90fa88a94bf13e8f674e22ff71f426222278,59aaf75184e421ef1ca6990ca6fc90fa88a94bf13e8f674e22ff71f426222278,true,true
805,val-000805,keep,present_in_legacy_filtered_derivative,da44173da0399c567d7ece5533defa498c7b963696c10f9956b385efb9277d3c,da44173da0399c567d7ece5533defa498c7b963696c10f9956b385efb9277d3c,true,true
806,val-000806,exclude,absent_from_legacy_filtered_derivative; historical semantic reason unavailable,be346ef12b0bea48fb9df6f74ef5c8166c66f1b8969ef743631ad6fb720f5a55,,,false
807,val-000807,keep,present_in_legacy_filtered_derivative,c472a8bfe24d248e751459f375aa45e4625a16fc48f9d265230fa4244160761e,c472a8bfe24d248e751459f375aa45e4625a16fc48f9d265230fa4244160761e,true,true
808,val-000808,keep,present_in_legacy_filtered_derivative,2f042db8e1eb491f481847473b1230da0a2888ddc998633f0311532a2a8ba484,4afe2042043e3a6be444b78d03f63ac6c1da79d7e0d1f2329e6bd03d7bab60bb,false,true
809,val-000809,keep,present_in_legacy_filtered_derivative,fbfe42e6ae40bf9aeb61e7e668c746c00056b8f4b1b62b77292c411bad58b554,fbfe42e6ae40bf9aeb61e7e668c746c00056b8f4b1b62b77292c411bad58b554,true,true
810,val-000810,keep,present_in_legacy_filtered_derivative,10b14da518b34f2b68d18cf52638905feb29a7c3da09e0d15acd258bf47a0afc,10b14da518b34f2b68d18cf52638905feb29a7c3da09e0d15acd258bf47a0afc,true,true
811,val-000811,keep,present_in_legacy_filtered_derivative,47c7662259f6895454d2376444abbc37e88d5bef19f4a5998f74cd84b4917325,47c7662259f6895454d2376444abbc37e88d5bef19f4a5998f74cd84b4917325,true,true
812,val-000812,exclude,absent_from_legacy_filtered_derivative; historical semantic reason unavailable,a59a4a3c0d9546846b41451652583367dc8b9ed54f81372b47f054fdb926089c,,,false
813,val-000813,keep,present_in_legacy_filtered_derivative,32b0a7ca821bae9084c50083c91835ff49b4858e92c5551582d7b0eacc1e61bd,32b0a7ca821bae9084c50083c91835ff49b4858e92c5551582d7b0eacc1e61bd,true,true
814,val-000814,keep,present_in_legacy_filtered_derivative,269056b11b191836014a5bee4fcef7ea51d522a82c1c4f42baf768f705aa2d43,269056b11b191836014a5bee4fcef7ea51d522a82c1c4f42baf768f705aa2d43,true,true
815,val-000815,exclude,absent_from_legacy_filtered_derivative; historical semantic reason unavailable,c5099df4ac10eb233040043993c34d2e24d121e8c430cf60e6b1170e706abc1c,,,false
816,val-000816,keep,present_in_legacy_filtered_derivative,4a95e46222f293dde290d9526ea17de539fd67c13b7db3039a6b40d6fb664fc8,4a95e46222f293dde290d9526ea17de539fd67c13b7db3039a6b40d6fb664fc8,true,true
817,val-000817,keep,present_in_legacy_filtered_derivative,4360c8bce794398738ace416ba63f53270e98d80515d70fc452f957c2a938b14,4360c8bce794398738ace416ba63f53270e98d80515d70fc452f957c2a938b14,true,true
818,val-000818,keep,present_in_legacy_filtered_derivative,20c9ecad02dcfbdd95aafbc4b5b5aceb92d4b8b1ac69f7c62a4d6b4692f35e0f,20c9ecad02dcfbdd95aafbc4b5b5aceb92d4b8b1ac69f7c62a4d6b4692f35e0f,true,true
819,val-000819,exclude,absent_from_legacy_filtered_derivative; historical semantic reason unavailable,33a92db3f674d5bb659cb89657b1e69e87533465b81154c2bc191bd5be82d31d,,,false
820,val-000820,keep,present_in_legacy_filtered_derivative,ef959a60f02e176565a2790cab6ac3304eefc2cb4f6b04fc8077778538d53117,ef959a60f02e176565a2790cab6ac3304eefc2cb4f6b04fc8077778538d53117,true,true
821,val-000821,exclude,absent_from_legacy_filtered_derivative; historical semantic reason unavailable,b9a518080aa9aadc7606af83874390d4a9619ea78007c970a8a391a0af8011b1,,,false
822,val-000822,keep,present_in_legacy_filtered_derivative,650ca7b46149f2fcd459ac5797eebe25be04ca9e5d5d4e497d1c50a47b7ca221,650ca7b46149f2fcd459ac5797eebe25be04ca9e5d5d4e497d1c50a47b7ca221,true,true
823,val-000823,keep,present_in_legacy_filtered_derivative,537e8a54e8c1fd1ed9a8623ab7964069e047b4ef0f5fafc02060e5e01ec0b103,537e8a54e8c1fd1ed9a8623ab7964069e047b4ef0f5fafc02060e5e01ec0b103,true,true
824,val-000824,keep,present_in_legacy_filtered_derivative,74b26bb098511fbcb0f693eb79c4429e0f45c61ea7a2d26241ecd10a4637db66,74b26bb098511fbcb0f693eb79c4429e0f45c61ea7a2d26241ecd10a4637db66,true,true
825,val-000825,keep,present_in_legacy_filtered_derivative,75e4bec050bd50f786cec214efa028ae68a31900b274031ab0ef70bf38edd996,3039f184bde8bae61ba3f59a48659a4b4b829166149a4981d5cb8308d0193bed,false,true
826,val-000826,keep,present_in_legacy_filtered_derivative,7fdcbbcc0f384ad6801d0a95c2d2109989e26442a417bf5c1bd557fe9c92c89e,7fdcbbcc0f384ad6801d0a95c2d2109989e26442a417bf5c1bd557fe9c92c89e,true,true
827,val-000827,keep,present_in_legacy_filtered_derivative,bf621dc4fa6832681cd20de1482a0cfc2feec2504b33cc5add64c870393a6571,bf621dc4fa6832681cd20de1482a0cfc2feec2504b33cc5add64c870393a6571,true,true
828,val-000828,keep,present_in_legacy_filtered_derivative,9338daf26ad4bc786226e41e30ed3defa5b0374ee33afef31f3b5a05d72426d6,9338daf26ad4bc786226e41e30ed3defa5b0374ee33afef31f3b5a05d72426d6,true,true
829,val-000829,keep,present_in_legacy_filtered_derivative,4568b20a15c96f226b13dfef1edde89e5df8a593901478b1c43bb8a8fd5a6927,4568b20a15c96f226b13dfef1edde89e5df8a593901478b1c43bb8a8fd5a6927,true,true
830,val-000830,keep,present_in_legacy_filtered_derivative,6eae8375f2233c2da80af0b0596d0d4eeba77d9f76f9d4808def6b35fd5d0938,6eae8375f2233c2da80af0b0596d0d4eeba77d9f76f9d4808def6b35fd5d0938,true,true
831,val-000831,keep,present_in_legacy_filtered_derivative,2015e0faf814608ed237e1138218ec9eb185082c88dcc8f7d1d1dda4272522e2,2015e0faf814608ed237e1138218ec9eb185082c88dcc8f7d1d1dda4272522e2,true,true
832,val-000832,exclude,absent_from_legacy_filtered_derivative; historical semantic reason unavailable,7974eb92966069693756e459c0712b56970ea416740cb5e1d83606ece605c8ea,,,false
833,val-000833,keep,present_in_legacy_filtered_derivative,c88fa374bee56620a32a278133400496c978b024b10a2c4d68333f20a3effe85,c88fa374bee56620a32a278133400496c978b024b10a2c4d68333f20a3effe85,true,true
834,val-000834,keep,present_in_legacy_filtered_derivative,ef9aa492b46ada93a63906e20acd63b8cf62c84396f8f712ce0aa205ad85eef8,ef9aa492b46ada93a63906e20acd63b8cf62c84396f8f712ce0aa205ad85eef8,true,true
835,val-000835,keep,present_in_legacy_filtered_derivative,397aa3d74f642098f8217c87658f3f0fdef19fea2a97bd2d6ae800f42e085023,397aa3d74f642098f8217c87658f3f0fdef19fea2a97bd2d6ae800f42e085023,true,true
836,val-000836,keep,present_in_legacy_filtered_derivative,8205fb315462431f874d34d7ff3db31f7a02e90cecd114234a138a50aec43896,8205fb315462431f874d34d7ff3db31f7a02e90cecd114234a138a50aec43896,true,true
837,val-000837,keep,present_in_legacy_filtered_derivative,74b1b1af52035d21b8b70106afe838e67d3abe8c06fde8e733f9141a5094034d,74b1b1af52035d21b8b70106afe838e67d3abe8c06fde8e733f9141a5094034d,true,true
838,val-000838,keep,present_in_legacy_filtered_derivative,ebbc664809b08d0ea4128480368bfd3fafcc9419f5c498c637f00c782113dbe5,ebbc664809b08d0ea4128480368bfd3fafcc9419f5c498c637f00c782113dbe5,true,true
839,val-000839,keep,present_in_legacy_filtered_derivative,d375608e4535a7117809cdc77cd9b2d598249faf6b6fb9a480c7c0d381483a03,d375608e4535a7117809cdc77cd9b2d598249faf6b6fb9a480c7c0d381483a03,true,true
840,val-000840,exclude,absent_from_legacy_filtered_derivative; historical semantic reason unavailable,2c87ac5d26647c92d81a8a20dd85a38dfa17890b23c119cb3b42be72649f17f6,,,false
841,val-000841,keep,present_in_legacy_filtered_derivative,fc62af6cd91296bf0da1e67bce53ccf16dc08252c4302077283505298bc94ae6,fc62af6cd91296bf0da1e67bce53ccf16dc08252c4302077283505298bc94ae6,true,true
842,val-000842,keep,present_in_legacy_filtered_derivative,0483b55fd0d625932c6ecbf34e0941a5e39c42094f190a6a4c268c27b4a0b0c4,0483b55fd0d625932c6ecbf34e0941a5e39c42094f190a6a4c268c27b4a0b0c4,true,true
843,val-000843,keep,present_in_legacy_filtered_derivative,5ca4996c5239ff8568b105ef0e48f61fcaf5a42c1db1a323af845994e9951f39,5ca4996c5239ff8568b105ef0e48f61fcaf5a42c1db1a323af845994e9951f39,true,true
844,val-000844,exclude,absent_from_legacy_filtered_derivative; historical semantic reason unavailable,236c0e9e8f0da4399101ffa57180c0bb13465139f0f604fa564bc74b1271c3a9,,,false
845,val-000845,keep,present_in_legacy_filtered_derivative,ce2ff2b11ba3e60715e923db76a80acd0a257f1074e9c65cf6d2e61114d70fcc,ce2ff2b11ba3e60715e923db76a80acd0a257f1074e9c65cf6d2e61114d70fcc,true,true
846,val-000846,keep,present_in_legacy_filtered_derivative,265bcf6576bb941c75786a50b871e83bcd145311dc2b945569a8c4024fb6e3c8,265bcf6576bb941c75786a50b871e83bcd145311dc2b945569a8c4024fb6e3c8,true,true
847,val-000847,keep,present_in_legacy_filtered_derivative,eb3932a902a8b00911815724a78b93c7e4b2bd598a6f9c4a3080dd4bad25c65d,eb3932a902a8b00911815724a78b93c7e4b2bd598a6f9c4a3080dd4bad25c65d,true,true
848,val-000848,keep,present_in_legacy_filtered_derivative,e861738e0c5013ff1ccce47d6b4858cc47e994db2ddf49eabc832a823562e562,e861738e0c5013ff1ccce47d6b4858cc47e994db2ddf49eabc832a823562e562,true,true
849,val-000849,exclude,absent_from_legacy_filtered_derivative; historical semantic reason unavailable,5f37b116264a3d324aed3ee6cc9c26d36cac436e8612b18b96e2e04aed3ae708,,,false
850,val-000850,exclude,absent_from_legacy_filtered_derivative; historical semantic reason unavailable,4da6190b75cd5763528b9ecc37580d8f47ccffa87d9a75ed9db5ff8513be69e7,,,false
851,val-000851,keep,present_in_legacy_filtered_derivative,b5924ca95c10aa79c87777ffccdde2408c08165a14826be4178f12ddddd284f2,b5924ca95c10aa79c87777ffccdde2408c08165a14826be4178f12ddddd284f2,true,true
852,val-000852,keep,present_in_legacy_filtered_derivative,6470f10542db0bde07e7cf3bb2a129d6157c7b0241b00b39c2dbf7061b1d3852,6470f10542db0bde07e7cf3bb2a129d6157c7b0241b00b39c2dbf7061b1d3852,true,true
853,val-000853,keep,present_in_legacy_filtered_derivative,876c3b1acc0a616e8a232898a409a54b637372f895b014c82b156c23ed0ac1a0,789763e2a62ce3166799808a9248d8ed7b8ade7bf5c8737b5b6e0a0f15346f56,false,true
854,val-000854,keep,present_in_legacy_filtered_derivative,9a46871dfb4211fc74d6604c8310e514aaf5426d39ef82fa87c702ecfdb18606,9a46871dfb4211fc74d6604c8310e514aaf5426d39ef82fa87c702ecfdb18606,true,true
855,val-000855,keep,present_in_legacy_filtered_derivative,02a00ad12771babccec508e525fc2e720534e22d8e8330c7364e63e82eb83afe,02a00ad12771babccec508e525fc2e720534e22d8e8330c7364e63e82eb83afe,true,true
856,val-000856,keep,present_in_legacy_filtered_derivative,057f0b5e0ab277036a6371c7e3cc35c65f85176b0de92509e509a81b128a33f2,057f0b5e0ab277036a6371c7e3cc35c65f85176b0de92509e509a81b128a33f2,true,true
857,val-000857,keep,present_in_legacy_filtered_derivative,e3548d3a97aafd2b2d5c3e3f43099e1bb31c5544ad1d3faf15b7eb4e0236c3d5,e3548d3a97aafd2b2d5c3e3f43099e1bb31c5544ad1d3faf15b7eb4e0236c3d5,true,true
858,val-000858,keep,present_in_legacy_filtered_derivative,6b89af298573699de7e42ad11237977a9f125f6069d60f207545254c91acd849,6b89af298573699de7e42ad11237977a9f125f6069d60f207545254c91acd849,true,true
859,val-000859,keep,present_in_legacy_filtered_derivative,909251097d0c9a6acdc059783421fc183285b81892479b55c2ae29098175aa2c,909251097d0c9a6acdc059783421fc183285b81892479b55c2ae29098175aa2c,true,true
860,val-000860,exclude,absent_from_legacy_filtered_derivative; historical semantic reason unavailable,6ce012fd1056714b493ab0a7b473923e52b597bdb7cde60a0d97ef6f54e60c4d,,,false
861,val-000861,keep,present_in_legacy_filtered_derivative,b68a6e457b70b5f1e1a3cf457f5ba0f0b550cd2a8fdc527d50ce5fe33d70d944,b68a6e457b70b5f1e1a3cf457f5ba0f0b550cd2a8fdc527d50ce5fe33d70d944,true,true
862,val-000862,keep,present_in_legacy_filtered_derivative,7818efa04c2fc8ce95f596eacf146482a7439ceb7a3e571bdfb13b09f8a616d0,7818efa04c2fc8ce95f596eacf146482a7439ceb7a3e571bdfb13b09f8a616d0,true,true
863,val-000863,exclude,absent_from_legacy_filtered_derivative; historical semantic reason unavailable,a00b8063836dc0d79d13e10df507415ba12e74b2f7c76358df0954807ebcd653,,,false
864,val-000864,keep,present_in_legacy_filtered_derivative,424006627c5c431e070b0083d371c82466d076cbf74b37916c929ac0475af506,424006627c5c431e070b0083d371c82466d076cbf74b37916c929ac0475af506,true,true
865,val-000865,keep,present_in_legacy_filtered_derivative,df9af8a321516208b329d6aea7e7e313cda29ccc9e67811a8b20ac10ca2b1b46,df9af8a321516208b329d6aea7e7e313cda29ccc9e67811a8b20ac10ca2b1b46,true,true
866,val-000866,keep,present_in_legacy_filtered_derivative,cde25384990aeee6f5a58348cbf7e2e7a291a371c5ca27467f22815d5482e981,cde25384990aeee6f5a58348cbf7e2e7a291a371c5ca27467f22815d5482e981,true,true
867,val-000867,keep,present_in_legacy_filtered_derivative,50e25e96d5eebe283236941845b09f9d02789ffb9a9b8edd1537761c48a38091,50e25e96d5eebe283236941845b09f9d02789ffb9a9b8edd1537761c48a38091,true,true
868,val-000868,keep,present_in_legacy_filtered_derivative,81a7a679bfa41f1fb15bbc0e79907f06dc7af43fd1bf2c73eaead790cdd51324,81a7a679bfa41f1fb15bbc0e79907f06dc7af43fd1bf2c73eaead790cdd51324,true,true
869,val-000869,keep,present_in_legacy_filtered_derivative,dce85ec3805eb48fe2315148f00f345a228a498f605e2802fd04b552eda8428a,7690786122f543553cf57a2d6a324078dd55b62037397c8dfb9d4b4acc83c51f,false,true
870,val-000870,keep,present_in_legacy_filtered_derivative,72415cd6cf8ec3a47a41a5433b7c1d302f99b3cce93d6d9ea1ee468004dc61e2,72415cd6cf8ec3a47a41a5433b7c1d302f99b3cce93d6d9ea1ee468004dc61e2,true,true
871,val-000871,keep,present_in_legacy_filtered_derivative,4dc842cc4a2eedc414fa0ebaedf3697cf8c1fe2cbc02dc56b9276a98c92e172c,4dc842cc4a2eedc414fa0ebaedf3697cf8c1fe2cbc02dc56b9276a98c92e172c,true,true
872,val-000872,keep,present_in_legacy_filtered_derivative,107c64b73250488dc86e6457d60b957b65eded49945ead47d3c1a94549741ff3,107c64b73250488dc86e6457d60b957b65eded49945ead47d3c1a94549741ff3,true,true
873,val-000873,keep,present_in_legacy_filtered_derivative,bdb65ca3df32a7fec1abf525913bfe6b71e3a73a6e7133447449447834464085,bdb65ca3df32a7fec1abf525913bfe6b71e3a73a6e7133447449447834464085,true,true
874,val-000874,keep,present_in_legacy_filtered_derivative,e1fd6b4fe7daee62f3575ee041bf9ae415f227eabf19f8099a3cea67ee33fd1f,e1fd6b4fe7daee62f3575ee041bf9ae415f227eabf19f8099a3cea67ee33fd1f,true,true
875,val-000875,keep,present_in_legacy_filtered_derivative,4ba473f00c2f4b5bdda815ab2ce0ec413985b2e5e73d87153b1b8ecd543c7689,4ba473f00c2f4b5bdda815ab2ce0ec413985b2e5e73d87153b1b8ecd543c7689,true,true
876,val-000876,exclude,absent_from_legacy_filtered_derivative; historical semantic reason unavailable,47ba6ec9d56aeeb3c92ba31796652db8b12b6a17115773d82920c7946a321141,,,false
877,val-000877,keep,present_in_legacy_filtered_derivative,633b85e474b747b99c03dccfef5cdf8e443c12b27bcf3d1cacab92fa2e40116e,633b85e474b747b99c03dccfef5cdf8e443c12b27bcf3d1cacab92fa2e40116e,true,true
878,val-000878,keep,present_in_legacy_filtered_derivative,95642618b6d5d335511a7825e164c6d2ceaf6b57e2701ff8ea4cbf3980b73dde,95642618b6d5d335511a7825e164c6d2ceaf6b57e2701ff8ea4cbf3980b73dde,true,true
879,val-000879,keep,present_in_legacy_filtered_derivative,ee808165885152e0e14b99442edfa69d3c055047068ae9e838bce82944f72ea3,ee808165885152e0e14b99442edfa69d3c055047068ae9e838bce82944f72ea3,true,true
880,val-000880,keep,present_in_legacy_filtered_derivative,677ccbd4287804865467e1f546e9c9a0bd5f05231f5a210894c019efb235d4ef,677ccbd4287804865467e1f546e9c9a0bd5f05231f5a210894c019efb235d4ef,true,true
881,val-000881,exclude,absent_from_legacy_filtered_derivative; historical semantic reason unavailable,e8bca47e9c5d826db2906eb73552eea0c2ec8aae0eff418d9640786c85ea67ac,,,false
882,val-000882,keep,present_in_legacy_filtered_derivative,b40128c3ddf44b8e598bd173471f41ad1f2d982a7abb6c12485c86985cae7a48,b40128c3ddf44b8e598bd173471f41ad1f2d982a7abb6c12485c86985cae7a48,true,true
883,val-000883,keep,present_in_legacy_filtered_derivative,e726709ea9e18b967c03c8087f3eedfa0557d90ede98c5dc8478361786823873,e726709ea9e18b967c03c8087f3eedfa0557d90ede98c5dc8478361786823873,true,true
884,val-000884,keep,present_in_legacy_filtered_derivative,27853d2a2ba3a95d424c833032b3b0ddea7a3899e396635a4d4a28dd5514cbd3,27853d2a2ba3a95d424c833032b3b0ddea7a3899e396635a4d4a28dd5514cbd3,true,true
885,val-000885,keep,present_in_legacy_filtered_derivative,29926f9c03feb9ed5006b96e5321f6e859288faba5785b8e2dc8e51e072935ea,29926f9c03feb9ed5006b96e5321f6e859288faba5785b8e2dc8e51e072935ea,true,true
886,val-000886,keep,present_in_legacy_filtered_derivative,e03f54e7d94c8c839d23e29574fb37822b7f8fde42fb1b9bb4358cf8e6867a82,e03f54e7d94c8c839d23e29574fb37822b7f8fde42fb1b9bb4358cf8e6867a82,true,true
887,val-000887,keep,present_in_legacy_filtered_derivative,25ff52c1c12123f1b4509ed8eb53bff01620c535aa21416ed09de479e4b78c17,25ff52c1c12123f1b4509ed8eb53bff01620c535aa21416ed09de479e4b78c17,true,true
888,val-000888,keep,present_in_legacy_filtered_derivative,13d276b35e648ef5ebb6b13c387258be35ac70769b162fd78650fb3010af81ab,13d276b35e648ef5ebb6b13c387258be35ac70769b162fd78650fb3010af81ab,true,true
889,val-000889,keep,present_in_legacy_filtered_derivative,ac56f71d1d0faacb104927663550d6c28a726a7486ecd61ecd3d32a8bebd9266,ac56f71d1d0faacb104927663550d6c28a726a7486ecd61ecd3d32a8bebd9266,true,true
890,val-000890,exclude,absent_from_legacy_filtered_derivative; historical semantic reason unavailable,3c6048826f5f8d1e1abb0e5683a8a70afbc5e6813ce2402127267c4613371ad2,,,false
891,val-000891,keep,present_in_legacy_filtered_derivative,cd38bf67bb31c3929e4e81b09c0dcc971aeb7ca8a1561124b10bf1fe17a0249d,cd38bf67bb31c3929e4e81b09c0dcc971aeb7ca8a1561124b10bf1fe17a0249d,true,true
892,val-000892,keep,present_in_legacy_filtered_derivative,86462eb34c537dc3437730f5d0a13c914e8e726fecc4f3b35c8db6aa89c0768e,86462eb34c537dc3437730f5d0a13c914e8e726fecc4f3b35c8db6aa89c0768e,true,true
893,val-000893,keep,present_in_legacy_filtered_derivative,c275e3cce4ee8fcbd2b0c2d7b44743f2303fb9098c7fbe133d901e909ffc01ef,c275e3cce4ee8fcbd2b0c2d7b44743f2303fb9098c7fbe133d901e909ffc01ef,true,true
894,val-000894,exclude,absent_from_legacy_filtered_derivative; historical semantic reason unavailable,1bdfbf5134c1ef43ee7e6068655b59765fc6a10e3c94faaf647f41fa539ef63e,,,false
895,val-000895,exclude,absent_from_legacy_filtered_derivative; historical semantic reason unavailable,9bfd48bd59c1294dd717794628c3bde956a70df32ee2013df8fdf86a1d96abca,,,false
896,val-000896,exclude,absent_from_legacy_filtered_derivative; historical semantic reason unavailable,34cddbefe8b41513de4139f6a150c71927eeff27d30ed8767efa12d21eedaf0c,,,false
897,val-000897,keep,present_in_legacy_filtered_derivative,068a5069592e71f0b543ec945dc9495774211296965aa3464ba0014550090388,068a5069592e71f0b543ec945dc9495774211296965aa3464ba0014550090388,true,true
898,val-000898,keep,present_in_legacy_filtered_derivative,7850f5175578f9004ced0613cf4549ed3ea3e6d2de7cde3959eb659eac80f5d5,7850f5175578f9004ced0613cf4549ed3ea3e6d2de7cde3959eb659eac80f5d5,true,true
899,val-000899,keep,present_in_legacy_filtered_derivative,84ecba1bd514b786d99b48099d8ce8fcf1284a89386eef3fd90d43f9e2573cf7,84ecba1bd514b786d99b48099d8ce8fcf1284a89386eef3fd90d43f9e2573cf7,true,true
900,val-000900,exclude,absent_from_legacy_filtered_derivative; historical semantic reason unavailable,95a335d1e6f2884c0abcdfa66cd95648e48894ea38b3ef4d038491f40653b811,,,false
901,val-000901,keep,present_in_legacy_filtered_derivative,ccf28a301509ac662ff767bd84801f7164b5264e24510f347531b4cdc355e6b4,ccf28a301509ac662ff767bd84801f7164b5264e24510f347531b4cdc355e6b4,true,true
902,val-000902,keep,present_in_legacy_filtered_derivative,8249d1edbb3e73e99af06530faf29048a1b93b18b628a5f9901814fdb8205946,8249d1edbb3e73e99af06530faf29048a1b93b18b628a5f9901814fdb8205946,true,true
903,val-000903,keep,present_in_legacy_filtered_derivative,831e338ae7d9f252e8f1ccc3cf1e0c8a20fdc56d7a0f84cc17dc4e1f3177bdcc,831e338ae7d9f252e8f1ccc3cf1e0c8a20fdc56d7a0f84cc17dc4e1f3177bdcc,true,true
904,val-000904,exclude,absent_from_legacy_filtered_derivative; historical semantic reason unavailable,b14a63dc801d54f98220b22c2e1d5808ed476edf8d7f757bf4cbd98101295ed2,,,false
905,val-000905,exclude,absent_from_legacy_filtered_derivative; historical semantic reason unavailable,329506a3feac615e0702b5485a1b5121f21941041595b399db6dbd36a0f860d2,,,false
906,val-000906,exclude,absent_from_legacy_filtered_derivative; historical semantic reason unavailable,58ec8af1777978a1c54dc57ce90aa1007d11f42667936c87451cf9379bb620eb,,,false
907,val-000907,keep,present_in_legacy_filtered_derivative,c96c5e61d01beab7ca4be32e45a38abe29cd06b08acf705aa4cc390f0a638b78,c96c5e61d01beab7ca4be32e45a38abe29cd06b08acf705aa4cc390f0a638b78,true,true
908,val-000908,keep,present_in_legacy_filtered_derivative,9604eeb2bc02b2187bbea085d963173ec83bbb2666af1a5814c78dec87c4ba69,9604eeb2bc02b2187bbea085d963173ec83bbb2666af1a5814c78dec87c4ba69,true,true
909,val-000909,keep,present_in_legacy_filtered_derivative,ea6c8cedb27a973f4979b0dac7410f07264df4491f0241344944f7ec14757571,ea6c8cedb27a973f4979b0dac7410f07264df4491f0241344944f7ec14757571,true,true
910,val-000910,keep,present_in_legacy_filtered_derivative,894fa484746e1b2f1c672d0560cff8bda275ca54148ac5ff6b8905723c70d33d,9c6cdfde36d4f6e260c083cebcbb5658cb2df824457b16f85bab7077ebdb030d,false,true
911,val-000911,keep,present_in_legacy_filtered_derivative,52d0cf7d1d26f9984788d8acb454857c787016ecc29196c79aa35edd36a1fc94,52d0cf7d1d26f9984788d8acb454857c787016ecc29196c79aa35edd36a1fc94,true,true
912,val-000912,keep,present_in_legacy_filtered_derivative,8c3ca92a20478f49926cc423da89640f9610d6388291c322bded6932d16c4ede,9048e44b058a0ca909d4c8d785a466ea8c81874f9662b2aef4a567449888983f,false,true
913,val-000913,exclude,absent_from_legacy_filtered_derivative; historical semantic reason unavailable,ce3291ff66243b2135ebbfd9cebe62046771eb5324b7d106d10452615ff44bb8,,,false
914,val-000914,keep,present_in_legacy_filtered_derivative,094eef1c636fb6702996990cc0fe32b91f95bf664876f7575138a5016885cc5b,094eef1c636fb6702996990cc0fe32b91f95bf664876f7575138a5016885cc5b,true,true
915,val-000915,exclude,absent_from_legacy_filtered_derivative; historical semantic reason unavailable,0e372d7ac8a3c7b86d48ff44dd6c33eee8968c8a2da0709d1bee6380a846d08b,,,false
916,val-000916,keep,present_in_legacy_filtered_derivative,eec75cf55a12412ece3a4b8e60f4d9fb2a1460ee6084a59cdc91b70440a4c13b,eec75cf55a12412ece3a4b8e60f4d9fb2a1460ee6084a59cdc91b70440a4c13b,true,true
917,val-000917,keep,present_in_legacy_filtered_derivative,a4f74d29ec6a9740aa884428b4bce4dbb2e2a27db4390e33bd913294dd27b668,a4f74d29ec6a9740aa884428b4bce4dbb2e2a27db4390e33bd913294dd27b668,true,true
918,val-000918,keep,present_in_legacy_filtered_derivative,a42313b7b35ae3c24a529f00c562bfe2be6b01981838acf5f2bd906f2a0c9ddf,a42313b7b35ae3c24a529f00c562bfe2be6b01981838acf5f2bd906f2a0c9ddf,true,true
919,val-000919,keep,present_in_legacy_filtered_derivative,7d98de476eb417c7515b7dec106f4152e75819bcd6a12c5bc159756b8a945667,7d98de476eb417c7515b7dec106f4152e75819bcd6a12c5bc159756b8a945667,true,true
920,val-000920,keep,present_in_legacy_filtered_derivative,6fd0b9e2d1c1bf387a06d927fdac36a3eec7fe7f2cb4c4748e460425803552aa,3cb18cff64202f6e65d0c94ffdc5050448809b733c60dbf6ca0ddec44f738f9e,false,true
921,val-000921,exclude,absent_from_legacy_filtered_derivative; historical semantic reason unavailable,466e97f2bbd33a6094f16c9decd9ef0643ac609af2396827d580dd65e8b71e96,,,false
922,val-000922,keep,present_in_legacy_filtered_derivative,02c6a6e3e1c6564530f33f2707422c1e582e9fe4e6564d28cdc6566f5916772a,02c6a6e3e1c6564530f33f2707422c1e582e9fe4e6564d28cdc6566f5916772a,true,true
923,val-000923,exclude,absent_from_legacy_filtered_derivative; historical semantic reason unavailable,084ab3ff510417429c1bf3bc1bc43cc2c9b1250e0e5e96ca7f9dd61d825c4f8e,,,false
924,val-000924,keep,present_in_legacy_filtered_derivative,5b3bd4c1fcd380348953ffba1e00fd39d6f590677ea0f50e378b3f5ee79e4be0,5b3bd4c1fcd380348953ffba1e00fd39d6f590677ea0f50e378b3f5ee79e4be0,true,true
925,val-000925,exclude,absent_from_legacy_filtered_derivative; historical semantic reason unavailable,c0b6bb4484708025d4e2b593ab2a1cef5e4b251eda6d7d0cb4b1b1eba0075d32,,,false
926,val-000926,exclude,absent_from_legacy_filtered_derivative; historical semantic reason unavailable,35e8f7d61a686c66e507f05f98d49b153d99ff0d9db9daefb928d20e176b3d2a,,,false
927,val-000927,keep,present_in_legacy_filtered_derivative,819ac42ae440df87d08a88c211a2a9e1525d4ae6bb140064b95a49da524e6f01,819ac42ae440df87d08a88c211a2a9e1525d4ae6bb140064b95a49da524e6f01,true,true
928,val-000928,keep,present_in_legacy_filtered_derivative,12d49c733c4d7d387ba0ef396fd213b4df8d29aae8dc580ae33cfa6ecc474836,12d49c733c4d7d387ba0ef396fd213b4df8d29aae8dc580ae33cfa6ecc474836,true,true
929,val-000929,keep,present_in_legacy_filtered_derivative,7036f9210f823e58605aaed1e123ffb8bf882bedd347e8cc29bbaebcfee0afd1,7036f9210f823e58605aaed1e123ffb8bf882bedd347e8cc29bbaebcfee0afd1,true,true
930,val-000930,keep,present_in_legacy_filtered_derivative,0a90137d878c466752ea670315566fc7c486b9a1c8c941728aa090500268b88a,0a90137d878c466752ea670315566fc7c486b9a1c8c941728aa090500268b88a,true,true
931,val-000931,keep,present_in_legacy_filtered_derivative,64f81b6ba71ab8c161e7eead83340f49b77803849b459c9bb04380b55f53f5e1,14ce29d1c7b9b4e7fdb2826651fb81ea58e10b04d6a979c55cb8a542649f78b3,false,true
932,val-000932,keep,present_in_legacy_filtered_derivative,6013307d8bded0a916fd86239264816d2e02543981b8a5df793d8711a1a396c2,6013307d8bded0a916fd86239264816d2e02543981b8a5df793d8711a1a396c2,true,true
933,val-000933,exclude,absent_from_legacy_filtered_derivative; historical semantic reason unavailable,cf63463c7673b41dd90822ed88ea90e62b8416a76042d47ad9628fe990a30031,,,false
934,val-000934,keep,present_in_legacy_filtered_derivative,41f3cd56e0528ffdbe1f92ca9251c2de10bda0f09fb031ea01d1733e1e9c9405,41f3cd56e0528ffdbe1f92ca9251c2de10bda0f09fb031ea01d1733e1e9c9405,true,true
935,val-000935,keep,present_in_legacy_filtered_derivative,f491c54403b77c491fd77078d43c3764fa22bd0b066e97578823fe5357ab503b,eb9de83dd3bbc3a236197d1e8acb976a7a846f34f551cb89e58183856a453c4f,false,true
936,val-000936,keep,present_in_legacy_filtered_derivative,7fc578f222174ebf2603868ad42373d97d03540a96d495fc3ccff334f8d5dc9b,7fc578f222174ebf2603868ad42373d97d03540a96d495fc3ccff334f8d5dc9b,true,true
937,val-000937,exclude,absent_from_legacy_filtered_derivative; historical semantic reason unavailable,7b02f1d22077bcb96c35891ff62e1e9b0ca90580df8efe3399f3921baf442112,,,false
938,val-000938,keep,present_in_legacy_filtered_derivative,bc7d49596081d679384b01885025865657a972c22b98ac7f3024d17fd4146209,bc7d49596081d679384b01885025865657a972c22b98ac7f3024d17fd4146209,true,true
939,val-000939,keep,present_in_legacy_filtered_derivative,2fdd7ca7cb1d01fb2e51b65fde004f8291f83c518cddcd80cedcbf5054818a3f,2fdd7ca7cb1d01fb2e51b65fde004f8291f83c518cddcd80cedcbf5054818a3f,true,true
940,val-000940,keep,present_in_legacy_filtered_derivative,fadc4cba89b797ac15e6deef488c974047e715d68fb91df0499ec2ed56de6f42,fadc4cba89b797ac15e6deef488c974047e715d68fb91df0499ec2ed56de6f42,true,true
941,val-000941,exclude,absent_from_legacy_filtered_derivative; historical semantic reason unavailable,c02ce168b9d3abcc1bac07dc2e56e66a4aec69c66a459bf05f3aec36a94a7f5c,,,false
942,val-000942,keep,present_in_legacy_filtered_derivative,946d8b77a841e6d81d2894b9bb76d7ada102ad2c6bc20005bb6bfc34640d6e4c,946d8b77a841e6d81d2894b9bb76d7ada102ad2c6bc20005bb6bfc34640d6e4c,true,true
943,val-000943,keep,present_in_legacy_filtered_derivative,2f5f9098eab39364404bb4e33e0b6b815aa8ec77359634aa125028a9fca5ed96,2f5f9098eab39364404bb4e33e0b6b815aa8ec77359634aa125028a9fca5ed96,true,true
944,val-000944,keep,present_in_legacy_filtered_derivative,0855d34646a93a621678b5235a15fb29448934ac6eb697747a8e60fc73a55763,0855d34646a93a621678b5235a15fb29448934ac6eb697747a8e60fc73a55763,true,true
945,val-000945,keep,present_in_legacy_filtered_derivative,37b9ca80d00067d8d9d5f758b6ce8b2ed515b35c2d49a7a6803cd2d739c2a7f9,37b9ca80d00067d8d9d5f758b6ce8b2ed515b35c2d49a7a6803cd2d739c2a7f9,true,true
946,val-000946,keep,present_in_legacy_filtered_derivative,6d148b6bc3450d874b5fa3b7f2175bad5d5bec8ffb2e2d0505d5cfaa4fdd6c5f,7adb2a837b6ec1e1525c7826d9977df30f51bdec5acae9c7cc24f06e07980fef,false,true
947,val-000947,keep,present_in_legacy_filtered_derivative,03d8b6649f0157d87cdd0118884f46696194341d40e058f38cac77c8ff9cfa62,03d8b6649f0157d87cdd0118884f46696194341d40e058f38cac77c8ff9cfa62,true,true
948,val-000948,keep,present_in_legacy_filtered_derivative,3b3648b5ef47ef616112b564b25c895642adf0c5777add9e9bb90dcdadb95a42,3b3648b5ef47ef616112b564b25c895642adf0c5777add9e9bb90dcdadb95a42,true,true
949,val-000949,keep,present_in_legacy_filtered_derivative,16c34467975ce0e30fea890f006b23d5c1bcea009399d18b565ed4f673735ea9,16c34467975ce0e30fea890f006b23d5c1bcea009399d18b565ed4f673735ea9,true,true
950,val-000950,keep,present_in_legacy_filtered_derivative,a33405d8721bd0be7ef08b625afd08bed62292faaa6513e01d2adbb4956d3714,a33405d8721bd0be7ef08b625afd08bed62292faaa6513e01d2adbb4956d3714,true,true
951,val-000951,keep,present_in_legacy_filtered_derivative,c9523542c5f07f5f8b7cf7fdae487d902ac7bab5c7495e987c0b4e28ba845405,c9523542c5f07f5f8b7cf7fdae487d902ac7bab5c7495e987c0b4e28ba845405,true,true
952,val-000952,keep,present_in_legacy_filtered_derivative,aae22fe28ab4c6f405f733659df47e6be4a50ba5f0184afc4073540cfb381c2a,aae22fe28ab4c6f405f733659df47e6be4a50ba5f0184afc4073540cfb381c2a,true,true
953,val-000953,keep,present_in_legacy_filtered_derivative,0ab2db8a24cea220e0f120aeae47e00183512392e8d31b1124c5a47f480fc78a,0ab2db8a24cea220e0f120aeae47e00183512392e8d31b1124c5a47f480fc78a,true,true
954,val-000954,exclude,absent_from_legacy_filtered_derivative; historical semantic reason unavailable,7197e0b0ec74773551aaccbaada11fc39a2818ebb5fc9b77c233a04f84516a88,,,false
955,val-000955,keep,present_in_legacy_filtered_derivative,4aff934100281199a9ebfebae3c19abd909a9d0e7e6fd2067728c974e921f54f,4aff934100281199a9ebfebae3c19abd909a9d0e7e6fd2067728c974e921f54f,true,true
956,val-000956,keep,present_in_legacy_filtered_derivative,631b7f8c470bc69bc255c589195780df7f469ec87045b4c8604dcf731125c6f1,631b7f8c470bc69bc255c589195780df7f469ec87045b4c8604dcf731125c6f1,true,true
957,val-000957,keep,present_in_legacy_filtered_derivative,6e9d9c1d48eaa2d8bf8146d69832151bf2840b741813d8e5a8a34c3b68844533,6e9d9c1d48eaa2d8bf8146d69832151bf2840b741813d8e5a8a34c3b68844533,true,true
958,val-000958,keep,present_in_legacy_filtered_derivative,d2567b9748297478065886268c2a79550ff72b4303aee23ec48eb952455136de,d2567b9748297478065886268c2a79550ff72b4303aee23ec48eb952455136de,true,true
959,val-000959,keep,present_in_legacy_filtered_derivative,f9f1ed877470a63ae1c4a2331fbc090d75465c255aea9ab84c3add4e5f8345cb,f9f1ed877470a63ae1c4a2331fbc090d75465c255aea9ab84c3add4e5f8345cb,true,true
960,val-000960,keep,present_in_legacy_filtered_derivative,139e2a515b8efc89223a2ff18fd316cee1b0996d8a2a229165412ff885766bd9,139e2a515b8efc89223a2ff18fd316cee1b0996d8a2a229165412ff885766bd9,true,true
961,val-000961,exclude,absent_from_legacy_filtered_derivative; historical semantic reason unavailable,a4ce6163fb062dca53e6f822717e7d8c558f8e8937cbbf282979fe30fef808b9,,,false
962,val-000962,keep,present_in_legacy_filtered_derivative,bb43fa3fdf1189fb636e4545b822be751f1260fc5ba998f50834652aabac2fdd,bb43fa3fdf1189fb636e4545b822be751f1260fc5ba998f50834652aabac2fdd,true,true
963,val-000963,exclude,absent_from_legacy_filtered_derivative; historical semantic reason unavailable,f6a1bee477e5c4b6d15c8b7b35deb6824fe40d68501a4aa3784224fce6f20cb8,,,false
964,val-000964,keep,present_in_legacy_filtered_derivative,5f06a12fe915cce421e91eb59cfd90a08643aed44ff49910a3659602d231c2b5,5f06a12fe915cce421e91eb59cfd90a08643aed44ff49910a3659602d231c2b5,true,true
965,val-000965,keep,present_in_legacy_filtered_derivative,35d9f5309727dbff478abb03a1a91c53f63ba849b75e635ff3ab92ffc7b06297,35d9f5309727dbff478abb03a1a91c53f63ba849b75e635ff3ab92ffc7b06297,true,true
966,val-000966,keep,present_in_legacy_filtered_derivative,c3ffed7b32453472d0f234a4a64268f8724157d4a0b5faaf13faa27c89a9b078,c3ffed7b32453472d0f234a4a64268f8724157d4a0b5faaf13faa27c89a9b078,true,true
967,val-000967,keep,present_in_legacy_filtered_derivative,a9e516a6f16137b1875125c31f27fc4a0954dedb6f4e749bfa9544c4f01ae100,a9e516a6f16137b1875125c31f27fc4a0954dedb6f4e749bfa9544c4f01ae100,true,true
968,val-000968,exclude,absent_from_legacy_filtered_derivative; historical semantic reason unavailable,889959805939d5650857fd00627817226707059d4e1bd98516a2123a0d756733,,,false
969,val-000969,keep,present_in_legacy_filtered_derivative,301dd990e73e3f8344692b6ba7da4ec3f4d01563db6883c8f6149d14273c3fe2,fbc984cd21e113bdfe94ebd12ebcfc10624d3b7b425cc4025729420ffb02e64e,false,true
970,val-000970,keep,present_in_legacy_filtered_derivative,0c93e1f7e72cae3a7bfc33f124245373acbb482d04846460d03ec9519f2072a7,0c93e1f7e72cae3a7bfc33f124245373acbb482d04846460d03ec9519f2072a7,true,true
971,val-000971,keep,present_in_legacy_filtered_derivative,0cf7168df8d8c6980658d74f89a0989f73f1a662355efa57d58e275a45a7747c,0cf7168df8d8c6980658d74f89a0989f73f1a662355efa57d58e275a45a7747c,true,true
972,val-000972,keep,present_in_legacy_filtered_derivative,d5ba4493b3ee7a5bb105ec8d41d16b0f27ba226ea7fc91b3c2dfd1c2d94797d9,d5ba4493b3ee7a5bb105ec8d41d16b0f27ba226ea7fc91b3c2dfd1c2d94797d9,true,true
973,val-000973,keep,present_in_legacy_filtered_derivative,ebf2fa71f34a455e22327aed7181bfd73f0abe19e3871ab56e92761c2b90ee07,ebf2fa71f34a455e22327aed7181bfd73f0abe19e3871ab56e92761c2b90ee07,true,true
974,val-000974,keep,present_in_legacy_filtered_derivative,fec1128ea88209fa92a0be4b73e930791f2254430112e085d148131e4ad4f5b6,fec1128ea88209fa92a0be4b73e930791f2254430112e085d148131e4ad4f5b6,true,true
975,val-000975,keep,present_in_legacy_filtered_derivative,dd2f239fb5d989ebba07efeba44224b75c7251b583e5118e4d95cd204cb20113,dd2f239fb5d989ebba07efeba44224b75c7251b583e5118e4d95cd204cb20113,true,true
976,val-000976,keep,present_in_legacy_filtered_derivative,e33d88306b85eba715d20cc160b5e8ed26db4521c87e7d123a806befe118bff1,e33d88306b85eba715d20cc160b5e8ed26db4521c87e7d123a806befe118bff1,true,true
977,val-000977,keep,present_in_legacy_filtered_derivative,45a8c4d03e3ac714398150b164fc8665c65b2e4d4d57ee624b58ba89fa4211e6,45a8c4d03e3ac714398150b164fc8665c65b2e4d4d57ee624b58ba89fa4211e6,true,true
978,val-000978,keep,present_in_legacy_filtered_derivative,d9760ae4e6b78db031996b64d6cbb4197b29a6e3aa2b7c004922e6369ceb3b0a,d9760ae4e6b78db031996b64d6cbb4197b29a6e3aa2b7c004922e6369ceb3b0a,true,true
979,val-000979,keep,present_in_legacy_filtered_derivative,a2f54ae96063902e4033921a1688b7a390d3534dee22e1c7cd909b388abfe7fd,a2f54ae96063902e4033921a1688b7a390d3534dee22e1c7cd909b388abfe7fd,true,true
980,val-000980,keep,present_in_legacy_filtered_derivative,1511f0f4bba73a105b41c2745d62479a1b0e144bbbfa70fcd9cf3d04feac8ed5,1511f0f4bba73a105b41c2745d62479a1b0e144bbbfa70fcd9cf3d04feac8ed5,true,true
981,val-000981,exclude,absent_from_legacy_filtered_derivative; historical semantic reason unavailable,71f8ceeef491e381a6b788bcb2c4225fd6c3aff866e8a61a0ae84b829fcd462b,,,false
982,val-000982,keep,present_in_legacy_filtered_derivative,360e65180a863862ab6e6c3cf06bd4f9597fcd4c0324e7dd9207bd4815d5d208,360e65180a863862ab6e6c3cf06bd4f9597fcd4c0324e7dd9207bd4815d5d208,true,true
983,val-000983,keep,present_in_legacy_filtered_derivative,ddbfcd21826f020a9acd4adcd4a0c3193670a489ab15e5a49da860ffde6c2c53,ddbfcd21826f020a9acd4adcd4a0c3193670a489ab15e5a49da860ffde6c2c53,true,true
984,val-000984,keep,present_in_legacy_filtered_derivative,abbc2d44975fafb51edb938d926ba53da3266fa45166e8748e087cf7a345daf1,abbc2d44975fafb51edb938d926ba53da3266fa45166e8748e087cf7a345daf1,true,true
985,val-000985,keep,present_in_legacy_filtered_derivative,9d445c5b3f83107471d579226951d9900e8be225ddbf92ef31669b80086ad33f,9d445c5b3f83107471d579226951d9900e8be225ddbf92ef31669b80086ad33f,true,true
986,val-000986,keep,present_in_legacy_filtered_derivative,ba3c7fdd75f158cc21f58a228947cbee045b04700001acfce497533f3f0b23f1,ba3c7fdd75f158cc21f58a228947cbee045b04700001acfce497533f3f0b23f1,true,true
987,val-000987,keep,present_in_legacy_filtered_derivative,611e5990a3cd745f545e284e2dbf2f9ac2164de29249ebb0f8733eea86c62db6,611e5990a3cd745f545e284e2dbf2f9ac2164de29249ebb0f8733eea86c62db6,true,true
988,val-000988,exclude,absent_from_legacy_filtered_derivative; historical semantic reason unavailable,4d8d31d6a8b2c90aaffe37f2e2a8a03798a8fcbe916e84573d5c25e4febb8a66,,,false
989,val-000989,keep,present_in_legacy_filtered_derivative,6377880d57d89044b6a249cde6887720d1263270fbfba32ef60dd0d51211dc57,810b361e50cd859237426facc8fa71907c21d8c918d6396712f305f59bb0659a,false,true
990,val-000990,keep,present_in_legacy_filtered_derivative,ebb2a0af0a954a8dab5cd7f345dafb9220c22008449cf6c2af74faa2a99de78f,ebb2a0af0a954a8dab5cd7f345dafb9220c22008449cf6c2af74faa2a99de78f,true,true
991,val-000991,keep,present_in_legacy_filtered_derivative,788877e8c3b2903192b7c9acd811aa59200e2a15fb0c28df11e85ec93b282701,788877e8c3b2903192b7c9acd811aa59200e2a15fb0c28df11e85ec93b282701,true,true
992,val-000992,keep,present_in_legacy_filtered_derivative,c76345b74b20d746672b63966f72f7da115062263878548cae65f0df5550cd5e,c76345b74b20d746672b63966f72f7da115062263878548cae65f0df5550cd5e,true,true
993,val-000993,keep,present_in_legacy_filtered_derivative,83c9ffc2ee0d36ff5981e74fafea7d799531cc93777e565d4d3949b919fa6547,83c9ffc2ee0d36ff5981e74fafea7d799531cc93777e565d4d3949b919fa6547,true,true
994,val-000994,keep,present_in_legacy_filtered_derivative,56b922d1d8630a1aff570b92bee98a7d5b39201b3fc35558dd714a9a884c32be,56b922d1d8630a1aff570b92bee98a7d5b39201b3fc35558dd714a9a884c32be,true,true
995,val-000995,keep,present_in_legacy_filtered_derivative,cb57376eeb2a606428da4a145975bcf28298798ec503e76601f4d66af6391f14,cb57376eeb2a606428da4a145975bcf28298798ec503e76601f4d66af6391f14,true,true
996,val-000996,keep,present_in_legacy_filtered_derivative,a6c05ef9a929ff599596f8ea6852595ac10ad07770e9a0983a7e2cdfa130cda7,a6c05ef9a929ff599596f8ea6852595ac10ad07770e9a0983a7e2cdfa130cda7,true,true
997,val-000997,keep,present_in_legacy_filtered_derivative,b6081b5a7c6c32ef5b14b9cae0066c234aa2b56c311592fe7320d89d82515a0e,b6081b5a7c6c32ef5b14b9cae0066c234aa2b56c311592fe7320d89d82515a0e,true,true
998,val-000998,exclude,absent_from_legacy_filtered_derivative; historical semantic reason unavailable,0f76a8e65cc0a2b9edda6c8b23c713f187b1c0d923bff05f753e10fb7272d770,,,false
999,val-000999,keep,present_in_legacy_filtered_derivative,6f87bb018d0378a4b5c0a1e80f4198417c45069f05ee84231b7e3c615a0943dd,6f87bb018d0378a4b5c0a1e80f4198417c45069f05ee84231b7e3c615a0943dd,true,true
