row_id,effort,variant,custom_id,response_status,response_completed,truncated,json_parsed,schema_valid,parse_status,canonical_integer_output,noncanonical_integer_output,final_answer,label_match,validation_passed,validation_flags,old_arithmetic_failures,new_arithmetic_failures,not_checked_complex_expression,raw_response_path,raw_response_sha256
train-000108,low,a,p2_r4_audit_train-000108_a_low_1037f3153672,completed,True,False,True,True,ok,True,False,-5892,True,True,not_checked_complex_expression,8040-8=2006,,"\[(x-2)a-b-c=0,\quad -a+(y-2)b-c=0,\quad -a-b+(z-2)c=0.\]|\[(x-2)(y-2)(z-2)-(x-2)-(y-2)-(z-2)-2=0.\]|Therefore $(x-2)(y-2)(z-2)=x+y+z-4=2006$. Expanding the left side and using $xy+yz+zx=67$ and $x+y+z=2010$ yields|\[xyz-2(67)+4(2010)-8=2006,\]|so $xyz=-5892$. If $a=b=c=0$ were allowed, the data would not determine $xyz$.|Using $(x-2)(y-2)(z-2)=2006$ and expanding gives $xyz-134+8040-8=2006$, hence $xyz=-5892$.",artifacts\phase2\phase2_verified_cot_luna_budget5_v1\raw_responses\sync\p2_r4_audit_train-000108_a_low_1037f3153672.json,94990a17b976728346b5ef595bed92dafb439d52ccd244b382ec5b1acc508423
train-000108,medium,a,p2_r4_audit_train-000108_a_medium_7ae140ca5755,completed,True,False,True,True,unit_or_prose_output,False,True,not uniquely determined,False,False,unit_or_prose_output|unit_or_prose_output|label_mismatch|not_checked_complex_expression,,,"If a=b=c=0, all three given equations hold whenever x,y,z\ne2|The conditions x+y+z=2010 and xy+yz+zx=67 do not determine xyz|For example, take x=0 and let y,z be roots of t^2-2010t+67=0|then xyz=0|Alternatively, take x=1 and let y,z be roots of t^2-2009t-1942=0|then xyz=-1942|If a,b,c are additionally required to be nonzero (or not all zero), the usual derivation gives xyz=-5892",artifacts\phase2\phase2_verified_cot_luna_budget5_v1\raw_responses\sync\p2_r4_audit_train-000108_a_medium_7ae140ca5755.json,9f82f1895284716322b71f8992fb5594593295919b48656a718b9b96058b2893
train-000108,low,b,p2_r4_audit_train-000108_b_low_86407d0344b9,completed,True,False,True,True,ok,True,False,-5892,True,True,not_checked_complex_expression,,,"Let S=a+b+c|\[(x-1)a=S,\qquad (y-1)b=S,\qquad (z-1)c=S.\]|\frac1{x-1}+\frac1{y-1}+\frac1{z-1}=1|(x-1)(y-1)+(y-1)(z-1)+(z-1)(x-1)=xy+yz+zx-2(x+y+z)+3,|which equals \(67-2(2010)+3=-3950\)|(x-1)(y-1)(z-1)=xyz-(xy+yz+zx)+(x+y+z)-1=xyz+1942|Thus \(-3950=xyz+1942\), so \(xyz=-5892\)|Expanding \((x-1)(y-1)(z-1)\) gives \(xyz-67+2010-1=xyz+1942\)|equating it to the numerator \(-3950\) confirms \(xyz=-5892\).",artifacts\phase2\phase2_verified_cot_luna_budget5_v1\raw_responses\sync\p2_r4_audit_train-000108_b_low_86407d0344b9.json,09cf3507aca822b48726b50c41ddda5c0b92be33344e467a9ad14522690f94b3
train-000108,medium,b,p2_r4_audit_train-000108_b_medium_67bb33a97073,completed,True,False,True,True,unit_or_prose_output,False,True,not determined,False,False,unit_or_prose_output|unit_or_prose_output|label_mismatch|not_checked_complex_expression,,,"As stated, the value is not determined, because a=b=c=0 satisfies all three equations whenever the denominators are nonzero|For example, take x=0 and let y,z be roots of t^2-2010t+67=0|then xy+yz+zx=67, x+y+z=2010, and xyz=0|Alternatively, take x=1 and let y,z be roots of t^2-2009t-1942=0|the same two given conditions hold, but xyz=-1942|If a,b,c were required to be nonzero simultaneously, the determinant condition would give (x-2)(y-2)(z-2)-(x+y+z-6)-2=0, hence xyz=-5892",artifacts\phase2\phase2_verified_cot_luna_budget5_v1\raw_responses\sync\p2_r4_audit_train-000108_b_medium_67bb33a97073.json,085401f894b64c90126ea93fec213d0ac78e9e1a210aa413f0cfa30235ae6785
train-000221,low,a,p2_r4_audit_train-000221_a_low_ff666c1641d6,completed,True,False,True,True,unit_or_prose_output,False,True,11700 calories,False,False,unit_or_prose_output|unit_or_prose_output|label_mismatch|not_checked_complex_expression,7 × 1500 = 10|600 + 600 = 11,,"The reduced daily calorie target is 2000 - 500 = 1500 calories|Over seven days, this provides 7 × 1500 = 10,500 calories|Exercise adds 2 × 300 = 600 calories for intense workouts and 3 × 200 = 600 calories for moderate exercise|Therefore, the weekly allowance is 10,500 + 600 + 600 = 11,700 calories",artifacts\phase2\phase2_verified_cot_luna_budget5_v1\raw_responses\sync\p2_r4_audit_train-000221_a_low_ff666c1641d6.json,2b461bf0dae882629f0af87579e74149ef2158ab2caf355a2d10cb5ca7285455
train-000221,medium,a,p2_r4_audit_train-000221_a_medium_d3636c2e86bc,completed,True,False,True,True,unit_or_prose_output,False,True,11700 calories,False,False,unit_or_prose_output|unit_or_prose_output|label_mismatch|not_checked_complex_expression,7 × 1500 = 10|600 + 600 = 11|1500 + 1500 = 11,,"The reduced baseline intake is 2000 - 500 = 1500 calories per day|Over seven days, this gives 7 × 1500 = 10,500 calories|Activity-related calories add 2 × 300 = 600 calories for intense workouts and 3 × 200 = 600 calories for moderate exercise|Thus, the weekly allowance is 10,500 + 600 + 600 = 11,700 calories|Summing daily allowances gives 1800 + 1800 + 1800 + 1700 + 1700 + 1500 + 1500 = 11,700 calories.",artifacts\phase2\phase2_verified_cot_luna_budget5_v1\raw_responses\sync\p2_r4_audit_train-000221_a_medium_d3636c2e86bc.json,ae3ff488442dcd80a216c9bc1e697a6037f8522ba8662b33e49b9f3cb78f6e09
train-000221,low,b,p2_r4_audit_train-000221_b_low_c13e81f528db,completed,True,False,True,True,unit_or_prose_output,False,True,11700 calories,False,False,unit_or_prose_output|unit_or_prose_output|label_mismatch|not_checked_complex_expression,7 × 1500 = 10|600 + 600 = 11|5100 + 3000 = 11,,"The reduced daily calorie target is 2000 - 500 = 1500 calories|Over seven days, this gives 7 × 1500 = 10,500 calories|Activity adds 2 × 300 = 600 calories for intense workouts and 3 × 200 = 600 calories for moderate exercise|Therefore, the weekly allowance is 10,500 + 600 + 600 = 11,700 calories|the independent sum is 1500 + 300 = 1800 for two days, 1500 + 200 = 1700 for three days, and 1500 for two rest days, giving 3600 + 5100 + 3000 = 11,700 calories.",artifacts\phase2\phase2_verified_cot_luna_budget5_v1\raw_responses\sync\p2_r4_audit_train-000221_b_low_c13e81f528db.json,e7098a34dfb809adc7c7627468c327bb6f44e7fea2cf6a179750af8a3f5a8b25
train-000221,medium,b,p2_r4_audit_train-000221_b_medium_1ef7e896d506,completed,True,False,True,True,comma_integer_output,False,True,"11,700 calories",False,False,comma_integer_output|comma_integer_output|label_mismatch|not_checked_complex_expression,7 × 1500 = 10|600 + 600 = 11|5100 + 3000 = 11,,"The reduced base intake is 2000 - 500 = 1500 calories per day|Over seven days, this gives 7 × 1500 = 10,500 calories|Activity adds 2 × 300 = 600 calories for intense workouts and 3 × 200 = 600 calories for moderate exercise, while rest days add none|Thus, the weekly allowed intake is 10,500 + 600 + 600 = 11,700 calories|2(1800) + 3(1700) + 2(1500) = 3600 + 5100 + 3000 = 11,700 calories.",artifacts\phase2\phase2_verified_cot_luna_budget5_v1\raw_responses\sync\p2_r4_audit_train-000221_b_medium_1ef7e896d506.json,a4c66d48bdf6254300c53d8d37204706f27426d7bdbedd11795b29a607fc2bc0
train-000455,low,a,p2_r4_audit_train-000455_a_low_8790cbb2416f,completed,True,False,True,True,ok,True,False,121393,False,False,label_mismatch|not_checked_complex_expression,,,"Label the burrows by positions 0,1,2,3, with A=0 and C=2|G_0=1+xG_1,\nG_1=xG_0+xG_2,\nG_2=xG_1+xG_3,\nG_3=xG_2|G_2(x)=\frac{x^2}{1-3x^2+x^4}.|Thus the required count is the coefficient of x^{24}, equivalently the coefficient of y^{12} in (1-3y+y^2)^{-1}. If c_n denotes this coefficient, then c_0=1, c_1=3, and c_n=3c_{n-1}-c_{n-2}. This gives c_{12}=121393 (indeed, c_n=F_{2n+2})|The recurrence yields the sequence 1, 3, 8, 21, ..., and c_{12}=F_{26}=121393, independently confirming the calculation.",artifacts\phase2\phase2_verified_cot_luna_budget5_v1\raw_responses\sync\p2_r4_audit_train-000455_a_low_8790cbb2416f.json,7ac325e2d860c5d54dab74d6e88670fe8175dc0e35c5df6c521ee2d3b1af1d2b
train-000455,medium,a,p2_r4_audit_train-000455_a_medium_ac93dbee948a,completed,True,False,True,True,ok,True,False,46368,True,True,not_checked_complex_expression,,,"\[a_{k+1}=a_k+c_k,\qquad c_{k+1}=a_k+2c_k.\]|Initially, \((a_0,c_0)=(1,0)\), giving \((a_1,c_1)=(1,1)\)|These pairs follow \(a_k=F_{2k-1}\) and \(c_k=F_{2k}\), where \(F_0=0,F_1=1\)|Therefore, for 24 minutes, \(k=12\), and the required number is \(c_{12}=F_{24}=46368\)|The recurrence gives c_1=1, c_2=3, c_3=8, matching F_2,F_4,F_6|hence c_12=F_24=46368.",artifacts\phase2\phase2_verified_cot_luna_budget5_v1\raw_responses\sync\p2_r4_audit_train-000455_a_medium_ac93dbee948a.json,22b392fafa87f0e4a12020ae2ae83fa2c927b6e7a11ccbcade3ec2973dfd75fb
train-000455,low,b,p2_r4_audit_train-000455_b_low_173dbde32ed0,completed,True,False,True,True,ok,True,False,46368,True,True,not_checked_complex_expression,,,"\binom{a'}{c'}=\begin{pmatrix}1&1\\1&2\end{pmatrix}\binom{a}{c},|starting from \((a,c)=(1,0)\)|The nth power of this matrix has bottom-left entry \(F_{2n}\), where \(F_0=0,F_1=1\)|Therefore, after 12 pairs, the number ending at C is \(F_{24}=46368\)",artifacts\phase2\phase2_verified_cot_luna_budget5_v1\raw_responses\sync\p2_r4_audit_train-000455_b_low_173dbde32ed0.json,69f2c7ad01a8cd62199a6e72e1c82bbdcd6057f5e42a75d1fcc3fa305755c972
train-000455,medium,b,p2_r4_audit_train-000455_b_medium_c4613d32b069,completed,True,False,True,True,ok,True,False,46368,True,True,not_checked_complex_expression,,,"Label the burrows by positions 0,1,2,3, with A=0 and C=2|M=\begin{pmatrix}1&1\\1&2\end{pmatrix},|M^n=\begin{pmatrix}F_{2n-1}&F_{2n}\\F_{2n}&F_{2n+1}\end{pmatrix},|with \(F_0=0,F_1=1\), this entry is \(F_{24}=46368\)|The matrix identity gives the target entry as F_24, and F_24=46368.",artifacts\phase2\phase2_verified_cot_luna_budget5_v1\raw_responses\sync\p2_r4_audit_train-000455_b_medium_c4613d32b069.json,1c73b67c5a1f3d2bbc846f1153e97eb9d397dce6945f761552a0c578c47e3652
train-000485,low,a,p2_r4_audit_train-000485_a_low_0abf2612e7f4,completed,True,False,True,True,unit_or_prose_output,False,True,3 if 3∤n; 0 if 3|n,False,False,unit_or_prose_output|unit_or_prose_output|label_mismatch|not_checked_complex_expression,,,"\det(C_n)=\prod_{\zeta^n=1}(1+\zeta+\zeta^2)|Let \(\omega=e^{2\pi i/3}\)|Because \(1+x+x^2=(x-\omega)(x-\omega^2)\), and \(\prod_{\zeta^n=1}(\zeta-a)=(-1)^n(a^n-1)\), the two signs cancel, giving|\det(C_n)=(\omega^n-1)(\omega^{2n}-1)|Otherwise, \(\{\omega^n,\omega^{2n}\}=\{\omega,\omega^2\}\), and|(\omega-1)(\omega^2-1)=\omega\omega^2-\omega-\omega^2+1=3,|since \(\omega+\omega^2=-1\)|For n=3, the eigenvalue at ζ=ω is 1+ω+ω²=0, confirming determinant 0|for n=4, the formula gives 3.",artifacts\phase2\phase2_verified_cot_luna_budget5_v1\raw_responses\sync\p2_r4_audit_train-000485_a_low_0abf2612e7f4.json,cb147f9803b967e8013b99be6a0a1650e03801e277c50da14d5d2aa5bf7c3ada
train-000485,medium,a,p2_r4_audit_train-000485_a_medium_6ff4d9de0413,completed,True,False,True,True,unit_or_prose_output,False,True,3 if 3∤n; 0 if 3∣n,False,False,unit_or_prose_output|unit_or_prose_output|label_mismatch|not_checked_complex_expression,,,"\det C_n=\prod_{\zeta^n=1}(1+\zeta+\zeta^2)|Since \(1+\zeta+\zeta^2=(\zeta^3-1)/(\zeta-1)\) for \(\zeta\ne1\), the factors for \(\zeta\ne1\) multiply to 1, while the factor at \(\zeta=1\) is 3|For n=3, C_n is the all-ones matrix, so its determinant is 0, agreeing with the formula",artifacts\phase2\phase2_verified_cot_luna_budget5_v1\raw_responses\sync\p2_r4_audit_train-000485_a_medium_6ff4d9de0413.json,1dfc498526fe1748bc7d2d4dabc08c35ecb6667dc1c0e71b1ea9be196839faf3
train-000485,low,b,p2_r4_audit_train-000485_b_low_04cf868ec6e5,completed,True,False,True,True,unit_or_prose_output,False,True,3 if 3∤n; 0 if 3∣n,False,False,unit_or_prose_output|unit_or_prose_output|label_mismatch|not_checked_complex_expression,,,"Let \(\zeta=e^{2\pi i/n}\)|For each \(k=0,\ldots,n-1\), the vector \((1,\zeta^k,\zeta^{2k},\ldots,\zeta^{(n-1)k})^T\) is an eigenvector of the circulant matrix, with eigenvalue|\lambda_k=1+\zeta^k+\zeta^{2k}.|Let \(\omega=e^{2\pi i/3}\)|1+x+x^2=(1-\omega x)(1-\omega^2x),|\det C_n=\prod_{k=0}^{n-1}(1-\omega\zeta^k)(1-\omega^2\zeta^k)|=(1-\omega^n)(1-\omega^{2n}),|using \(\prod_{k=0}^{n-1}(1-a\zeta^k)=1-a^n\)|Otherwise \(\omega^n+\omega^{2n}=-1\) and \(\omega^{3n}=1\), so the product equals \(1-(-1)+1=3\)|If \(3\mid n\), a primitive cube root among the \(n\)th roots gives eigenvalue \(1+\omega+\omega^2=0\), confirming determinant zero.",artifacts\phase2\phase2_verified_cot_luna_budget5_v1\raw_responses\sync\p2_r4_audit_train-000485_b_low_04cf868ec6e5.json,696f1f6aa47fe05e77014d5d7bb0e965e54992b3098080a3149f006b79d4a172
train-000485,medium,b,p2_r4_audit_train-000485_b_medium_fe934199e140,completed,True,False,True,True,latex_integer_output,False,True,\(3\) if \(3\nmid n\); \(0\) if \(3\mid n\).,False,False,latex_integer_output|latex_integer_output|label_mismatch|not_checked_complex_expression,,,"\[p(\zeta)=1+\zeta+\zeta^2.\]|\[\det C_n=\prod_{\zeta^n=1}(1+\zeta+\zeta^2).\]|Let \(\omega=e^{2\pi i/3}\)|Since \(1+z+z^2=(z-\omega)(z-\omega^2)\), and \(\prod_{\zeta^n=1}(\zeta-a)=(-1)^n(a^n-1)\), the signs cancel, giving|\[\det C_n=(\omega^n-1)(\omega^{2n}-1).\]|Otherwise \(\{\omega^n,\omega^{2n}\}=\{\omega,\omega^2\}\), so the product equals \((\omega-1)(\omega^2-1)=3\)|For \(n=3\), the matrix is the all-ones matrix and has determinant zero, matching the formula.",artifacts\phase2\phase2_verified_cot_luna_budget5_v1\raw_responses\sync\p2_r4_audit_train-000485_b_medium_fe934199e140.json,3d6676db713fff17d43f0d24e1d114e8b6b1fb4f727c8991b2d735b93802c92b
train-000795,low,a,p2_r4_audit_train-000795_a_low_5514bc19d1a6,completed,True,False,True,True,ok,True,False,175,True,True,not_checked_complex_expression,,,"Thus m=35, and the produce weighs 5(35)=175",artifacts\phase2\phase2_verified_cot_luna_budget5_v1\raw_responses\sync\p2_r4_audit_train-000795_a_low_5514bc19d1a6.json,52255e40760956192bedf5766d37158ca79858fe715e511705dffec38a3e966a
train-000795,medium,a,p2_r4_audit_train-000795_a_medium_107899c9528c,completed,True,False,True,True,ok,True,False,175,True,True,not_checked_complex_expression,8+7=175|6+1=175,,"Since all 5-kg boxes were full, the total weight was W=5(n+13)=5n+65|Substituting W=5n+65 gives n≥22 from the first set and n<23 from the second, hence n=22|Therefore W=5(22+13)=175|21×8+7=175, 29×6+1=175, and 35×5=175",artifacts\phase2\phase2_verified_cot_luna_budget5_v1\raw_responses\sync\p2_r4_audit_train-000795_a_medium_107899c9528c.json,49859ed34563495f0ea224de210c4d8630954d7995ec0838ab6ac3889fed54d3
train-000795,low,b,p2_r4_audit_train-000795_b_low_04d1bcbaaf60,completed,True,False,True,True,ok,True,False,175,True,True,not_checked_complex_expression,,,"Then the 5-kg boxes number m+5, and since they are all full, the total produce is 5(m+5)=5m+25|Equating gives s=m-25, hence 26≤m≤30|The 8-kg packing uses m-8 boxes, so its unused capacity is 8(m-8)-(5m+25)=3m-89|Since exactly one box is partially filled, this unused amount is between 0 and 8, forcing m=30|Therefore the produce weighs 5(30+5)=175",artifacts\phase2\phase2_verified_cot_luna_budget5_v1\raw_responses\sync\p2_r4_audit_train-000795_b_low_04d1bcbaaf60.json,45fc0bd3a88e7d446749665ec6b467327a6ae739b593c3f5bcf4aef524df1851
train-000795,medium,b,p2_r4_audit_train-000795_b_medium_40a2d598790d,completed,True,False,True,True,ok,True,False,175,True,True,not_checked_complex_expression,,,"Since every 5-kg box is full, the total weight is W=5(n+13)=5n+65|Hence n=22, and W=5(22+13)=175",artifacts\phase2\phase2_verified_cot_luna_budget5_v1\raw_responses\sync\p2_r4_audit_train-000795_b_medium_40a2d598790d.json,fc262ac5a4f8b6e480257f5aa65319d8e1b7d063c8eeda6303d19898f963dd93
train-001449,low,a,p2_r4_audit_train-001449_a_low_42a7872dc8c2,completed,True,False,True,True,ok,True,False,-183,True,True,not_checked_complex_expression,,,"Let s=\sqrt{3}. Since h(y)=\prod_{i=1}^5(y-y_i), we have|\prod_{i=1}^5(y_i^2-3)=\prod_i(y_i-s)(y_i+s)=h(s)h(-s),|h(s)=s^5-s^3+2s+3=s(9-3+2)+3=8s+3,|and similarly h(-s)=3-8s|h(s)h(-s)=(8s+3)(3-8s)=9-64s^2=9-192=-183|evaluating at the two roots ±\sqrt3 yields (8\sqrt3+3)(3-8\sqrt3)=-183, confirming the result.",artifacts\phase2\phase2_verified_cot_luna_budget5_v1\raw_responses\sync\p2_r4_audit_train-001449_a_low_42a7872dc8c2.json,988a1a605a7382679ca20ae18826eb08753d7054d52e51437517cb8ae1a07fd0
train-001449,medium,a,p2_r4_audit_train-001449_a_medium_28c09f091e0b,completed,True,False,True,True,ok,True,False,-183,True,True,not_checked_complex_expression,,,"Let r=\sqrt{3}. Since p(y_i)=y_i^2-3=(y_i-r)(y_i+r), and h is monic of odd degree, we have|\prod_{i=1}^5(y_i-r)=-h(r),\qquad \prod_{i=1}^5(y_i+r)=-h(-r)|Using r^3=3r and r^5=9r,|h(r)=9r-3r+2r+3=8r+3,|\quad h(-r)=3-8r|(8r+3)(3-8r)=9-64r^2=9-192=-183",artifacts\phase2\phase2_verified_cot_luna_budget5_v1\raw_responses\sync\p2_r4_audit_train-001449_a_medium_28c09f091e0b.json,53a73b272bfd34916a4dd7611c5cd1ef7c6ad8bea5274f9a04cd88eb57f5035c
train-001449,low,b,p2_r4_audit_train-001449_b_low_45a4d3c72aa4,completed,True,False,True,True,ok,True,False,-183,True,True,not_checked_complex_expression,,,"Let \(a=\sqrt3\)|\prod_{i=1}^5 (y_i^2-3)=h(a)h(-a),|(the sign factor is \((-1)^{5\cdot2}=1\))|Using \(a^2=3\),|h(a)=a^5-a^3+2a+3=9a-3a+2a+3=8a+3,|and similarly \(h(-a)=3-8a\)|h(a)h(-a)=(3+8a)(3-8a)=9-64(3)=-183|The product is the difference of squares \(3^2-(8\sqrt3)^2=9-192=-183\), confirming the calculation.",artifacts\phase2\phase2_verified_cot_luna_budget5_v1\raw_responses\sync\p2_r4_audit_train-001449_b_low_45a4d3c72aa4.json,d9198c793ec893d02af0bfdc17c722bc57da9077325c250893cad2699011de8c
train-001449,medium,b,p2_r4_audit_train-001449_b_medium_8957935445ab,completed,True,False,True,True,ok,True,False,-183,True,True,not_checked_complex_expression,,,"Let s=\sqrt{3}, so the roots of p(y)=y^2-3 are s and -s|\prod_{i=1}^5 p(y_i)=\prod_{p(r)=0}h(r)=h(s)h(-s)|Using s^2=3, we have s^3=3s and s^5=9s, so|h(s)=9s-3s+2s+3=8s+3,|\quad h(-s)=3-8s|h(s)h(-s)=(3+8s)(3-8s)=9-64(3)=-183|The conjugate-product calculation gives 3^2-(8\sqrt3)^2=9-192=-183, confirming the result.",artifacts\phase2\phase2_verified_cot_luna_budget5_v1\raw_responses\sync\p2_r4_audit_train-001449_b_medium_8957935445ab.json,d4b78839cf41a975304e16fe1b8777b85ddc8821707269ed4c03600e82c92788
train-001793,low,a,p2_r4_audit_train-001793_a_low_997f21c3f15f,completed,True,False,True,True,ok,True,False,-5,True,True,solution_below_target_length|not_checked_complex_expression,,,"\frac{L+(L+16)}{2}=3|Thus L+8=3, so L=-5|Using -5 and 11 gives difference 16 and average (-5+11)/2=3.",artifacts\phase2\phase2_verified_cot_luna_budget5_v1\raw_responses\sync\p2_r4_audit_train-001793_a_low_997f21c3f15f.json,9732683e15a2cb2d94f75026eb1500522118badf4d15404ea9551eddbcbbaff3
train-001793,medium,a,p2_r4_audit_train-001793_a_medium_8d55810cfdc0,completed,True,False,True,True,ok,True,False,-5,True,True,solution_below_target_length|not_checked_complex_expression,,,"(L+(L+16))/2 = L+8|Since the average was 3, L+8=3, giving L=-5|The corresponding high temperature is 11 degrees, and (11+(-5))/2=3, confirming the result.",artifacts\phase2\phase2_verified_cot_luna_budget5_v1\raw_responses\sync\p2_r4_audit_train-001793_a_medium_8d55810cfdc0.json,4d595c0b6abb472534de95456320882cdff61ead239c037233a67fcb0e4853f4
train-001793,low,b,p2_r4_audit_train-001793_b_low_0fc3b029c69e,completed,True,False,True,True,ok,True,False,-5,True,True,solution_below_target_length|not_checked_complex_expression,,,"\frac{L+(L+16)}{2}=3|Thus L+8=3, so L=-5|their difference is 16 and their average is (11+(-5))/2=3.",artifacts\phase2\phase2_verified_cot_luna_budget5_v1\raw_responses\sync\p2_r4_audit_train-001793_b_low_0fc3b029c69e.json,f52f96c4f73ca0d352bb3a6dcd2cdfe3f2c534d5b054af401cc1c9cc018c4bf6
train-001793,medium,b,p2_r4_audit_train-001793_b_medium_0a5fa0fa7c37,completed,True,False,True,True,ok,True,False,-5,True,True,solution_below_target_length|not_checked_complex_expression,,,"\[(L+(L+16))/2=L+8=3.\]|Thus L=-5|The pair (-5, 11) has difference 16 and average (-5+11)/2=3.",artifacts\phase2\phase2_verified_cot_luna_budget5_v1\raw_responses\sync\p2_r4_audit_train-001793_b_medium_0a5fa0fa7c37.json,e623ad8aa7970d9588c4099849c11effe3b88c555aea079ef3448338dfb8fdaf
train-001972,low,a,p2_r4_audit_train-001972_a_low_ab3833a32d2c,completed,True,False,True,True,unit_or_prose_output,False,True,809 g,False,False,unit_or_prose_output|unit_or_prose_output|label_mismatch|not_checked_complex_expression,,,"500+0.618(1000-500)=500+309=809\text{ g}.|Since 0.618×500=309 and 500+309=809, the value lies within the required 500-1000 g range.",artifacts\phase2\phase2_verified_cot_luna_budget5_v1\raw_responses\sync\p2_r4_audit_train-001972_a_low_ab3833a32d2c.json,b7170bc6bff9ab5b90148b8e8cb81323f4b42ea0626397ba476b21eba8243fd5
train-001972,medium,a,p2_r4_audit_train-001972_a_medium_eb5df92af643,completed,True,False,True,True,unit_or_prose_output,False,True,809 g,False,False,unit_or_prose_output|unit_or_prose_output|label_mismatch|abnormal_unicode|solution_below_target_length|not_checked_complex_expression,,,"500+0.618(1000-500)=500+309=809\text{ g}.|Since 0.618+0.382=1, the point is also 1000-0.382(500)=1000-191=809 g.",artifacts\phase2\phase2_verified_cot_luna_budget5_v1\raw_responses\sync\p2_r4_audit_train-001972_a_medium_eb5df92af643.json,5f709f244625b75ef4207ab1732a5b53086e84c53e408084f6e3f85d113e85b6
train-001972,low,b,p2_r4_audit_train-001972_b_low_39096440740c,completed,True,False,True,True,ok,True,False,691,False,False,label_mismatch|abnormal_unicode|not_checked_complex_expression,,,"the first is 500+0.618(500)=809 g, and the second is symmetrically located at 1000-0.618(500)=691 g|Since 809+691=1500=500+1000, the two trial values are symmetric about the midpoint 750 g, confirming the calculation.",artifacts\phase2\phase2_verified_cot_luna_budget5_v1\raw_responses\sync\p2_r4_audit_train-001972_b_low_39096440740c.json,a587348014fd876f639c65521c559c2c3960f1ae538bc8283e3e1e09d002173d
train-001972,medium,b,p2_r4_audit_train-001972_b_medium_86bd362e9442,completed,True,False,True,True,unit_or_prose_output,False,True,809 g,False,False,unit_or_prose_output|unit_or_prose_output|label_mismatch|solution_below_target_length|not_checked_complex_expression,,,"500+0.618(1000-500)=500+309=809\text{ g}.|0.618×500=309, and 500+309=809, which lies between 500 g and 1000 g.",artifacts\phase2\phase2_verified_cot_luna_budget5_v1\raw_responses\sync\p2_r4_audit_train-001972_b_medium_86bd362e9442.json,4f0f62a439b4cb60c9110bd5cafde63bc0a17faf81f1edecd217fced1232308d
train-002025,low,a,p2_r4_audit_train-002025_a_low_e67c29b298f5,completed,True,False,True,True,unit_or_prose_output,False,True,12000 animals,False,False,unit_or_prose_output|unit_or_prose_output|label_mismatch|not_checked_complex_expression,100/1000 = 1200,,"100/1000 = 1200/N|Thus 0.1 = 1200/N, giving N = 12000|A population of 12,000 has marked fraction 1200/12000 = 0.1",artifacts\phase2\phase2_verified_cot_luna_budget5_v1\raw_responses\sync\p2_r4_audit_train-002025_a_low_e67c29b298f5.json,cb5f612008afdd8c120fc88fe5ff3cc50a801f61a98b0aaf96aef7d6832c6809
train-002025,medium,a,p2_r4_audit_train-002025_a_medium_13f1aff1bb20,completed,True,False,True,True,unit_or_prose_output,False,True,12000 animals,False,False,unit_or_prose_output|unit_or_prose_output|label_mismatch|not_checked_complex_expression,,,"Among the 1000 animals caught, the observed marked proportion is 100/1000=0.1|Thus 1200/N=0.1, so N=1200/0.1=12000|If the population were 12,000, the expected marked fraction would be 1200/12000=0.1, giving 100 marked animals among 1000, matching the observation.",artifacts\phase2\phase2_verified_cot_luna_budget5_v1\raw_responses\sync\p2_r4_audit_train-002025_a_medium_13f1aff1bb20.json,02e2e11b8c160f2ce24597a8c0637bac275618dc091a0b05e0bc75348aa51c9e
train-002025,low,b,p2_r4_audit_train-002025_b_low_ba8b864a059f,completed,True,False,True,True,unit_or_prose_output,False,True,12000 animals,False,False,unit_or_prose_output|unit_or_prose_output|label_mismatch|not_checked_complex_expression,1200/0.1 = 12,,"Thus 1200/N = 0.1, so N = 1200/0.1 = 12,000",artifacts\phase2\phase2_verified_cot_luna_budget5_v1\raw_responses\sync\p2_r4_audit_train-002025_b_low_ba8b864a059f.json,b4c798f0468de6ece3c87a5964064870528c2cd5dca5dd3326fb16691792032c
train-002025,medium,b,p2_r4_audit_train-002025_b_medium_583864695d77,completed,True,False,True,True,unit_or_prose_output,False,True,12000 animals,False,False,unit_or_prose_output|unit_or_prose_output|label_mismatch|not_checked_complex_expression,100/1000 = 1200,,"100/1000 = 1200/N|Solving gives N = (1000)(1200)/100 = 12,000|If the population were 12,000, the marked fraction would be 1200/12000 = 0.10, so a catch of 1000 would be expected to contain 100 marked animals.",artifacts\phase2\phase2_verified_cot_luna_budget5_v1\raw_responses\sync\p2_r4_audit_train-002025_b_medium_583864695d77.json,1b383d249e048c0e5465cb34ea19e3f5971d5975a5d0b31f7e6b3cfc0ed64a60
train-002773,low,a,p2_r4_audit_train-002773_a_low_780d3a5863f9,completed,True,False,True,True,unit_or_prose_output,False,True,50%,False,False,unit_or_prose_output|unit_or_prose_output|label_mismatch|not_checked_complex_expression,75 - 50 = 125|125/250 = 50,,"Mars weighs twice as much as the moon, so Mars weighs \(2\times250=500\) tons|Since Mars has 150 tons of other elements, the fraction of other elements is \(150/500=0.30\), or 30%. The moon has the same composition, so it is also 30% other elements|\(100\%-20\%-30\%=50\%\)|The moon contains 30% of 250 = 75 tons of other elements and 20% = 50 tons of carbon, leaving 250 - 75 - 50 = 125 tons of iron|125/250 = 50%.",artifacts\phase2\phase2_verified_cot_luna_budget5_v1\raw_responses\sync\p2_r4_audit_train-002773_a_low_780d3a5863f9.json,25742c79be858607b9b901c7fbccde3e2d5650709324a058d7981a5e589e1c4f
train-002773,medium,a,p2_r4_audit_train-002773_a_medium_777d08efd796,completed,True,False,True,True,unit_or_prose_output,False,True,50%,False,False,unit_or_prose_output|unit_or_prose_output|label_mismatch|not_checked_complex_expression,150/500 = 30|125/250 = 50,,"Mars weighs twice as much as the moon, so Mars weighs 2 × 250 = 500 tons|Its 150 tons of other elements represent 150/500 = 30% of its mass|Therefore, the iron percentage is 100% - 20% carbon - 30% other elements = 50%.|Since 125/250 = 50%, the result checks.",artifacts\phase2\phase2_verified_cot_luna_budget5_v1\raw_responses\sync\p2_r4_audit_train-002773_a_medium_777d08efd796.json,f67c50336902ee6aa2cf37ac1f78ddaa02a77bfe261a7f9112ddbc7160ebfe5f
train-002773,low,b,p2_r4_audit_train-002773_b_low_95dcf04d89a6,completed,True,False,True,True,unit_or_prose_output,False,True,50%,False,False,unit_or_prose_output|unit_or_prose_output|label_mismatch|not_checked_complex_expression,,,"Mars weighs twice as much as the moon, so Mars weighs 2 × 250 = 500 tons|Since Mars has 150 tons of other elements, those elements make up 150/500 = 0.30 = 30% of Mars|Carbon is 20%, leaving 100% - 30% - 20% = 50% for iron|On the moon, 50% iron = 125 tons, 20% carbon = 50 tons, and 30% other elements = 75 tons",artifacts\phase2\phase2_verified_cot_luna_budget5_v1\raw_responses\sync\p2_r4_audit_train-002773_b_low_95dcf04d89a6.json,48a9a999bec9d477e1775f739a50cfddda7cef94a2c8999465f709b865b5727f
train-002773,medium,b,p2_r4_audit_train-002773_b_medium_2e40faf88f00,completed,True,False,True,True,unit_or_prose_output,False,True,50%,False,False,unit_or_prose_output|unit_or_prose_output|label_mismatch|not_checked_complex_expression,150/500 = 30|150/500 = 30,,"Since Mars has 150 tons of other elements, those elements make up 150/500 = 30% of Mars|100% - 20% - 30% = 50%. As a check, the moon has 75 tons of other elements, 50 tons of carbon, and 125 tons of iron, totaling 250 tons|Mars is 500 tons, and 150/500 = 30%",artifacts\phase2\phase2_verified_cot_luna_budget5_v1\raw_responses\sync\p2_r4_audit_train-002773_b_medium_2e40faf88f00.json,1fff570165a971480d80420ad95dbdb8ed23af96bf834fce261637abd4070061
train-002837,low,a,p2_r4_audit_train-002837_a_low_5cdbe1bb828b,completed,True,False,True,True,comma_integer_output,False,True,"Sum = 0, Product = -25",False,False,comma_integer_output|comma_integer_output|label_mismatch|solution_below_target_length|not_checked_complex_expression,2 - 25 = 0,,"From x^2 = 25, the real solutions are x = 5 and x = -5|Their sum is 5 + (-5) = 0, and their product is 5(-5) = -25|Independently, the roots of x^2 - 25 = 0 have sum 0 and product -25 by Vieta’s formulas|their product is -x^2 = -25.",artifacts\phase2\phase2_verified_cot_luna_budget5_v1\raw_responses\sync\p2_r4_audit_train-002837_a_low_5cdbe1bb828b.json,24b949e82364e4b1f4a7ef70c0fef7b89f2143d43df7bf7c5376b3bc5793e40c
train-002837,medium,a,p2_r4_audit_train-002837_a_medium_c7d1f0defe61,completed,True,False,True,True,comma_integer_output,False,True,"sum = 0, product = -25",False,False,comma_integer_output|comma_integer_output|label_mismatch|solution_below_target_length|not_checked_complex_expression,,,"From x^2=25, the real solutions are x=5 and x=-5|Their sum is 5+(-5)=0, and their product is 5(-5)=-25|their product is -(5^2)=-25.",artifacts\phase2\phase2_verified_cot_luna_budget5_v1\raw_responses\sync\p2_r4_audit_train-002837_a_medium_c7d1f0defe61.json,36a8aec85372bebbf79049bc4849724daa72c86dba1b38bbcc4dd3955a06ab07
train-002837,low,b,p2_r4_audit_train-002837_b_low_3b36b2b5c686,completed,True,False,True,True,comma_integer_output,False,True,"sum = 0, product = -25",False,False,comma_integer_output|comma_integer_output|label_mismatch|solution_below_target_length|not_checked_complex_expression,,,"From x² = 25, taking real square roots gives x = 5 or x = -5|Their sum is 5 + (-5) = 0, and their product is 5(-5) = -25|The roots of x² - 25 = 0 factor as (x - 5)(x + 5), confirming the two values and the computed sum and product.",artifacts\phase2\phase2_verified_cot_luna_budget5_v1\raw_responses\sync\p2_r4_audit_train-002837_b_low_3b36b2b5c686.json,073388c1750fdb69d43f5465e2508fa3cfd26b190b28562fa2f1415719d36ad3
train-002837,medium,b,p2_r4_audit_train-002837_b_medium_6eab05b86321,completed,True,False,True,True,unit_or_prose_output,False,True,Sum = 0; Product = -25,False,False,unit_or_prose_output|unit_or_prose_output|label_mismatch|solution_below_target_length|not_checked_complex_expression,2-25=0,,"Since x^2=25, the real solutions are x=5 and x=-5|Their sum is 5+(-5)=0, and their product is 5(-5)=-25|Independently, the roots of x^2-25=0 have sum 0 and product -25 by Vieta’s formulas",artifacts\phase2\phase2_verified_cot_luna_budget5_v1\raw_responses\sync\p2_r4_audit_train-002837_b_medium_6eab05b86321.json,c80c1387adb0f7f2659b6b5daeefa2c9826b4ec1292a20ad4470be3caee25487
train-002879,low,a,p2_r4_audit_train-002879_a_low_ff85e6f30617,completed,True,False,True,True,unit_or_prose_output,False,True,\mathbb{R},False,False,unit_or_prose_output|unit_or_prose_output|label_mismatch|not_checked_complex_expression,,,"Let the three denominators be \(A=x^2+2yz\), \(B=y^2+2zx\), and \(C=x^2+2xy\)|For any \(t\ne0\), taking \(x=y=z=t\) gives \(|A|=|B|=|C|=3t^2\), so the reciprocals form an equilateral triangle and \(xy+yz+zx=3t^2\), yielding every positive value|Taking \((x,y,z)=(1,-1,0)\) gives denominator absolute values \(1,1,1\), hence a triangle, with \(xy+yz+zx=-1\)|Finally, \((x,y,z)=(1,-3,-3/2)\) gives denominator absolute values \(10,6,5\), whose reciprocals \(1/10,1/6,1/5\) satisfy the strict triangle inequalities, while \(xy+yz+zx=0\)",artifacts\phase2\phase2_verified_cot_luna_budget5_v1\raw_responses\sync\p2_r4_audit_train-002879_a_low_ff85e6f30617.json,027232b8b27779165cd82cfc7a9046da2fd1ec0f722723a1859d9ca851070900
train-002879,medium,a,p2_r4_audit_train-002879_a_medium_3c07c89741a0,completed,True,False,True,True,latex_integer_output,False,True,\(\mathbb{R}\),False,False,latex_integer_output|latex_integer_output|label_mismatch|not_checked_complex_expression,,,"\((x,y,z)=(1,1,1)\), they are all \(3\), so the reciprocal lengths are \(1/3,1/3,1/3\), and \(xy+yz+zx=3\)|here \(xy+yz+zx=-1\)|Finally, for \((1,-3,-3/2)\), the absolute denominators are \(10,6,5\), giving lengths \(1/10,1/6,1/5\), which satisfy all strict triangle inequalities, while \(xy+yz+zx=0\)",artifacts\phase2\phase2_verified_cot_luna_budget5_v1\raw_responses\sync\p2_r4_audit_train-002879_a_medium_3c07c89741a0.json,1a28eed208f8aa44cdb06b22b2de72d318adde50df7f5ef300d22ed48a2507c7
train-002879,low,b,p2_r4_audit_train-002879_b_low_c88814c8a29d,completed,True,False,True,True,latex_integer_output,False,True,\(\mathbb{R}\setminus\{0\}\),False,False,latex_integer_output|latex_integer_output|label_mismatch|not_checked_complex_expression,,,"\(A=x^2+2yz\), \(B=y^2+2zx\), and \(C=x^2+2xy\)|If it were zero and \(x+y\neq0\), then \(z=-xy/(x+y)\)|If \(x+y=0\), the relation forces \(xy=0\), which makes one denominator zero|take \(x=y=z=t\), giving \(xy+yz+zx=3t^2>0\), while all three reciprocals are equal|take \((x,y,z)=(t,t,-t)\), giving \(xy+yz+zx=-t^2<0\)",artifacts\phase2\phase2_verified_cot_luna_budget5_v1\raw_responses\sync\p2_r4_audit_train-002879_b_low_c88814c8a29d.json,ceb283ba7b57b8071195013a8e18f04f11adf9f5ab8019b6c1cc20625a2a7e38
train-002879,medium,b,p2_r4_audit_train-002879_b_medium_c88df592c404,completed,True,False,True,True,unit_or_prose_output,False,True,\mathbb{R}\setminus\{0\},False,False,unit_or_prose_output|unit_or_prose_output|label_mismatch|not_checked_complex_expression,,,"if A,B,C are nonzero and 1/A,1/B,1/C satisfy the strict triangle inequalities, then xy+yz+zx≠0|Indeed, if xy+yz+zx=0, then (assuming x≠0 and writing t=y/x) we have z/x=-t/(1+t)|substituting into A,B,C and separating the intervals determined by t=0,-1,-1/2,1 shows that one reciprocal is at least the sum of the other two, a contradiction|Thus q=xy+yz+zx is nonzero|(1,1,1) gives A=B=C=3 and q=3, while (1,1,-1) gives (A,B,C)=(1,1,3), whose reciprocals form a triangle, and q=-1",artifacts\phase2\phase2_verified_cot_luna_budget5_v1\raw_responses\sync\p2_r4_audit_train-002879_b_medium_c88df592c404.json,e70fc1bbd0f2c7f6bd63756021845f1731f2636e62571c4f58e3146749ff0a80
train-003115,low,a,p2_r4_audit_train-003115_a_low_12588f6089e2,completed,True,False,True,True,comma_integer_output,False,True,"2023年：2,403,800辆；首次低于150万辆：2031年",False,False,comma_integer_output|comma_integer_output|label_mismatch|not_checked_complex_expression,,,"以“万辆”为单位，令2020年对应为第1项，则 a_1=300。每年保留上一年普通汽车的90%，再增加8万辆，因此递推式为 a_{n+1}=0.9a_n+8。于是 a_4=0.9^3\cdot300+8(0.9^2+0.9+1)=240.38，所以2023年约有240.38万辆，即2,403,800辆。又由递推式，a_{n+1}-80=0.9(a_n-80)，故{a_n-80}为公比0.9的等比数列，且 a_n=80+220\cdot0.9^{n-1}。要使a_n<150，需0.9^{n-1}<7/22≈0.3182。由参考值，0.9^{10}≈0.35不满足，而0.9^{11}≈0.31满足，故首次为n=12，即2031年。|直接代入a_{12}=80+220\times0.9^{11}≈148.2<150，而a_{11}=80+220\times0.9^{10}≈157>150，确认首次年份为2031年。",artifacts\phase2\phase2_verified_cot_luna_budget5_v1\raw_responses\sync\p2_r4_audit_train-003115_a_low_12588f6089e2.json,9f4dfd2882d32800e528edf55b4da34b983acc9529bc92ad7bf1f442bfa85bf6
train-003115,medium,a,p2_r4_audit_train-003115_a_medium_b4d96123d691,completed,True,False,True,True,comma_integer_output,False,True,"(1) a_1=300, a_{n+1}=0.9a_n+8; 2,403,800 cars. (2) Geometric sequence with first term 220 and ratio 0.9; first year: 2031.",False,False,comma_integer_output|comma_integer_output|label_mismatch|not_checked_complex_expression,70/220=7,,"Measure cars in units of 10,000, and let n=1 correspond to 2020|Then a_1=300|\[a_{n+1}=0.9a_n+8.\]|Thus a_4=0.9^3(300)+8(0.9^2+0.9+1)=240.38, giving 2,403,800 ordinary cars in 2023|\[a_{n+1}-80=0.9(a_n-80),\]|The condition a_n<150 is equivalent to \(0.9^{n-1}<70/220=7/22\)|Since \(0.9^{10}\approx0.35>7/22\) and \(0.9^{11}\approx0.31<7/22\), the first occurrence is n=12, corresponding to 2031|At n=11 (2030), a_{11}=80+220(0.9^{10})\approx156.7>150|at n=12 (2031), a_{12}=80+220(0.9^{11})\approx149.0<150, confirming the first year.",artifacts\phase2\phase2_verified_cot_luna_budget5_v1\raw_responses\sync\p2_r4_audit_train-003115_a_medium_b4d96123d691.json,222f27176d8af1e1f59dbc1c03f5f8e30a6c776a0bc20b742ea4fe4529402852
train-003115,low,b,p2_r4_audit_train-003115_b_low_416cb4511969,completed,True,False,True,True,ok,True,False,2031,True,True,not_checked_complex_expression,70/220=7,,"Then a_0=300|Since 10% of the previous year's cars are replaced and 8 (in these units) are added, a_{n+1}=0.9a_n+8|Thus a_1=278, a_2=258.2, and a_3=240.38, so at the end of 2023 there are 2,403,800 ordinary cars, approximately 2.404 million|Subtracting 80 from the recurrence gives a_{n+1}-80=0.9(a_n-80)|Therefore {a_n-80} is geometric with common ratio 0.9, and a_n-80=220(0.9)^n|The condition a_n<150 is equivalent to (0.9)^n<70/220=7/22≈0.318|the threshold comparison confirms n=11.",artifacts\phase2\phase2_verified_cot_luna_budget5_v1\raw_responses\sync\p2_r4_audit_train-003115_b_low_416cb4511969.json,f879671acb3f3265649b19c078245c071ea19e9d7da66bda3dac9ed4811a1c20
train-003115,medium,b,p2_r4_audit_train-003115_b_medium_49dc255d1dc5,completed,True,False,True,True,comma_integer_output,False,True,"(1) a_1=300, a_{n+1}=0.9a_n+8; 2,403,800 cars. (2) 2031",False,False,comma_integer_output|comma_integer_output|label_mismatch|not_checked_complex_expression,,,"Measure cars in units of 10,000 and let a_n denote the number at the end of year 2019+n, so a_1=300|Each year, 90% of the previous ordinary cars remain and 8 units are added, hence a_{n+1}=0.9a_n+8|Thus a_4=0.9^3(300)+8(0.9^2+0.9+1)=240.38, or 2,403,800 cars (nearest integer)|Also, a_{n+1}-80=0.9(a_n-80), so {a_n-80} is geometric with first term 220 and ratio 0.9|Therefore a_n=80+220(0.9)^{n-1}. The condition a_n<150 is equivalent to (0.9)^{n-1}<7/22|Since 0.9^{10}≈0.35 gives a_{11}>150, while 0.9^{11}≈0.31 gives a_{12}<150, the first such year is 2020+11=2031|a_4=0.9(0.9(0.9\cdot300+8)+8)+8=240.38, and the threshold comparison confirms n=12 is the first qualifying index.",artifacts\phase2\phase2_verified_cot_luna_budget5_v1\raw_responses\sync\p2_r4_audit_train-003115_b_medium_49dc255d1dc5.json,95562c8f6852985b680681aef8bd2f7d0d80f97f4b73f43ca68fcd2a9aa2b8dd
train-003183,low,a,p2_r4_audit_train-003183_a_low_4a6cbdd9ee3a,completed,True,False,True,True,unit_or_prose_output,False,True,Cannot be determined uniquely,False,False,unit_or_prose_output|unit_or_prose_output|label_mismatch|not_checked_complex_expression,,,"However, \(336=2^4\cdot3\cdot7\) also has least such \(k\) equal to 84, since \(k^3\) must contain at least four factors of 2, one factor of 3, and one factor of 7|The distinct valid numbers \(84^3\) and \(336\) both produce least positive \(k=84\), confirming nonuniqueness.",artifacts\phase2\phase2_verified_cot_luna_budget5_v1\raw_responses\sync\p2_r4_audit_train-003183_a_low_4a6cbdd9ee3a.json,a90e063d608ce3f049e341eae1baa11b97ee52e1cef797b3ab064cd217f1ae96
train-003183,medium,a,p2_r4_audit_train-003183_a_medium_a220c4f7a898,completed,True,False,True,True,unit_or_prose_output,False,True,Not uniquely determined,False,False,unit_or_prose_output|unit_or_prose_output|label_mismatch|not_checked_complex_expression,,,"For an integer N with prime factorization N = product p^a, the least k satisfying N | k^3 has p-adic exponent ceil(a/3)|Since 84 = 2^2·3·7, both N = 2^4·3·7 = 336 and N = 2^6·3^3·7^3 = 84^3 = 592704 have least possible k equal to 84|For N = 336, divisibility requires k to contain 2^2·3·7 = 84|for N = 84^3, it likewise requires k to be divisible by 84",artifacts\phase2\phase2_verified_cot_luna_budget5_v1\raw_responses\sync\p2_r4_audit_train-003183_a_medium_a220c4f7a898.json,09b3c27f62c0dfe1a43636981df9c6f4b85475dbfbbbd2ba2917c426f2820073
train-003183,low,b,p2_r4_audit_train-003183_b_low_0c23a35c6909,completed,True,False,True,True,unit_or_prose_output,False,True,Cannot be determined uniquely,False,False,unit_or_prose_output|unit_or_prose_output|label_mismatch|not_checked_complex_expression,,,"since \(84=2^2\cdot3\cdot7\), we have \(84^2=2^4\cdot3^2\cdot7^2\), and divisibility by this number requires \(k\) to contain at least \(2^2\cdot3\cdot7=84\) in its prime factorization",artifacts\phase2\phase2_verified_cot_luna_budget5_v1\raw_responses\sync\p2_r4_audit_train-003183_b_low_0c23a35c6909.json,7ff0aacc814d5e202364c7d0e3e8c107dd43ac7b93e2344575cc702e0bb4968b
train-003183,medium,b,p2_r4_audit_train-003183_b_medium_f864b0b913d6,completed,True,False,True,True,unit_or_prose_output,False,True,Not uniquely determined,False,False,unit_or_prose_output|unit_or_prose_output|label_mismatch|not_checked_complex_expression,,,"If N=84^2, then N=2^4·3^2·7^2|For N to divide k^3, k must contain at least 2^2·3·7=84, so the least possible k is 84|However, N=84^3 also has least possible k=84, since k^3=84^3 when k=84|If the intended question asks for the largest such number, it is 84^3=592704|Both 84^2 and 84^3 require the least multiplier k=84, confirming non-uniqueness.",artifacts\phase2\phase2_verified_cot_luna_budget5_v1\raw_responses\sync\p2_r4_audit_train-003183_b_medium_f864b0b913d6.json,33d881aeed67562f582a1cb361abdf0fc64367631467494de473bde04921b94c
train-003314,low,a,p2_r4_audit_train-003314_a_low_60e2d946f04d,completed,True,False,True,True,ok,True,False,-15,True,True,solution_below_target_length|not_checked_complex_expression,,,"Since g is linear, write g(x)=mx+b|\[g(x+1)-g(x)=m(x+1)+b-(mx+b)=m.\]|The given condition implies m=5|\[g(1)-g(4)=(5+b)-(20+b)=-15.\]|A shift of 3 units changes g by 3·5=15, so g(4)-g(1)=15 and g(1)-g(4)=-15.",artifacts\phase2\phase2_verified_cot_luna_budget5_v1\raw_responses\sync\p2_r4_audit_train-003314_a_low_60e2d946f04d.json,abda451a1f6eb232596c32e152c6f1bd95331b7178ffd9f1c74a608e41698733
train-003314,medium,a,p2_r4_audit_train-003314_a_medium_ccad4faaa61b,completed,True,False,True,True,ok,True,False,-15,True,True,solution_below_target_length|not_checked_complex_expression,,,"Because g is linear, write g(x)=ax+b|\[g(x+1)-g(x)=a=5,\]|\[g(1)-g(4)=5(1-4)=-15.\]|From x=1 to x=4 there are three unit steps, each increasing g by 5, so g(4)-g(1)=15 and g(1)-g(4)=-15.",artifacts\phase2\phase2_verified_cot_luna_budget5_v1\raw_responses\sync\p2_r4_audit_train-003314_a_medium_ccad4faaa61b.json,c0509c944f76a6d04b3f41367f2fe57278937df2e467686b34ae6d04055c90e5
train-003314,low,b,p2_r4_audit_train-003314_b_low_5f4691b3f6b5,completed,True,False,True,True,ok,True,False,-15,True,True,solution_below_target_length|not_checked_complex_expression,5+5=15,,"Since g is linear, write g(x)=mx+b|Then g(x+1)-g(x)=m, so m=5|Therefore g(1)-g(4)=(5+b)-(20+b)=-15|Equivalently, g(4)-g(1) is the sum of three unit-step changes, 5+5+5=15, confirming the result|Using three successive increments from 1 to 4 gives g(4)-g(1)=15, hence g(1)-g(4)=-15.",artifacts\phase2\phase2_verified_cot_luna_budget5_v1\raw_responses\sync\p2_r4_audit_train-003314_b_low_5f4691b3f6b5.json,5b2f1bd94dfe96237b35e534638e491d5b4839207b7011edadb1df278c415bce
train-003314,medium,b,p2_r4_audit_train-003314_b_medium_db032978a78a,completed,True,False,True,True,ok,True,False,-15,True,True,solution_below_target_length|not_checked_complex_expression,,,"Since g is linear, write g(x)=mx+b|\[g(x+1)-g(x)=m(x+1)+b-(mx+b)=m.\]|The given condition implies m=5|\[g(1)-g(4)=(5+b)-(20+b)=-15.\]|From x=1 to x=4 there are three unit increments, so g(4)-g(1)=3\cdot5=15|hence g(1)-g(4)=-15.",artifacts\phase2\phase2_verified_cot_luna_budget5_v1\raw_responses\sync\p2_r4_audit_train-003314_b_medium_db032978a78a.json,907d94534b2d8c45b183ab47d1c70c377e0d37b139807d5337b8f76d0ca3fb89
train-003404,low,a,p2_r4_audit_train-003404_a_low_741925dce84d,incomplete,False,True,False,False,response_incomplete:max_output_tokens,False,False,,False,False,response_incomplete:max_output_tokens,,,,artifacts\phase2\phase2_verified_cot_luna_budget5_v1\raw_responses\sync\p2_r4_audit_train-003404_a_low_741925dce84d.json,9ba5c07b0577b0d9c6eb6007d2489c1ce7be77f30b69720421e79c1eecd9e28c
train-003404,medium,a,p2_r4_audit_train-003404_a_medium_d7818a154fee,completed,True,False,True,True,ok,True,False,-30,True,True,solution_below_target_length|not_checked_complex_expression,,,"For a quadratic equation $x^2+12x+c=0$, the sum of its roots is $-12$ by Vieta’s formula|18+r=-12,|so $r=-30$. As a check, the roots $18$ and $-30$ have sum $-12$, matching the coefficient of $x$.|The roots’ sum is $18+(-30)=-12$, which matches the required sum.",artifacts\phase2\phase2_verified_cot_luna_budget5_v1\raw_responses\sync\p2_r4_audit_train-003404_a_medium_d7818a154fee.json,d712f3c3043e5017be0073f6726547d197f434299838891324172a997ba9f057
train-003404,low,b,p2_r4_audit_train-003404_b_low_1f4f3461ad53,completed,True,False,True,True,ok,True,False,-30,True,True,not_checked_complex_expression,,,"By Vieta’s formulas, the sum of the two roots of x² + 12x + c = 0 is -12|Then 18 + r = -12, so r = -30|Equivalently, substituting x = 18 gives c = -540, and factoring the resulting quadratic confirms the roots are 18 and -30|The roots sum to 18 + (-30) = -12, matching the coefficient of x.",artifacts\phase2\phase2_verified_cot_luna_budget5_v1\raw_responses\sync\p2_r4_audit_train-003404_b_low_1f4f3461ad53.json,ff7d79b63c4b053137503d3848d9d082c9f11d998bb6b6ec1bdcced89fa673c6
train-003404,medium,b,p2_r4_audit_train-003404_b_medium_a4fe40427275,completed,True,False,True,True,ok,True,False,-30,True,True,solution_below_target_length|not_checked_complex_expression,,,"For a quadratic equation x² + 12x + c = 0, the sum of the two roots is -12|Then 18 + r = -12, so r = -30|(x - 18)(x + 30) = x² + 12x - 540, so c = -540 and the roots are indeed 18 and -30|The roots sum to 18 + (-30) = -12, matching the coefficient rule.",artifacts\phase2\phase2_verified_cot_luna_budget5_v1\raw_responses\sync\p2_r4_audit_train-003404_b_medium_a4fe40427275.json,506e0e8fc73d50a80f00b73a9903a6d350e7dc3f34dd0b5386f05d1b78c63ba4
train-003850,low,a,p2_r4_audit_train-003850_a_low_c9404769a0f7,completed,True,False,True,True,decimal_output,False,True,369.5,False,False,decimal_output|decimal_output|label_mismatch|not_checked_complex_expression,127.5+116=369.5|42.5+29=125.5,,"Thus, the total remaining was 126+127.5+116=369.5 students|The total before transfers was 495, and transfers were 54+42.5+29=125.5|Therefore, 495-125.5=369.5, confirming the result.",artifacts\phase2\phase2_verified_cot_luna_budget5_v1\raw_responses\sync\p2_r4_audit_train-003850_a_low_c9404769a0f7.json,3ce94599c3adbfc81d9808eea518f45e94ab7e87fc13540c51a8a23830fefbe7
train-003850,medium,a,p2_r4_audit_train-003850_a_medium_25943c011d9d,completed,True,False,True,True,decimal_output,False,True,369.5,False,False,decimal_output|decimal_output|label_mismatch|not_checked_complex_expression,127.5+116=369.5|42.5+29=125.5,,"section A had 160+20=180 students, B had 145+25=170, and C had 130+15=145|Thus, the total remaining is 126+127.5+116=369.5 students|Transfers totaled 54+42.5+29=125.5, and 495-125.5=369.5.",artifacts\phase2\phase2_verified_cot_luna_budget5_v1\raw_responses\sync\p2_r4_audit_train-003850_a_medium_25943c011d9d.json,1b47e95423d6e575a7bba1ef0103aaa0d8161099bc4ed99d1fc200e96b12769e
train-003850,low,b,p2_r4_audit_train-003850_b_low_facc1ea00e2d,completed,True,False,True,True,unit_or_prose_output,False,True,369.5 students,False,False,unit_or_prose_output|unit_or_prose_output|label_mismatch|not_checked_complex_expression,127.5 + 116 = 369.5|170 + 145 = 495,,"section A has 160 + 20 = 180 students, section B has 145 + 25 = 170, and section C has 130 + 15 = 145|Thus, the numbers remaining are 0.70(180) = 126, 0.75(170) = 127.5, and 0.80(145) = 116|Their total is 126 + 127.5 + 116 = 369.5 students|Initially there are 180 + 170 + 145 = 495 students|Transfers total 30% of 180 (54), 25% of 170 (42.5), and 20% of 145 (29), so 495 - 125.5 = 369.5.",artifacts\phase2\phase2_verified_cot_luna_budget5_v1\raw_responses\sync\p2_r4_audit_train-003850_b_low_facc1ea00e2d.json,ce30dbdb733247d4e4ab19bd34d12c7a3419fa8b63fb3150bbf9e3f19e71bee1
train-003850,medium,b,p2_r4_audit_train-003850_b_medium_ad1d55984cec,completed,True,False,True,True,decimal_output,False,True,369.5,False,False,decimal_output|decimal_output|label_mismatch|not_checked_complex_expression,127.5+116=369.5|42.5+29=125.5,,"0.70(180)=126, 0.75(170)=127.5, and 0.80(145)=116|Thus, the total remaining is 126+127.5+116=369.5 students|Adding the starting totals gives 495, and subtracting transfers of 54+42.5+29=125.5 gives 495-125.5=369.5.",artifacts\phase2\phase2_verified_cot_luna_budget5_v1\raw_responses\sync\p2_r4_audit_train-003850_b_medium_ad1d55984cec.json,150314e4f0302e108a6bca5637843d20eed3294700e0c6fb5d6b86a95bfeca2a
train-003920,low,a,p2_r4_audit_train-003920_a_low_27399af5bc2e,completed,True,False,True,True,ok,True,False,165150,False,False,label_mismatch|not_checked_complex_expression,3+1=300,,"\[(999-102)/3+1=300.\]|\[\frac{300(102+999)}{2}=150\cdot1101=165150.\]|As an independent check, these numbers are \(3\times34,3\times35,\ldots,3\times333\), so their sum is \(3\cdot\frac{300(34+333)}2=165150\)",artifacts\phase2\phase2_verified_cot_luna_budget5_v1\raw_responses\sync\p2_r4_audit_train-003920_a_low_27399af5bc2e.json,ae6f7a302df06239b41ab196e6fcbc4a1274d34d81e6a47c6b88050beedbf64b
train-003920,medium,a,p2_r4_audit_train-003920_a_medium_201f3bb9c1d5,completed,True,False,True,True,ok,True,False,165150,False,False,label_mismatch|solution_below_target_length|not_checked_complex_expression,,,\frac{999-102}{3}+1=300|\frac{300(102+999)}{2}=165150|3\cdot\frac{(34+333)300}{2}=165150.,artifacts\phase2\phase2_verified_cot_luna_budget5_v1\raw_responses\sync\p2_r4_audit_train-003920_a_medium_201f3bb9c1d5.json,7d9abdb7c55b0526a8aa4873df753d8ad06011dc06d75a629f4963e9df3ed01e
train-003920,low,b,p2_r4_audit_train-003920_b_low_6437c9c550d8,completed,True,False,True,True,ok,True,False,165150,False,False,label_mismatch|not_checked_complex_expression,3+1=300|300/2=165150,,"Its number of terms is (999-102)/3+1=300|The average of the first and last terms is (102+999)/2=550.5, so the total sum is 300×550.5=165150|Independently, writing the terms as 3n for n=34 through 333 gives 3×(34+333)×300/2=165150",artifacts\phase2\phase2_verified_cot_luna_budget5_v1\raw_responses\sync\p2_r4_audit_train-003920_b_low_6437c9c550d8.json,68c333647d8c4c575604cb512782cc5917a19210b5d2772eb18565086f2b773e
train-003920,medium,b,p2_r4_audit_train-003920_b_medium_2cd79c75c60e,completed,True,False,True,True,ok,True,False,165150,False,False,label_mismatch|not_checked_complex_expression,3+1 = 300|99/3 = 333,,"There are (999-102)/3+1 = 300 terms|Thus their sum is 300(102+999)/2 = 150·1101 = 165150|102 and 999 are the first and last three-digit multiples of 3, and 300 terms is consistent with 999/3-99/3 = 333-33 = 300.",artifacts\phase2\phase2_verified_cot_luna_budget5_v1\raw_responses\sync\p2_r4_audit_train-003920_b_medium_2cd79c75c60e.json,9f5401d61ed7a70a0444f28492dfcdf54fedd99edbe61d47d93af5592e9782db
train-004074,low,a,p2_r4_audit_train-004074_a_low_e6d03cd54e76,completed,True,False,True,True,ok,True,False,996004,False,False,label_mismatch|not_checked_complex_expression,000+4=996,,"in particular, parity counting at the boundaries shows that at least two squares are omitted in every pair of consecutive rows/columns, giving at least \(2\cdot999-1=1997\) omitted squares|999^2-(2\cdot999-1)=(999-1)^2=998^2|\(998^2=(1000-2)^2=1,000,000-4,000+4=996,004\), agreeing with \(999^2-1997\).",artifacts\phase2\phase2_verified_cot_luna_budget5_v1\raw_responses\sync\p2_r4_audit_train-004074_a_low_e6d03cd54e76.json,fe1ef4afde48ad3a4e027df543f26e2cd490ef9fb20f0a1c7fd9d3823e2f1a1a
train-004074,medium,a,p2_r4_audit_train-004074_a_medium_d22726ebcc56,completed,True,False,True,True,ok,True,False,996004,False,False,label_mismatch|not_checked_complex_expression,,,"Therefore the total number unvisited is at least 999+2(499)=1997, so L≤999²-1997=996004|999²=998001, and 998001-1997=996004=998².",artifacts\phase2\phase2_verified_cot_luna_budget5_v1\raw_responses\sync\p2_r4_audit_train-004074_a_medium_d22726ebcc56.json,19415b26160059f6d8f551d718ab287dc1dac016ae19890c8e2daeac23f770b2
train-004074,low,b,p2_r4_audit_train-004074_b_low_b60c97bbc77e,completed,True,False,True,True,ok,True,False,997002,False,False,label_mismatch|not_checked_complex_expression,,,"Hence |T| is at least 999, so the route has at most 999^2-999=997002 squares|Taking n=999 gives the required maximum",artifacts\phase2\phase2_verified_cot_luna_budget5_v1\raw_responses\sync\p2_r4_audit_train-004074_b_low_b60c97bbc77e.json,14a42dc5900ab52b1d8282371812f266d8964a043d89e0a98888f57b8d70216d
train-004074,medium,b,p2_r4_audit_train-004074_b_medium_d90e65b80355,completed,True,False,True,True,ok,True,False,998000,False,False,label_mismatch|not_checked_complex_expression,2-1=998000,,"(k+1)^2+k^2=2k^2+2k+1,|for every odd \(n=2k+1\), trace a cycle whose successive directions are horizontal, vertical, horizontal, vertical, and so on, using every square with row and column of opposite parity and the same number of squares of the other class|For \(n=999\), this is \(999^2-1=998000\)|Since 999^2=998001, excluding one square gives 998000",artifacts\phase2\phase2_verified_cot_luna_budget5_v1\raw_responses\sync\p2_r4_audit_train-004074_b_medium_d90e65b80355.json,70366b40505b56e45ebaa6c514df2e5ee3d4768285e9877b0af185a763fd921f
train-004140,low,a,p2_r4_audit_train-004140_a_low_63218baf6d1b,completed,True,False,True,True,ok,True,False,0,True,True,not_checked_complex_expression,2+1=4|2+1=0,,"\(A=I+\frac B2-1\), where \(I\) is the number of interior lattice points and \(B\) the number of boundary lattice points|\left|5(500-99)-2003(100-99)\right|=|2005-2003|=2,|so \(A=1\)|\(\gcd(5,1)=1\), \(\gcd(1998,400)=2\), and \(\gcd(2003,401)=1\)|Thus \(B=1+2+1=4\)|I=A-\frac B2+1=1-2+1=0|Pick’s theorem gives \(1=0+4/2-1\), confirming the calculation.",artifacts\phase2\phase2_verified_cot_luna_budget5_v1\raw_responses\sync\p2_r4_audit_train-004140_a_low_63218baf6d1b.json,e8776ad1b4c2ef5a04ac6ac3ff177025c0bf59f2b13ee8d8bb3543f978001b98
train-004140,medium,a,p2_r4_audit_train-004140_a_medium_67cf61e88710,completed,True,False,True,True,ok,True,False,0,True,True,not_checked_complex_expression,2+1=4|2+1=0,,"Use Pick’s theorem, \(A=I+\frac B2-1\), where \(I\) is the number of interior lattice points and \(B\) the number on the boundary|\[|(5)(401)-(1)(2003)|=|2005-2003|=2,\]|so \(A=1\)|\(\gcd(5,1)=1\), \(\gcd(1998,400)=2\), and \(\gcd(2003,401)=1\)|Thus \(B=1+2+1=4\)|Therefore \(I=1-4/2+1=0\)",artifacts\phase2\phase2_verified_cot_luna_budget5_v1\raw_responses\sync\p2_r4_audit_train-004140_a_medium_67cf61e88710.json,b17e83f3d3d8c736eb61b19deb9b04b764b9ce1caeb958a108c19b965ebea8d3
train-004140,low,b,p2_r4_audit_train-004140_b_low_2287af51faa1,completed,True,False,True,True,ok,True,False,0,True,True,not_checked_complex_expression,2+1=4,,"$I=A-\frac{B}{2}+1$, where $I$ is the number of interior lattice points|A=\frac12\left|\det\begin{pmatrix}5&1\\2003&401\end{pmatrix}\right|=\frac12|5(401)-2003|=1|$\gcd(5,1)=1$, $\gcd(1998,400)=2$, and $\gcd(2003,401)=1$. Thus $B=1+2+1=4$. Therefore,|I=1-\frac42+1=0|Pick’s theorem gives a nonnegative integer, and the result $I=0$ is consistent with area $1$ and boundary count $4$.",artifacts\phase2\phase2_verified_cot_luna_budget5_v1\raw_responses\sync\p2_r4_audit_train-004140_b_low_2287af51faa1.json,a56f47e491275452a05c6c4e9f31e766814b94338356f21b8322189d312537d6
train-004140,medium,b,p2_r4_audit_train-004140_b_medium_68ca1a56014f,completed,True,False,True,True,ok,True,False,0,True,True,not_checked_complex_expression,2+1=4,,"Use Pick’s theorem, which states that for a lattice polygon, area = I + B/2 - 1, where I is the number of interior lattice points and B is the number of boundary lattice points|\[5(500-99)-2003(100-99)=5\cdot401-2003=2,\]|\(\gcd(5,1)=1\), \(\gcd(1998,400)=2\), and \(\gcd(2003,401)=1\)|Thus \(B=1+2+1=4\)|\[I=1-\frac42+1=0.\]|Pick’s theorem gives \(I=0\), and the computed area and boundary count satisfy \(1=0+4/2-1\).",artifacts\phase2\phase2_verified_cot_luna_budget5_v1\raw_responses\sync\p2_r4_audit_train-004140_b_medium_68ca1a56014f.json,f372c9b973d6ad7a6cd877606ee3e523d4b3740ec9568b6320c6c6b1da43f1b8
train-004302,low,a,p2_r4_audit_train-004302_a_low_15bf4f5d55f7,completed,True,False,True,True,ok,True,False,168074,False,False,label_mismatch|not_checked_complex_expression,,,"For \(N=999999\""), \(\sqrt[3]N<100\), so evaluating the sum for \(1\le d\le99\) gives \(831925\) cube-free integers",artifacts\phase2\phase2_verified_cot_luna_budget5_v1\raw_responses\sync\p2_r4_audit_train-004302_a_low_15bf4f5d55f7.json,0f565ac051f0c96f0d2fedddcf26be5d70166f233746698be9f75562f24fb7bb
train-004302,medium,a,p2_r4_audit_train-004302_a_medium_42518a2147e8,completed,True,False,True,True,ok,True,False,168089,True,True,not_checked_complex_expression,,,"For \(N=999999\), we need \(d\le99\)|\sum_{d\le99}\mu(d)\left\lfloor\frac{999999}{d^3}\right\rfloor=831910",artifacts\phase2\phase2_verified_cot_luna_budget5_v1\raw_responses\sync\p2_r4_audit_train-004302_a_medium_42518a2147e8.json,7eae187cac1fa616e1d4b25c25abc8b9b440e13c9bda047cb70986675cd3593c
train-004302,low,b,p2_r4_audit_train-004302_b_low_747c776f7821,completed,True,False,True,True,ok,True,False,167979,False,False,label_mismatch|not_checked_complex_expression,,,Let N=999999,artifacts\phase2\phase2_verified_cot_luna_budget5_v1\raw_responses\sync\p2_r4_audit_train-004302_b_low_747c776f7821.json,f9c722929dd1deb5cb772f7ff6077e8232d0402334fe54d1b40bc8ff32601202
train-004302,medium,b,p2_r4_audit_train-004302_b_medium_ddb4b43e6dde,completed,True,False,True,True,ok,True,False,168088,False,False,label_mismatch|not_checked_complex_expression,6708-57=831911|6708+57=168088,,Let N=999999|C(N)=\sum_{d\le \sqrt[3]N}\mu(d)\left\lfloor\frac{N}{d^3}\right\rfloor|\sum_{d=1}^{99}\mu(d)\left\lfloor\frac{999999}{d^3}\right\rfloor|=999999-174739+6708-57=831911|hence the excluded count is 174739-6708+57=168088.,artifacts\phase2\phase2_verified_cot_luna_budget5_v1\raw_responses\sync\p2_r4_audit_train-004302_b_medium_ddb4b43e6dde.json,e4f541bea1230060b670dfa3897badbeb0100af39f630d7b5b796fb33011473a
train-004623,low,a,p2_r4_audit_train-004623_a_low_7383d7913712,completed,True,False,True,True,unit_or_prose_output,False,True,Insufficient information,False,False,unit_or_prose_output|unit_or_prose_output|label_mismatch|not_checked_complex_expression,,,"In addition, if \(P=A\) or \(P=C\), one of the defining “triangles” is degenerate, so these points must be excluded",artifacts\phase2\phase2_verified_cot_luna_budget5_v1\raw_responses\sync\p2_r4_audit_train-004623_a_low_7383d7913712.json,52cb178560a30ce49624cf01b3afe70c0ce7913b6de5e80b9643ab969ba1a724
train-004623,medium,a,p2_r4_audit_train-004623_a_medium_a4ba1701498c,completed,True,False,True,True,comma_integer_output,False,True,"P(t_*),\quad t_*\in\operatorname*{argmin}_{t}F(t)",False,False,comma_integer_output|comma_integer_output|label_mismatch|not_checked_complex_expression,,,"Choose coordinates with B=(0,0), A=(a,0), C=(r,s), s≠0|Write C₁=(d,0) and A₁=eC, where 0<d<a and 0<e<1|Put k=(ar-r²-s²)/s|Every admissible P≠B has the form P(t)=(x,tx), where x=(a-kt)/(1+t²)|Let h=(a+d)/2 and ρ²=r²+s². The circumcenter X(t) of APC₁ is|X=(h,(ad-dx-k tx)/(2tx))|For the circumcenter Y=(u,v) of CPA₁, set Q=(x²+t²x²+eρ²)/2|ru+sv=(1+e)ρ²/2,  xu+txv=Q,|Define F(t)=|X(t)-Y(t)|². The required point is P(t_*), where t_* is the real admissible root of F'(t)=0 giving the smallest value of F",artifacts\phase2\phase2_verified_cot_luna_budget5_v1\raw_responses\sync\p2_r4_audit_train-004623_a_medium_a4ba1701498c.json,af388f2c83949dc110bef940ab23ff179d84ba2b84aeb263bcc7fcb68e875172
train-004623,low,b,p2_r4_audit_train-004623_b_low_61f82017bef3,completed,True,False,True,True,unit_or_prose_output,False,True,No well-defined answer,False,False,unit_or_prose_output|unit_or_prose_output|label_mismatch|not_checked_complex_expression,,,"For example, choose $C_{1}=A$. Then triangle $APC_{1}$ has two coincident vertices, so its circumcircle-and hence its center-is undefined for every $P$. Thus the requested distance is not defined|The counterexample $C_{1}=A$ satisfies the stated condition that $C_{1}$ lies on side $AB$ and makes triangle $APC_{1}$ degenerate, verifying the objection.",artifacts\phase2\phase2_verified_cot_luna_budget5_v1\raw_responses\sync\p2_r4_audit_train-004623_b_low_61f82017bef3.json,c9c0fe393c4c1e7e24d3e50d5dbf655c5520c31f9f637cb7bdb99890164e3fd4
train-004623,medium,b,p2_r4_audit_train-004623_b_medium_4e63c3333863,completed,True,False,True,True,comma_integer_output,False,True,"P(t_0), where t_0=argmin F(t)",False,False,comma_integer_output|comma_integer_output|label_mismatch|not_checked_complex_expression,,,"Put \(B=(0,0)\), \(A=(m,0)\), and \(C=n(\cos\beta,\sin\beta)\), where \(m=AB,n=BC\)|Write \(C_1=(r,0)\) and \(A_1=s(\cos\beta,\sin\beta)\)|Let \(q=(n^2-mn\cos\beta)/(n\sin\beta)\), and parameterize the circumcircle by|\[P=(X,Y)=\rho(\cos t,\sin t),\qquad \rho=m\cos t+q\sin t.\]|If \(u=(\cos\beta,\sin\beta)\), \(v=(-\sin\beta,\cos\beta)\), and \(U=P\cdot u, V=P\cdot v\), the two centers are|O_1=\left(\frac{m+r}{2},\frac q2+\frac{r(m-X)}{2Y}\right),|\quad O_2=\frac{n+s}{2}u+\left(\frac{-m\sin\beta+q\cos\beta}{2}+\frac{s(n-U)}{2V}\right)v|\(F(t)=|O_1(t)-O_2(t)|^2\), equivalently the root of \(F'(t)=0\) for which \(F\) is smallest",artifacts\phase2\phase2_verified_cot_luna_budget5_v1\raw_responses\sync\p2_r4_audit_train-004623_b_medium_4e63c3333863.json,2792336507061fae1ae6a7aaf2b13abfbfe57d001ae37f07cfc347e54fb04ea3
train-004657,low,a,p2_r4_audit_train-004657_a_low_681c034fd9d2,completed,True,False,True,True,ok,True,False,0,True,True,not_checked_complex_expression,,,"Let D be the midpoint of BC, so BD=DC=5|AB^2+AC^2=2(AD^2+BD^2)=2(6^2+5^2)=2(36+25)=122|\(N=n=122\)|with altitude 5, the horizontal displacement from D satisfies \(AD^2=5^2+x^2\), giving \(x^2=11\)|Therefore, \(N-n=0\)|Using coordinates B=(-5,0), C=(5,0), and A=(x,5) with x^2=11 gives AB^2+AC^2=122, confirming the result.",artifacts\phase2\phase2_verified_cot_luna_budget5_v1\raw_responses\sync\p2_r4_audit_train-004657_a_low_681c034fd9d2.json,5240a4f500337eff688ca2a68b71125202007cc0d9f8461eb922ae69e95e1363
train-004657,medium,a,p2_r4_audit_train-004657_a_medium_bede20db2c66,completed,True,False,True,True,ok,True,False,0,True,True,not_checked_complex_expression,,,"Let D be the midpoint of BC, so BD=DC=5|AB^2+AC^2=2(AD^2+BD^2)=2(6^2+5^2)=2(36+25)=122|if the altitude is 5, then in the right triangle with hypotenuse AD=6, the horizontal offset is \(\sqrt{6^2-5^2}=\sqrt{11}\), so such a triangle exists|Hence both the largest and smallest possible values equal 122, giving \(N-n=0\)|Using coordinates B=(-5,0), C=(5,0), and A=(x,5), AD²=x²+25=36, while AB²+AC²=2x²+100=122, confirming the result.",artifacts\phase2\phase2_verified_cot_luna_budget5_v1\raw_responses\sync\p2_r4_audit_train-004657_a_medium_bede20db2c66.json,1faba18fee8d67fd5395fb4af277cdcf3851e5ce839c45050fc5c3a63a1393b2
train-004657,low,b,p2_r4_audit_train-004657_b_low_2717198617c5,completed,True,False,True,True,ok,True,False,0,True,True,not_checked_complex_expression,2+25=36|2+100=122,,"Since D is the midpoint of BC, we have BD=DC=5|AB^2+AC^2=2(AD^2+BD^2)|Substituting AD=6 and BD=5 gives|AB^2+AC^2=2(6^2+5^2)=2(36+25)=122|Therefore, \(N-n=122-122=0\)|Using coordinates with B=(-5,0), C=(5,0), and A=(x,5), the median condition gives x^2+25=36, and the sum is 2x^2+100=122, confirming the result.",artifacts\phase2\phase2_verified_cot_luna_budget5_v1\raw_responses\sync\p2_r4_audit_train-004657_b_low_2717198617c5.json,ae115cc1742460cdcbd18edadd2a7e244f906b722956b820714e8232fa151495
train-004657,medium,b,p2_r4_audit_train-004657_b_medium_33fb94320260,completed,True,False,True,True,ok,True,False,0,True,True,not_checked_complex_expression,2+25=36|2+100=122,,"AB^2+AC^2=2\left(AD^2+BD^2\right)|Since \(D\) is the midpoint of \(BC\), \(BD=5\), and \(AD=6\)|AB^2+AC^2=2(6^2+5^2)=2(36+25)=122|Hence \(N-n=122-122=0\)|placing \(A=(x,5)\) gives \(x^2+25=36\), so \(x^2=11\)|Using coordinates \(B=(-5,0)\), \(C=(5,0)\), and \(A=(x,5)\), the median condition gives \(x^2=11\), while \(AB^2+AC^2=2x^2+100=122\), confirming the result.",artifacts\phase2\phase2_verified_cot_luna_budget5_v1\raw_responses\sync\p2_r4_audit_train-004657_b_medium_33fb94320260.json,6bd969623f72d21a6d34f03940bdb2f50a3021a7313559aec1b9d353fd824fcd
train-004795,low,a,p2_r4_audit_train-004795_a_low_cf42f6c34b93,completed,True,False,True,True,ok,True,False,0,True,True,not_checked_complex_expression,,,"z_1+z_2+z_3=(a+c+e)+(b+d+f)i|Since \(e=-a-c\), the real part is zero, consistent with the sum \(2i\)|Comparing imaginary parts gives \(b+d+f=2\)|Using \(d=2\), we obtain \(b+f+2=2\), so \(b+f=0\)|Substituting \(b+f=0\) and \(d=2\) gives imaginary part \(0+2=2\), matching the stated sum.",artifacts\phase2\phase2_verified_cot_luna_budget5_v1\raw_responses\sync\p2_r4_audit_train-004795_a_low_cf42f6c34b93.json,6703da29fbe22ae441a993a67793acf65b994604df724071fcb469ea0bcd1861
train-004795,medium,a,p2_r4_audit_train-004795_a_medium_fe2d70b3d9ce,completed,True,False,True,True,ok,True,False,0,True,True,solution_below_target_length|not_checked_complex_expression,,,"z_1+z_2+z_3=(a+c+e)+(b+d+f)i|Since \(e=-a-c\), the real part is zero, consistent with the sum \(2i\)|Comparing imaginary parts gives \(b+d+f=2\)|Using \(d=2\), we obtain \(b+f=2-2=0\)|Substituting \(b+f=0\) and \(d=2\) gives imaginary part \(0+2=2\), matching the stated sum.",artifacts\phase2\phase2_verified_cot_luna_budget5_v1\raw_responses\sync\p2_r4_audit_train-004795_a_medium_fe2d70b3d9ce.json,8ae9585c50c66b8f15b80a949bf46973f790df521e0a8d1f5e7b2b104aa09246
train-004795,low,b,p2_r4_audit_train-004795_b_low_443b196a3705,completed,True,False,True,True,ok,True,False,0,True,True,not_checked_complex_expression,,,"z_1+z_2+z_3=(a+c+e)+(b+d+f)i|Since \(e=-a-c\), the real part is zero, consistent with the sum \(2i\)|b+d+f=2|Using \(d=2\), we obtain \(b+f+2=2\), so \(b+f=0\)|Substituting \(b+f=0\) and \(d=2\) gives imaginary part \(0+2=2\), matching the stated sum.",artifacts\phase2\phase2_verified_cot_luna_budget5_v1\raw_responses\sync\p2_r4_audit_train-004795_b_low_443b196a3705.json,c41c88387b0e0e37b701bf5cd30b9bc42f1d67b9f53dabda8196075c96638ed0
train-004795,medium,b,p2_r4_audit_train-004795_b_medium_84eddee152b5,completed,True,False,True,True,ok,True,False,0,True,True,not_checked_complex_expression,,,"z_1+z_2+z_3=(a+c+e)+(b+d+f)i|Since \(e=-a-c\), the real part is zero automatically|The sum is \(2i\), so its imaginary part gives \(b+d+f=2\)|Substituting \(d=2\), we obtain \(b+f+2=2\), hence \(b+f=0\)|As a check, the imaginary parts then sum to \(0+2=2\), matching the given sum|Using the imaginary-part equation directly, \(b+f=2-d=2-2=0\), confirming the result.",artifacts\phase2\phase2_verified_cot_luna_budget5_v1\raw_responses\sync\p2_r4_audit_train-004795_b_medium_84eddee152b5.json,ddd0a3473d123674f9f945fe3f1f5a655456e3e84a1a3ee87286a4c4293de5ee
train-004892,low,a,p2_r4_audit_train-004892_a_low_e00e231f6707,completed,True,False,True,True,ok,True,False,4,False,False,label_mismatch|not_checked_complex_expression,,,"To obtain an $x^2$ term, multiply terms whose degrees add to $2$. The relevant products are $(4x^2)(-5)=-20x^2$ and $(-3x)(-8x)=24x^2$. Thus the coefficient is $-20+24=4$. As an independent check, distributing the first polynomial gives $2x^3(\cdots)$ with no $x^2$ contribution, while the remaining two terms contribute $-20x^2+24x^2$, confirming the result|The only degree combinations summing to 2 are 2+0 and 1+1, giving -20+24=4.",artifacts\phase2\phase2_verified_cot_luna_budget5_v1\raw_responses\sync\p2_r4_audit_train-004892_a_low_e00e231f6707.json,6ce3d214040f363e8452247843a85cac3008540f9913b560972cd3251a11f7a4
train-004892,medium,a,p2_r4_audit_train-004892_a_medium_016cbcfaffd9,completed,True,False,True,True,ok,True,False,4,False,False,label_mismatch|solution_below_target_length|not_checked_complex_expression,,,"(4x^2)(-5)=-20x^2,|\qquad (-3x)(-8x)=24x^2|Thus the coefficient is $-20+24=4$.",artifacts\phase2\phase2_verified_cot_luna_budget5_v1\raw_responses\sync\p2_r4_audit_train-004892_a_medium_016cbcfaffd9.json,a10830ba93d5bc51357d4fcecd28c76cd5d2808d4501643afb190c1c9d9b6f95
train-004892,low,b,p2_r4_audit_train-004892_b_low_e166dd4d7f92,completed,True,False,True,True,ok,True,False,4,False,False,label_mismatch|not_checked_complex_expression,,,"Thus the x^2 contributions are (4x^2)(-5) = -20x^2 and (-3x)(-8x) = 24x^2|The only exponent pairs summing to 2 are (2,0) and (1,1), giving -20 + 24 = 4.",artifacts\phase2\phase2_verified_cot_luna_budget5_v1\raw_responses\sync\p2_r4_audit_train-004892_b_low_e166dd4d7f92.json,6536ee5d57fa1c78da1a2e4b7c54699bd3d0fcdc589a6e49cf4372f57bd72de3
train-004892,medium,b,p2_r4_audit_train-004892_b_medium_028c092cbe70,completed,True,False,True,True,ok,True,False,4,False,False,label_mismatch|solution_below_target_length|not_checked_complex_expression,,,"The contributing products are (4x^2)(-5)=-20x^2 and (-3x)(-8x)=24x^2|The two and only two exponent combinations, 2+0 and 1+1, give -20+24=4.",artifacts\phase2\phase2_verified_cot_luna_budget5_v1\raw_responses\sync\p2_r4_audit_train-004892_b_medium_028c092cbe70.json,99d91117860873c30a87ec88a2656731614f0dddada69e4562d34459991adb0d
train-005105,low,a,p2_r4_audit_train-005105_a_low_e303a8ecc973,completed,True,False,True,True,noncanonical_integer_output,False,True,−49,False,False,noncanonical_integer_output|noncanonical_integer_output|label_mismatch|solution_below_target_length|not_checked_complex_expression,,,"The sequence is arithmetic with first term a₁ = 8 and common difference d = 5 - 8 = -3|Using aₙ = a₁ + (n - 1)d, the 20th term is a₂₀ = 8 + 19(-3) = 8 - 57 = -49|after 19 steps from 8, the decrease is 57, giving 8 - 57 = -49.",artifacts\phase2\phase2_verified_cot_luna_budget5_v1\raw_responses\sync\p2_r4_audit_train-005105_a_low_e303a8ecc973.json,28acc99c7c2e998eee3fa8f1d58faf48fba79096dddd9bf9cff838a1c38278e5
train-005105,medium,a,p2_r4_audit_train-005105_a_medium_973446b4700e,completed,True,False,True,True,ok,True,False,-49,True,True,not_checked_complex_expression,,,"The sequence is arithmetic with first term a₁ = 8 and common difference d = 5 - 8 = -3|Using aₙ = a₁ + (n - 1)d, the 20th term is a₂₀ = 8 + 19(-3) = 8 - 57 = -49|Using a₂₀ = 8 + (20 - 1)(2 - 5) gives 8 - 57 = -49, confirming the result.",artifacts\phase2\phase2_verified_cot_luna_budget5_v1\raw_responses\sync\p2_r4_audit_train-005105_a_medium_973446b4700e.json,e737da861fdb3d4e60b342921c0df9306ba777f0f006886f8da09ee7dcdfb20a
train-005105,low,b,p2_r4_audit_train-005105_b_low_70b68f787107,completed,True,False,True,True,ok,True,False,-49,True,True,not_checked_complex_expression,,,"5-8=-3 and 2-5=-3|Thus the first term is a₁=8 and the common difference is d=-3|Using aₙ=a₁+(n-1)d, the 20th term is a₂₀=8+19(-3)=8-57=-49|As an independent check, subtracting 3 nineteen times from 8 also gives 8-57=-49|8-19·3=-49.",artifacts\phase2\phase2_verified_cot_luna_budget5_v1\raw_responses\sync\p2_r4_audit_train-005105_b_low_70b68f787107.json,afc79edf58ce61b3d3948a66f19bfd63867026e9b07000be2ed67bf1a11a8795
train-005105,medium,b,p2_r4_audit_train-005105_b_medium_21c5d4248517,completed,True,False,True,True,ok,True,False,-49,True,True,solution_below_target_length|not_checked_complex_expression,,,"The first term is 8 and the common difference is 5-8=-3|Using the arithmetic-sequence formula, a_n=a_1+(n-1)d, we get a_20=8+19(-3)=8-57=-49|Independently, moving from the first to the 20th term requires 19 decreases of 3, also giving 8-57=-49|There are 19 common-difference steps from the first term to the 20th, so 8-19·3=-49.",artifacts\phase2\phase2_verified_cot_luna_budget5_v1\raw_responses\sync\p2_r4_audit_train-005105_b_medium_21c5d4248517.json,4a396777eb604e250395cd539340acac23e84c9fff35b8c5ccc4948679e6da03
train-005282,low,a,p2_r4_audit_train-005282_a_low_8b53d0a71699,completed,True,False,True,True,ok,True,False,-49,True,True,solution_below_target_length|not_checked_complex_expression,,,"|6x|=42|Dividing by 6 gives \(|x|=7\|\), so the two values are \(x=7\) and \(x=-7\)|7(-7)=-49|For either \(x=7\) or \(x=-7\), \(|6x|+5=42+5=47\), confirming both solutions.",artifacts\phase2\phase2_verified_cot_luna_budget5_v1\raw_responses\sync\p2_r4_audit_train-005282_a_low_8b53d0a71699.json,dd7dee97f07e6763fab3fcacdde4544ac42d5826bd7fb94797033fd9101a6985
train-005282,medium,a,p2_r4_audit_train-005282_a_medium_4f7964ccdb5e,completed,True,False,True,True,ok,True,False,-49,True,True,solution_below_target_length|not_checked_complex_expression,,,"\(|6x|=42\)|Dividing by 6 gives \(|x|=7\), so the two solutions are \(x=7\) and \(x=-7\)|Their product is \(7(-7)=-49\)|Substituting either \(x=7\) or \(x=-7\) gives \(|6x|+5=42+5=47\), confirming both solutions.",artifacts\phase2\phase2_verified_cot_luna_budget5_v1\raw_responses\sync\p2_r4_audit_train-005282_a_medium_4f7964ccdb5e.json,360cc854998124df0c3a68cb2826fe9e18050df0a535e1f31a8a831ccca373de
train-005282,low,b,p2_r4_audit_train-005282_b_low_2045bf095099,completed,True,False,True,True,ok,True,False,-49,True,True,solution_below_target_length|not_checked_complex_expression,,,"\[|6x|=42.\]|Since \(|6x|=6|x|\), divide by 6 to obtain \(|x|=7\)|Thus the two values are \(x=7\) and \(x=-7\), whose product is|\[7(-7)=-49.\]|Both x=7 and x=-7 give |6x|+5=42+5=47, confirming the solutions and product.",artifacts\phase2\phase2_verified_cot_luna_budget5_v1\raw_responses\sync\p2_r4_audit_train-005282_b_low_2045bf095099.json,b980a03494089497c059130964961dcc751c74be6cda686390bdf5d85bc8b2d0
train-005282,medium,b,p2_r4_audit_train-005282_b_medium_53ceed1331b3,completed,True,False,True,True,ok,True,False,-49,True,True,solution_below_target_length|not_checked_complex_expression,,,"\(|6x|=42\)|Dividing by 6 gives \(|x|=7\), so the two solutions are \(x=7\) and \(x=-7\)|Their product is \(7(-7)=-49\)|Substituting either \(x=7\) or \(x=-7\) gives \(|6x|+5=42+5=47\), confirming both solutions.",artifacts\phase2\phase2_verified_cot_luna_budget5_v1\raw_responses\sync\p2_r4_audit_train-005282_b_medium_53ceed1331b3.json,8e1e6d5ff520a2a26aadf87cbbaf883fe5c17353b5182575056571f812360ff8
train-005372,low,a,p2_r4_audit_train-005372_a_low_6b3781348121,completed,True,False,True,True,unit_or_prose_output,False,True,2 seconds,False,False,unit_or_prose_output|unit_or_prose_output|label_mismatch,,,,artifacts\phase2\phase2_verified_cot_luna_budget5_v1\raw_responses\sync\p2_r4_audit_train-005372_a_low_6b3781348121.json,a487fee94042605dfddc265b03877c1f042c757a20556dd374ac2edf08a4f785
train-005372,medium,a,p2_r4_audit_train-005372_a_medium_a05b7b944e16,completed,True,False,True,True,unit_or_prose_output,False,True,2 seconds,False,False,unit_or_prose_output|unit_or_prose_output|label_mismatch,,,,artifacts\phase2\phase2_verified_cot_luna_budget5_v1\raw_responses\sync\p2_r4_audit_train-005372_a_medium_a05b7b944e16.json,ae8015acb8b64fd9f5d253a4ffdd46b263047ecbf75732830704f6b572f681bc
train-005372,low,b,p2_r4_audit_train-005372_b_low_f520e6ccd169,completed,True,False,True,True,unit_or_prose_output,False,True,2 seconds,False,False,unit_or_prose_output|unit_or_prose_output|label_mismatch,,,,artifacts\phase2\phase2_verified_cot_luna_budget5_v1\raw_responses\sync\p2_r4_audit_train-005372_b_low_f520e6ccd169.json,f5a3a59b4aa213832f11a914f61f569535be2065f319dd4b20435540fb0d47b2
train-005372,medium,b,p2_r4_audit_train-005372_b_medium_e27b403ffd27,completed,True,False,True,True,unit_or_prose_output,False,True,2 seconds,False,False,unit_or_prose_output|unit_or_prose_output|label_mismatch|not_checked_complex_expression,,,"For p=2, the first two replacements give 3 and then 4",artifacts\phase2\phase2_verified_cot_luna_budget5_v1\raw_responses\sync\p2_r4_audit_train-005372_b_medium_e27b403ffd27.json,aa69ee64c9406a2a0862e4b93c2c51743245c2a61f27acfa7031ab1a6442f282
train-005924,low,a,p2_r4_audit_train-005924_a_low_21bcafa3bb63,completed,True,False,True,True,ok,True,False,547,True,True,not_checked_complex_expression,1/2187=2188,,"q_n=\frac14+\frac34\left(-\frac13\right)^n|For n=8,|p=\frac14+\frac34\cdot\frac1{3^8}|=\frac14+\frac1{8748}|=\frac{547}{2187}.|Using the formula, 4p=1+3/3^8=1+1/2187=2188/2187, so p=547/2187, confirming the simplification.",artifacts\phase2\phase2_verified_cot_luna_budget5_v1\raw_responses\sync\p2_r4_audit_train-005924_a_low_21bcafa3bb63.json,ae98af97c784f6a6a5cd64f4040d0c1c9e352fb0b0f3e21f3f7a20fec0e6a7ad
train-005924,medium,a,p2_r4_audit_train-005924_a_medium_19ae84400480,completed,True,False,True,True,fraction_output,False,True,547/2187,False,False,fraction_output|fraction_output|label_mismatch|not_checked_complex_expression,1641/6561=547,,"Initially, (a_0,b_0)=(1,0)|The recurrences are a_{n+1}=3b_n and b_{n+1}=a_n+2b_n|Iterating gives (a_8,b_8)=(1641,547)|There are 3^8=6561 equally likely paths, so p=1641/6561=547/2187|at n=8 this is 547/2187 as well|The independent eigenvalue formula gives (1+3/3^8)/4=547/2187, matching the recurrence count.",artifacts\phase2\phase2_verified_cot_luna_budget5_v1\raw_responses\sync\p2_r4_audit_train-005924_a_medium_19ae84400480.json,407d0d180c8545bc01ccf1921f1b326f26033ffeadc2fe5773a56cc9a0710f6f
train-005924,low,b,p2_r4_audit_train-005924_b_low_ff50cde4b171,completed,True,False,True,True,fraction_output,False,True,547/2187,False,False,fraction_output|fraction_output|label_mismatch|not_checked_complex_expression,1641/6561 = 547,,N_8 = (3^8 + 3(-1)^8)/4 = (6561+3)/4 = 1641|There are 3^8 = 6561 equally likely sequences of choices|p = 1641/6561 = 547/2187|for n=8 this gives (1+3/2187)/4 = 547/2187,artifacts\phase2\phase2_verified_cot_luna_budget5_v1\raw_responses\sync\p2_r4_audit_train-005924_b_low_ff50cde4b171.json,7de988dac46bb904f8c9cfc0bc90a52de9eb434f87b977df0c8f5c8e113d293a
train-005924,medium,b,p2_r4_audit_train-005924_b_medium_a9c2d6a27296,completed,True,False,True,True,fraction_output,False,True,547/2187,False,False,fraction_output|fraction_output|label_mismatch|not_checked_complex_expression,547/2187 = 1,,"(P^8)_{AA}=\frac14+\frac34\left(-\frac13\right)^8|=\frac14+\frac{3}{4\cdot6561}|=\frac{547}{2187}.|Since 547/2187 = 1/4 + 1/8748, it is slightly greater than 1/4, consistent with the even-step return correction.",artifacts\phase2\phase2_verified_cot_luna_budget5_v1\raw_responses\sync\p2_r4_audit_train-005924_b_medium_a9c2d6a27296.json,721fa7295e1e5dabe3ba5639b9559018d60f0e30e874f6c80230247b73632bd0
train-005962,low,a,p2_r4_audit_train-005962_a_low_7e2a8e24f62a,completed,True,False,True,True,ok,True,False,0,True,False,abnormal_unicode|not_checked_complex_expression,1+1=3,,"If B=A^{-1}, then AB=I|a\cdot\frac1a+b\cdot\frac1b+c\cdot\frac1c=1+1+1=3,",artifacts\phase2\phase2_verified_cot_luna_budget5_v1\raw_responses\sync\p2_r4_audit_train-005962_a_low_7e2a8e24f62a.json,fdd8416980aee100a165cf50f8afed4ef42eaf9867ba65eb621753e51371fd14
train-005962,medium,a,p2_r4_audit_train-005962_a_medium_ed054324e1f6,completed,True,False,True,True,ok,True,False,0,True,True,not_checked_complex_expression,1+1=3,,"If A^{-1}=B, then AB=I|a\cdot\frac1a+b\cdot\frac1b+c\cdot\frac1c=1+1+1=3,",artifacts\phase2\phase2_verified_cot_luna_budget5_v1\raw_responses\sync\p2_r4_audit_train-005962_a_medium_ed054324e1f6.json,5c3a964ee2025f8bcd8a9e38423327f7e8bb91bae539e285898113144599db2f
train-005962,low,b,p2_r4_audit_train-005962_b_low_583f31f30b4e,completed,True,False,True,True,ok,True,False,0,True,True,not_checked_complex_expression,1+1=3,,"If A^{-1}=B, then AB=I|a\cdot\frac1a+b\cdot\frac1b+c\cdot\frac1c=1+1+1=3,",artifacts\phase2\phase2_verified_cot_luna_budget5_v1\raw_responses\sync\p2_r4_audit_train-005962_b_low_583f31f30b4e.json,04cbf9b01b821b36e99d3b39ddd7dfd1d9b93ae7e890a6939981265d1a0511a1
train-005962,medium,b,p2_r4_audit_train-005962_b_medium_74bcccd61a3c,completed,True,False,True,True,ok,True,False,0,True,True,not_checked_complex_expression,1+1=3,,"a\cdot\frac1a+b\cdot\frac1b+c\cdot\frac1c=1+1+1=3,",artifacts\phase2\phase2_verified_cot_luna_budget5_v1\raw_responses\sync\p2_r4_audit_train-005962_b_medium_74bcccd61a3c.json,06eba9e9eaf0b73452d63be95b54043100942e991f7035f9a8b2cc0d207df38b
train-006049,low,a,p2_r4_audit_train-006049_a_low_776fd8930e79,completed,True,False,True,True,unit_or_prose_output,False,True,520 baseball cards,False,False,unit_or_prose_output|unit_or_prose_output|label_mismatch|solution_below_target_length|not_checked_complex_expression,20 × 52 = 1|040 ÷ 2 = 520,,"Assuming a year has 52 weeks, Phil buys 20 cards per week, for a total of 20 × 52 = 1,040 cards|The fire destroys half, so he has 1,040 ÷ 2 = 520 cards left|10 × 52 = 520 cards.",artifacts\phase2\phase2_verified_cot_luna_budget5_v1\raw_responses\sync\p2_r4_audit_train-006049_a_low_776fd8930e79.json,d267b25e9448239e0ff0106a405854b4f8b28847495c1da924442b4927ca4c8d
train-006049,medium,a,p2_r4_audit_train-006049_a_medium_007fe52c662a,completed,True,False,True,True,ok,True,False,520,True,True,solution_below_target_length|not_checked_complex_expression,52 × 20 = 1|040 ÷ 2 = 520,,"Assuming a year has 52 weeks, Phil buys 52 × 20 = 1,040 cards|Losing half leaves 1,040 ÷ 2 = 520 cards",artifacts\phase2\phase2_verified_cot_luna_budget5_v1\raw_responses\sync\p2_r4_audit_train-006049_a_medium_007fe52c662a.json,5e8f10f7c0d3266871ff4e45b31122cca91a0cc618379f6222ba33e781eaa6b2
train-006049,low,b,p2_r4_audit_train-006049_b_low_c7977ed2e932,completed,True,False,True,True,ok,True,False,520,True,True,solution_below_target_length|not_checked_complex_expression,52 × 20 = 1|040 ÷ 2 = 520,,"A year has 52 weeks, so Phil buys 52 × 20 = 1,040 baseball cards|1,040 ÷ 2 = 520 cards",artifacts\phase2\phase2_verified_cot_luna_budget5_v1\raw_responses\sync\p2_r4_audit_train-006049_b_low_c7977ed2e932.json,009b48a2e7eac0a1dc36c55db771d6ab8eea9137cee7d8c7d8ea272a16b05155
train-006049,medium,b,p2_r4_audit_train-006049_b_medium_8f2d260a7b10,completed,True,False,True,True,ok,True,False,520,True,True,solution_below_target_length|not_checked_complex_expression,52 × 20 = 1|040 ÷ 2 = 520,,"A year has 52 weeks, so Phil buys 52 × 20 = 1,040 baseball cards|1,040 ÷ 2 = 520 cards|52 × 10 = 520 cards.",artifacts\phase2\phase2_verified_cot_luna_budget5_v1\raw_responses\sync\p2_r4_audit_train-006049_b_medium_8f2d260a7b10.json,a57c670cb8103740362ce409b4141acaa4b3f75b7304df06b338171480c9af78
train-006237,low,a,p2_r4_audit_train-006237_a_low_6f50915e9a94,completed,True,False,True,True,unit_or_prose_output,False,True,Maximum: 16; Minimum: -16,False,False,unit_or_prose_output|unit_or_prose_output|label_mismatch|not_checked_complex_expression,2-12=3,,"|f(-3)=9,\quad f(-2)=16,\quad f(2)=-16,\quad f(3)=-9|Therefore, the maximum value is $16$ at $x=-2$, and the minimum value is $-16$ at $x=2$.|Since $f(-x)=-f(x)$ on the symmetric interval, the extrema should be opposites",artifacts\phase2\phase2_verified_cot_luna_budget5_v1\raw_responses\sync\p2_r4_audit_train-006237_a_low_6f50915e9a94.json,ec312ad238d1fa89de595dc03e7609336b3ce79dd05e8a6d759aa0c7e2cbe07a
train-006237,medium,a,p2_r4_audit_train-006237_a_medium_91c32928fcaf,completed,True,False,True,True,unit_or_prose_output,False,True,Maximum: 16; Minimum: -16,False,False,unit_or_prose_output|unit_or_prose_output|label_mismatch|not_checked_complex_expression,2-12=3,,"f'(x)=3x^2-12=3(x-2)(x+2)|The critical points in [-3,3] are x=-2 and x=2|f(-3)=-27+36=9, f(-2)=-8+24=16, f(2)=8-24=-16, and f(3)=27-36=-9|Therefore, the maximum value is 16 at x=-2, and the minimum value is -16 at x=2|The derivative changes from positive to negative at x=-2 and from negative to positive at x=2, confirming a local maximum of 16 and local minimum of -16",artifacts\phase2\phase2_verified_cot_luna_budget5_v1\raw_responses\sync\p2_r4_audit_train-006237_a_medium_91c32928fcaf.json,9044d9cbf8d3a99757f398c8cd95a738a64525505d716059b77773103ca4a42a
train-006237,low,b,p2_r4_audit_train-006237_b_low_9a82a557c95c,completed,True,False,True,True,unit_or_prose_output,False,True,Maximum: 16 at x=-2; Minimum: -16 at x=2,False,False,unit_or_prose_output|unit_or_prose_output|label_mismatch|not_checked_complex_expression,2-12=3,,"|$f(-3)=9$, $f(-2)=16$, $f(2)=-16$, and $f(3)=-9$. Therefore, the maximum value is $16$ at $x=-2$, and the minimum value is $-16$ at $x=2$. As a check, $f$ is odd on a symmetric interval, so the extrema should be opposites, which they are",artifacts\phase2\phase2_verified_cot_luna_budget5_v1\raw_responses\sync\p2_r4_audit_train-006237_b_low_9a82a557c95c.json,87eb2178d15bc671534dcdfa932003ffa2a16262656da4df662e505fe01fd5a2
train-006237,medium,b,p2_r4_audit_train-006237_b_medium_48a1c82ec7a4,completed,True,False,True,True,unit_or_prose_output,False,True,Maximum: 16; Minimum: -16,False,False,unit_or_prose_output|unit_or_prose_output|label_mismatch|not_checked_complex_expression,2-12=3,,"f'(x)=3x^2-12=3(x-2)(x+2)|The critical points in [-3,3] are x=-2 and x=2|f(-3)=9, f(-2)=16, f(2)=-16, and f(3)=-9|Comparing these values, the maximum value is 16 at x=-2, and the minimum value is -16 at x=2|As an independent check, f' is positive on [-3,-2] and [2,3], and negative on [-2,2], so x=-2 is a local maximum and x=2 is a local minimum",artifacts\phase2\phase2_verified_cot_luna_budget5_v1\raw_responses\sync\p2_r4_audit_train-006237_b_medium_48a1c82ec7a4.json,724221c343130244c11f12098834e72a9e213a6d8b98d1a3572716e0adb8d83c
train-006313,low,a,p2_r4_audit_train-006313_a_low_74a384bacc3d,completed,True,False,True,True,unit_or_prose_output,False,True,1-z,False,False,unit_or_prose_output|unit_or_prose_output|label_mismatch|not_checked_complex_expression,3-1=0,,"From $z^2+z+1=0$, multiplying by $z-1$ gives $z^3-1=0$. Since $z\ne1$, we have $z^3=1$. Therefore, $z^{2010}=1$ because $2010$ is divisible by $3$, and $z^{2009}=z^2$ because $2009\equiv2\pmod3$. Hence|z^{2010}+z^{2009}+1=1+z^2+1=z^2+2|Using $z^2=-z-1$, this becomes $1-z$. Thus the expression is $1-z$|substituting $z^2=-z-1$ confirms the result $1-z$.",artifacts\phase2\phase2_verified_cot_luna_budget5_v1\raw_responses\sync\p2_r4_audit_train-006313_a_low_74a384bacc3d.json,706daa2f2edc80fca1f7017b4f631005f6fd38645a40e8168d34c34dd6241ba7
train-006313,medium,a,p2_r4_audit_train-006313_a_medium_899a844d601b,completed,True,False,True,True,unit_or_prose_output,False,True,1-z,False,False,unit_or_prose_output|unit_or_prose_output|label_mismatch|not_checked_complex_expression,3-1=0,,"From z^2+z+1=0, multiplying by z-1 gives z^3-1=0|Since z\ne1, we have z^3=1|Thus z^{2010}=1 because 2010 is divisible by 3, and z^{2009}=z^2 because 2009\equiv2\pmod3|z^{2010}+z^{2009}+1=2+z^2=2+(-z-1)=1-z|Using z=(-1\pm i\sqrt3)/2 gives 1-z=(3\mp i\sqrt3)/2, confirming the result for both roots.",artifacts\phase2\phase2_verified_cot_luna_budget5_v1\raw_responses\sync\p2_r4_audit_train-006313_a_medium_899a844d601b.json,19374b225edfb2950048e15cd0a8994fc3e7fcb78a64360ca1e643d4ab1d29e6
train-006313,low,b,p2_r4_audit_train-006313_b_low_eb0f42b9be2f,completed,True,False,True,True,comma_integer_output,False,True,"\left\{\frac{3+i\sqrt3}{2},\frac{3-i\sqrt3}{2}\right\}",False,False,comma_integer_output|comma_integer_output|label_mismatch|not_checked_complex_expression,3-1=0,,"From z^2+z+1=0, multiplying by z-1 gives z^3-1=0|Since z\ne1, z^3=1|Therefore z^{2010}=1 and z^{2009}=z^2, because 2010 is divisible by 3 and 2009\equiv2\pmod3|z^{2010}+z^{2009}+1=2+z^2=2+(-z-1)=1-z|The two possible roots are z=(-1\pm i\sqrt3)/2, so the corresponding values are (3\mp i\sqrt3)/2|Using z^3=1 directly, the powers reduce to 1 and z^2|substituting z^2=-z-1 gives 1-z, matching the listed two values.",artifacts\phase2\phase2_verified_cot_luna_budget5_v1\raw_responses\sync\p2_r4_audit_train-006313_b_low_eb0f42b9be2f.json,6c89a07154eb67f74f707a8942df68bea1c51bea0f4bf59935fbeaaddd9529c4
train-006313,medium,b,p2_r4_audit_train-006313_b_medium_fbfc38bbbe24,completed,True,False,True,True,comma_integer_output,False,True,"\(\left\{\frac{3+i\sqrt3}{2},\frac{3-i\sqrt3}{2}\right\}\)",False,False,comma_integer_output|comma_integer_output|label_mismatch|not_checked_complex_expression,3-1=0|2+2=1,,"From \(z^2+z+1=0\), multiplying by \(z-1\) gives \(z^3-1=0\)|Since \(z\neq1\), \(z^3=1\)|Therefore \(z^{2010}=1\) and, because \(2009\equiv2\pmod3\), \(z^{2009}=z^2\)|Thus the expression is \(1+z^2+1=z^2+2\)|Using \(z^2=-z-1\), this equals \(1-z\)|The two possible roots are \(z=(-1\pm i\sqrt3)/2\), so the corresponding values are \((3\mp i\sqrt3)/2\)|\(2010\equiv0\) and \(2009\equiv2\), confirming the reduction to \(z^2+2=1-z\).",artifacts\phase2\phase2_verified_cot_luna_budget5_v1\raw_responses\sync\p2_r4_audit_train-006313_b_medium_fbfc38bbbe24.json,ad30d9927d04159c7da3cc055048fb85e3173812955ec4f33e34dffc51c91595
train-006453,low,a,p2_r4_audit_train-006453_a_low_3700bf6f8615,completed,True,False,True,True,ok,True,False,0,True,True,solution_below_target_length|not_checked_complex_expression,,,"Let $a=f'(-1)$. Differentiating the given expression gives|f'(x)=e^x(x+1)+2ax|Evaluating at $x=-1$ yields|a=f'(-1)=e^{-1}(0)+2a(-1)=-2a|Thus $3a=0$, so $a=0$.|Substituting $a=0$ gives $f(x)=xe^x$ and $f'(-1)=e^{-1}(0)=0$, confirming the result.",artifacts\phase2\phase2_verified_cot_luna_budget5_v1\raw_responses\sync\p2_r4_audit_train-006453_a_low_3700bf6f8615.json,40ee0bedf2235ee77e059da649c4b8a7be7fad391fd4b93a3533819f133b5e95
train-006453,medium,a,p2_r4_audit_train-006453_a_medium_d099fd703511,completed,True,False,True,True,ok,True,False,0,True,True,solution_below_target_length|not_checked_complex_expression,,,"Let a=f'(-1)|Differentiating the given function gives f'(x)=e^x(x+1)+2ax|Evaluating at x=-1, we obtain f'(-1)=e^{-1}(0)-2a=-2a|Since a=f'(-1), a=-2a, so 3a=0 and therefore a=0|Substituting a=0 gives f'(x)=e^x(x+1), whose value at x=-1 is indeed 0.",artifacts\phase2\phase2_verified_cot_luna_budget5_v1\raw_responses\sync\p2_r4_audit_train-006453_a_medium_d099fd703511.json,4221f370c4bc0785bb8a914523a7b98cbe0351b0dde2c6fc670244bcd4f1000f
train-006453,low,b,p2_r4_audit_train-006453_b_low_ea5f7706ec22,completed,True,False,True,True,ok,True,False,0,True,True,solution_below_target_length|not_checked_complex_expression,,,"Let a=f'(-1)|Then the given function is f(x)=xe^x+ax^2|f'(x)=e^x(x+1)+2ax|Evaluating at x=-1 gives a=f'(-1)=e^{-1}(0)+2a(-1)=-2a|Hence 3a=0, so a=0|Substituting a=0 back into the derivative confirms f'(-1)=0|At a=0, f'(x)=e^x(x+1), and f'(-1)=0.",artifacts\phase2\phase2_verified_cot_luna_budget5_v1\raw_responses\sync\p2_r4_audit_train-006453_b_low_ea5f7706ec22.json,d9881e40a30eab93a3b55ee07bd78205ca42480dfb32d10956a44b03bbc33f62
train-006453,medium,b,p2_r4_audit_train-006453_b_medium_1fc426e3d120,completed,True,False,True,True,ok,True,False,0,True,True,solution_below_target_length|not_checked_complex_expression,,,"Let a=f'(-1)|Differentiating the given expression gives f'(x)=e^x(x+1)+2ax|Evaluating at x=-1, f'(-1)=e^{-1}(0)-2a=-2a|Since a=f'(-1), we have a=-2a, so 3a=0 and therefore a=0|Substituting a=0 gives f'(x)=e^x(x+1), whose value at x=-1 is 0.",artifacts\phase2\phase2_verified_cot_luna_budget5_v1\raw_responses\sync\p2_r4_audit_train-006453_b_medium_1fc426e3d120.json,31e98ae9ee5d94a12f069a06488d9a5ea26b4df7ef07f79e5e206feed958df51
train-006714,low,a,p2_r4_audit_train-006714_a_low_987c6c6d47db,completed,True,False,True,True,ok,True,False,81213,True,True,solution_below_target_length|not_checked_complex_expression,000 × 1.10 = 66|000 × 1.07 = 70|620 × 1.15 = 81|1.07 × 1.15 = 1.35355|000 × 1.35355 = 81,,The combined growth factor is 1.10 × 1.07 × 1.15 = 1.35355,artifacts\phase2\phase2_verified_cot_luna_budget5_v1\raw_responses\sync\p2_r4_audit_train-006714_a_low_987c6c6d47db.json,8bf965b450e1b85e01323d0cf576c443378fb11275762b4216ba6eaf44d8dcc8
train-006714,medium,a,p2_r4_audit_train-006714_a_medium_283f5e0b7e76,completed,True,False,True,True,ok,True,False,81213,True,True,solution_below_target_length|not_checked_complex_expression,000 × 1.10 = 66|000 × 1.07 = 70|620 × 1.15 = 81|1.07 × 1.15 = 1.35355|000 × 1.35355 = 81,,"after year 1, 60,000 × 1.10 = 66,000|After year 2, 66,000 × 1.07 = 70,620|After year 3, 70,620 × 1.15 = 81,213|The combined multiplier is 1.10 × 1.07 × 1.15 = 1.35355",artifacts\phase2\phase2_verified_cot_luna_budget5_v1\raw_responses\sync\p2_r4_audit_train-006714_a_medium_283f5e0b7e76.json,cec4cc99133d385ce256fbf7ba9b115bfa453c61c6628ed571d6f34feafe572f
train-006714,low,b,p2_r4_audit_train-006714_b_low_cdc60e098d9a,completed,True,False,True,True,ok,True,False,81213,True,True,not_checked_complex_expression,000 × 1.10 = 66|000 × 1.07 = 70|620 × 1.15 = 81|1.07 × 1.15 = 1.35355|000 × 1.35355 = 81,,"Equivalently, the overall multiplier is 1.10 × 1.07 × 1.15 = 1.35355, and 60,000 × 1.35355 = 81,213, confirming the calculation",artifacts\phase2\phase2_verified_cot_luna_budget5_v1\raw_responses\sync\p2_r4_audit_train-006714_b_low_cdc60e098d9a.json,929009425c3eb5e7ec4264ef971eced31618cd057b514ffe910b5142415cc644
train-006714,medium,b,p2_r4_audit_train-006714_b_medium_19881552745e,completed,True,False,True,True,ok,True,False,81213,True,True,solution_below_target_length|not_checked_complex_expression,000 × 1.10 = 66|000 × 1.07 = 70|620 × 1.15 = 81|1.07 × 1.15 = 81,,"Equivalently, 60,000 × 1.10 × 1.07 × 1.15 = 81,213.",artifacts\phase2\phase2_verified_cot_luna_budget5_v1\raw_responses\sync\p2_r4_audit_train-006714_b_medium_19881552745e.json,1af822235afb04df0e0a6059d49bc074ab39bf485a62cddbc46bbb90507c9170
train-006750,low,a,p2_r4_audit_train-006750_a_low_e7a3c12b0b74,completed,True,False,True,True,ok,True,False,2,False,False,label_mismatch|not_checked_complex_expression,,,"starting with all points occupied, after sufficiently many repetitions of the sweep \(a\mapsto2a\) (in the order above), exactly two couples remain|Here \(n=2018=2\cdot1009\), and the dance consists of 2018 complete sweeps, far more than the number needed in the lemma|The special case \(r_i=s_i\) occurs only at point 0 and does not remove that couple",artifacts\phase2\phase2_verified_cot_luna_budget5_v1\raw_responses\sync\p2_r4_audit_train-006750_a_low_e7a3c12b0b74.json,d6529871c3efe3cc193cb76cd4947515bb3df57c25987fd3a328c824f432d112
train-006750,medium,a,p2_r4_audit_train-006750_a_medium_ac62af3869ca,incomplete,False,True,False,False,response_incomplete:max_output_tokens,False,False,,False,False,response_incomplete:max_output_tokens,,,,artifacts\phase2\phase2_verified_cot_luna_budget5_v1\raw_responses\sync\p2_r4_audit_train-006750_a_medium_ac62af3869ca.json,c1c584931f98458475295f3e6c2a7c30a5a77ba45c93c3ef5a1a40ed81743b8d
train-006750,low,b,p2_r4_audit_train-006750_b_low_494a5a436687,completed,True,False,True,True,ok,True,False,1,False,False,label_mismatch|abnormal_unicode,,,,artifacts\phase2\phase2_verified_cot_luna_budget5_v1\raw_responses\sync\p2_r4_audit_train-006750_b_low_494a5a436687.json,642e3a8330ff15fd4d8c47c221c510a30d046ae67a32df58bbf172f2d1e81614
train-006750,medium,b,p2_r4_audit_train-006750_b_medium_744aead65f9f,incomplete,False,True,False,False,response_incomplete:max_output_tokens,False,False,,False,False,response_incomplete:max_output_tokens,,,,artifacts\phase2\phase2_verified_cot_luna_budget5_v1\raw_responses\sync\p2_r4_audit_train-006750_b_medium_744aead65f9f.json,c9b9ea7acd38fdf18bef37adba5cc67e815b27bc4c4631635b0302f25c95a3ec
train-006763,low,a,p2_r4_audit_train-006763_a_low_79a5075e8528,completed,True,False,True,True,unit_or_prose_output,False,True,0.20 km,False,False,unit_or_prose_output|unit_or_prose_output|label_mismatch|not_checked_complex_expression,,,"During the 3 minutes (\(0.05\) hours), the mother-in-law walks \(3(0.05)=0.15\) km|The walker travels at 5 km/h for the same time, covering \(5(0.05)=0.25\) km|x+(x-0.15)=0.25,|so \(2x=0.40\) and \(x=0.20\) km",artifacts\phase2\phase2_verified_cot_luna_budget5_v1\raw_responses\sync\p2_r4_audit_train-006763_a_low_79a5075e8528.json,75de9eed72b0e77b2e0f4dd3b2065ec9ebcfadd8a9688cdaa3464fbcbe750d14
train-006763,medium,a,p2_r4_audit_train-006763_a_medium_69aaf8bc4958,completed,True,False,True,True,unit_or_prose_output,False,True,0.2 km,False,False,unit_or_prose_output|unit_or_prose_output|label_mismatch|not_checked_complex_expression,,,"During this time, the mother-in-law moves 3x/5 km, so when the return begins, the separation is x-3x/5=2x/5 km|While returning, they approach each other at relative speed 5+3=8 km/h, so the return takes (2x/5)/8=x/20 hours|Therefore the total time alone is x/5+x/20=x/4 hours|Since 3 minutes is 1/20 hour, x/4=1/20, giving x=1/5 km",artifacts\phase2\phase2_verified_cot_luna_budget5_v1\raw_responses\sync\p2_r4_audit_train-006763_a_medium_69aaf8bc4958.json,6f4c5ef00e30f6500a0e2a9b4cfcc24f5fa3ebe112e5b577f4c372a4e588ae0c
train-006763,low,b,p2_r4_audit_train-006763_b_low_82c81ada680e,completed,True,False,True,True,unit_or_prose_output,False,True,0.20 km,False,False,unit_or_prose_output|unit_or_prose_output|label_mismatch|not_checked_complex_expression,,,"During the 3 minutes (0.05 hours), the mother-in-law walks 3(0.05)=0.15 km|first x km to the mailbox, then x-0.15 km back to the meeting point|Therefore, x+(x-0.15)=0.25, so 2x=0.40 and x=0.20 km",artifacts\phase2\phase2_verified_cot_luna_budget5_v1\raw_responses\sync\p2_r4_audit_train-006763_b_low_82c81ada680e.json,29dee7d5ae014780e4d9dc5d6304a8ac3e6bde4534126b5b7ed95f6c7a8b9435
train-006763,medium,b,p2_r4_audit_train-006763_b_medium_6023323332fe,completed,True,False,True,True,unit_or_prose_output,False,True,200 m,False,False,unit_or_prose_output|unit_or_prose_output|label_mismatch|not_checked_complex_expression,,,"The walker travels to the mailbox and back, so the total distance is d+(d-3t)=2d-3t|Since this distance is also 5t, we have 5t=2d-3t, hence d=4t|The separation lasts 3 minutes = 1/20 hour, so d=4(1/20)=1/5 km=200 m|With d=0.2 km, the walker reaches the mailbox after 0.04 h, then returns for 0.01 h|total time is 0.05 h = 3 minutes.",artifacts\phase2\phase2_verified_cot_luna_budget5_v1\raw_responses\sync\p2_r4_audit_train-006763_b_medium_6023323332fe.json,0cb194eeaf2164ebdd34eaaa38a29bc314d636196369ca4be5d8ed7860308c4e
train-006820,low,a,p2_r4_audit_train-006820_a_low_012f4d29a474,completed,True,False,True,True,unit_or_prose_output,False,True,0.005 km² (5000 m²),False,False,unit_or_prose_output|unit_or_prose_output|label_mismatch|solution_below_target_length|not_checked_complex_expression,2/2=0.005,,"\(d=3\times\frac{2}{60}=0.1\) km|For a square, the area in terms of its diagonal is \(A=d^2/2\)|\(A=(0.1)^2/2=0.005\) km², which equals 5000 m².|The side is \(0.1/\sqrt2\) km, so squaring it gives \(0.01/2=0.005\) km².",artifacts\phase2\phase2_verified_cot_luna_budget5_v1\raw_responses\sync\p2_r4_audit_train-006820_a_low_012f4d29a474.json,d9b6507f6cc2546b550d7d689a0ff27bb6cb01fc42d1b95e041300bad405027a
train-006820,medium,a,p2_r4_audit_train-006820_a_medium_af6d8cc80e39,completed,True,False,True,True,unit_or_prose_output,False,True,5000 m²,False,False,unit_or_prose_output|unit_or_prose_output|label_mismatch|not_checked_complex_expression,2/60 = 1|1/30 = 0.1,,"2/60 = 1/30 hour|Thus the diagonal length is d = 3 × 1/30 = 0.1 km|For a square, d² = 2s², so its area is s² = d²/2 = (0.1)²/2 = 0.005 km². Converting to square metres gives 0.005 × 1,000,000 = 5000 m².|A 100 m diagonal gives side 100/√2 m, so area = (100/√2)² = 5000 m².",artifacts\phase2\phase2_verified_cot_luna_budget5_v1\raw_responses\sync\p2_r4_audit_train-006820_a_medium_af6d8cc80e39.json,d948e741da4acce15ac495ec98d886e9dee07db71b04ed13e83da87cfea0fa53
train-006820,low,b,p2_r4_audit_train-006820_b_low_464bec9fc92b,completed,True,False,True,True,unit_or_prose_output,False,True,5000 m²,False,False,unit_or_prose_output|unit_or_prose_output|label_mismatch|not_checked_complex_expression,2/60=1|2/2=0.005,,"\(2/60=1/30\) hour|Thus the diagonal length is \(3\times\frac{1}{30}=0.1\) km|Therefore, \(A=(0.1)^2/2=0.005\) km², which equals \(5000\) m².|Using \(d=100\) m, the side is \(100/\sqrt2\) m, so the area is \((100/\sqrt2)^2=5000\) m².",artifacts\phase2\phase2_verified_cot_luna_budget5_v1\raw_responses\sync\p2_r4_audit_train-006820_b_low_464bec9fc92b.json,509b6bf72af3637a164d1456008f8666f0580dc476a5dfce9c7ca48148faf067
train-006820,medium,b,p2_r4_audit_train-006820_b_medium_8a991b34da0a,completed,True,False,True,True,comma_integer_output,False,True,"5,000 m²",False,False,comma_integer_output|comma_integer_output|label_mismatch|solution_below_target_length|not_checked_complex_expression,,,"The diagonal length is distance = speed × time = 3 × (2/60) km = 0.1 km = 100 m|Thus, area = 100²/2 = 5,000 m². Equivalently, the side is 100/√2 m, giving the same area when squared|Using side² = (100/√2)² = 5,000 confirms the result.",artifacts\phase2\phase2_verified_cot_luna_budget5_v1\raw_responses\sync\p2_r4_audit_train-006820_b_medium_8a991b34da0a.json,4ead7ce6d7faf6f821de466f7949f06f4011c7363192b885e789f3393c299fd7
train-007262,low,a,p2_r4_audit_train-007262_a_low_d140cd262141,completed,True,False,True,True,unit_or_prose_output,False,True,(a) 1 and 3; (b) 96,False,False,unit_or_prose_output|unit_or_prose_output|label_mismatch|not_checked_complex_expression,,,"The only even prime is 2, so d-1=2 or d+1=2|It remains to test n=3\cdot2^5=96|Since every possible divisor-primary number is at most 3\cdot2^5=96 (and the alternatives 2^a are smaller), the largest is 96|64-1=63 and 64+1=65 are composite",artifacts\phase2\phase2_verified_cot_luna_budget5_v1\raw_responses\sync\p2_r4_audit_train-007262_a_low_d140cd262141.json,7bbf9aae846a613a82871e219b7f9cf43cb0ac8419b8bbc7b951a11ac2a874f5
train-007262,medium,a,p2_r4_audit_train-007262_a_medium_2710e3889db0,completed,True,False,True,True,comma_integer_output,False,True,"1, 3; 96",False,False,comma_integer_output|comma_integer_output|label_mismatch|not_checked_complex_expression,,,"Therefore the odd part of n is either 1 or 3, so n=2^a or n=3\cdot2^a|Since 64 is a divisor when a\ge6, and 64-1=63 and 64+1=65 are composite, we must have a\le5|each divisor is among 1,2,3,4,6,8,12,16,24,32,48,96, and each has a prime neighbor",artifacts\phase2\phase2_verified_cot_luna_budget5_v1\raw_responses\sync\p2_r4_audit_train-007262_a_medium_2710e3889db0.json,816b273e02c8ba9659702b6e68760c2ab2e56cca69e53aae6864a393a1083088
train-007262,low,b,p2_r4_audit_train-007262_b_low_46cb825a044e,completed,True,False,True,True,unit_or_prose_output,False,True,(a) 1 and 3; (b) 768,False,False,unit_or_prose_output|unit_or_prose_output|label_mismatch|not_checked_complex_expression,,,"For one to be prime, it must equal 2, forcing d=3|For 2^a, the condition fails at d=2^6=64, since 63 and 65 are composite|the relevant neighboring primes include 5,7|1535 is composite and 1537=29\cdot53|Hence the largest possibility is 3\cdot2^8=768|the listed checks cover each type, while k=9 proves no larger candidate of the second form works.",artifacts\phase2\phase2_verified_cot_luna_budget5_v1\raw_responses\sync\p2_r4_audit_train-007262_b_low_46cb825a044e.json,a6d55102f58e2950d5cdeaac13701cff03cbf245c20a0697ef64672381b61d38
train-007262,medium,b,p2_r4_audit_train-007262_b_medium_f4444b194a99,completed,True,False,True,True,ok,True,False,96,True,True,not_checked_complex_expression,,,"For one to be prime, it must equal 2, forcing d=3|For a=5, take n=3\cdot2^5=96|The divisor 64 rules out every n with a\ge6, while 96 has a=5 and passes the condition for every divisor.",artifacts\phase2\phase2_verified_cot_luna_budget5_v1\raw_responses\sync\p2_r4_audit_train-007262_b_medium_f4444b194a99.json,58e937d5af303ff0e19cd14bd83960687d353b65e3a14cf959edc2c392b424c6
train-007295,low,a,p2_r4_audit_train-007295_a_low_2cdca838166c,completed,True,False,True,True,ok,True,False,46166,True,True,solution_below_target_length|not_checked_complex_expression,,,"June sales were 21,122 + 3,922 = 25,044 trading cards|Therefore, the combined sales were 25,044 + 21,122 = 46,166 trading cards|Adding the monthly amounts directly, (21,122 + 3,922) + 21,122 = 46,166, confirming the result.",artifacts\phase2\phase2_verified_cot_luna_budget5_v1\raw_responses\sync\p2_r4_audit_train-007295_a_low_2cdca838166c.json,1e9c0452f2cdbdb78280686454b26fc4df082f4d250b8cd0abe20c54c04b5ec7
train-007295,medium,a,p2_r4_audit_train-007295_a_medium_96297f04801b,completed,True,False,True,True,ok,True,False,46166,True,True,solution_below_target_length|not_checked_complex_expression,,,"June sales were 21,122 + 3,922 = 25,044 trading cards|Therefore, combined sales were 25,044 + 21,122 = 46,166 trading cards",artifacts\phase2\phase2_verified_cot_luna_budget5_v1\raw_responses\sync\p2_r4_audit_train-007295_a_medium_96297f04801b.json,953521a8aad00032aef648c071c00c0e47b7639820f3db99bc2ddba6c9686f87
train-007295,low,b,p2_r4_audit_train-007295_b_low_0d8936869b16,completed,True,False,True,True,ok,True,False,46166,True,True,solution_below_target_length|not_checked_complex_expression,,,"21,122 + 3,922 = 25,044 cards|Therefore, the combined sales were 25,044 + 21,122 = 46,166 trading cards|2(21,122) + 3,922 = 42,244 + 3,922 = 46,166.",artifacts\phase2\phase2_verified_cot_luna_budget5_v1\raw_responses\sync\p2_r4_audit_train-007295_b_low_0d8936869b16.json,ae98539b5c02a5d2c95db97dbd590bfd18d5caef77e976c1d1f1a4e614c80522
train-007295,medium,b,p2_r4_audit_train-007295_b_medium_c56c65793a10,completed,True,False,True,True,ok,True,False,46166,True,True,solution_below_target_length|not_checked_complex_expression,,,"June sales were 21,122 + 3,922 = 25,044 cards|Therefore, the combined sales were 25,044 + 21,122 = 46,166 cards|two normal months plus June's extra sales gives 2(21,122) + 3,922 = 46,166.",artifacts\phase2\phase2_verified_cot_luna_budget5_v1\raw_responses\sync\p2_r4_audit_train-007295_b_medium_c56c65793a10.json,a7de36e11c65bb87078f0dbe2e6aadf8765d0fb8051177a40c8390cbf5b40563
train-007339,low,a,p2_r4_audit_train-007339_a_low_ee1a57abca52,completed,True,False,True,True,comma_integer_output,False,True,"451, 836",False,False,comma_integer_output|comma_integer_output|label_mismatch|not_checked_complex_expression,90+1 = 7|64+3 = 11|167+1 = 7|119+3 = 11,,"From n ≡ 1 (mod 5), write n = 1 + 5k|Hence n = 31 + 35t|Therefore n = 66 + 385s|For three-digit numbers, s = 1 or 2, yielding 451 and 836|451 = 11·41, has remainders 1 and 3 upon division by 5 and 7|836 = 11·76, also has remainders 1 and 3|451 = 5·90+1 = 7·64+3 = 11·41|836 = 5·167+1 = 7·119+3 = 11·76.",artifacts\phase2\phase2_verified_cot_luna_budget5_v1\raw_responses\sync\p2_r4_audit_train-007339_a_low_ee1a57abca52.json,d97c474056e18c8138923c6ac8abf2235dae305387aab861f916bca91f3edfb4
train-007339,medium,a,p2_r4_audit_train-007339_a_medium_a544e69e33d8,completed,True,False,True,True,comma_integer_output,False,True,"451, 836",False,False,comma_integer_output|comma_integer_output|label_mismatch|not_checked_complex_expression,90+1=7|167+1=7,,"Let n=1+5a|Write n=31+35k|Therefore n=66+385t|The three-digit values are obtained for t=1,2, giving 451 and 836|451=11·41, 451=5·90+1=7·64+3|and 836=11·76, 836=5·167+1=7·119+3",artifacts\phase2\phase2_verified_cot_luna_budget5_v1\raw_responses\sync\p2_r4_audit_train-007339_a_medium_a544e69e33d8.json,0a8537bbbfa9161844a0017fe620d7a785f1a6d52d78e2c64e99801dd2573e73
train-007339,low,b,p2_r4_audit_train-007339_b_low_dc15c8e3bf16,completed,True,False,True,True,comma_integer_output,False,True,"451, 836",False,False,comma_integer_output|comma_integer_output|label_mismatch|not_checked_complex_expression,90 + 1 = 7|167 + 1 = 7,,"The conditions n ≡ 1 (mod 5) and n ≡ 3 (mod 7) can be combined by writing n = 1 + 5k|Hence n = 31 + 35t|Therefore n = 66 + 385s|For three-digit numbers, s = 1 or 2, giving n = 451 and n = 836|Directly, 451 = 11·41, 451 = 5·90 + 1 = 7·64 + 3|similarly, 836 = 11·76, 836 = 5·167 + 1 = 7·119 + 3",artifacts\phase2\phase2_verified_cot_luna_budget5_v1\raw_responses\sync\p2_r4_audit_train-007339_b_low_dc15c8e3bf16.json,afa2e14753efb8f7089dce8d32ca21e56da20f2e5e7fc11027fe4d1f002eda9a
train-007339,medium,b,p2_r4_audit_train-007339_b_medium_8d280b2f4479,completed,True,False,True,True,comma_integer_output,False,True,"451, 836",False,False,comma_integer_output|comma_integer_output|label_mismatch|not_checked_complex_expression,90+1=7|167+1=7,,"Let n=1+5k|The condition n≡3 (mod 7) gives 1+5k≡3, so k≡6 (mod 7), hence n=31+35t|Therefore n=66+385s|For three-digit values, 100≤66+385s≤999, which gives s=1 or s=2|Thus n=451 or n=836|451=11·41=5·90+1=7·64+3, and 836=11·76=5·167+1=7·119+3",artifacts\phase2\phase2_verified_cot_luna_budget5_v1\raw_responses\sync\p2_r4_audit_train-007339_b_medium_8d280b2f4479.json,889e268860b6c6820e05954f35cc68eb3032640ac4d237538428bba49f630efd
train-007498,low,a,p2_r4_audit_train-007498_a_low_d1b310676fc8,completed,True,False,True,True,ok,True,False,0,True,True,not_checked_complex_expression,,,"3(3)+5=14, so 10<14",artifacts\phase2\phase2_verified_cot_luna_budget5_v1\raw_responses\sync\p2_r4_audit_train-007498_a_low_d1b310676fc8.json,08526561af5b4597b3a8cd2138704162a3b81e765585d92e3933dc582778f344
train-007498,medium,a,p2_r4_audit_train-007498_a_medium_24ae26c6dbf9,completed,True,False,True,True,ok,True,False,0,True,True,,,,,artifacts\phase2\phase2_verified_cot_luna_budget5_v1\raw_responses\sync\p2_r4_audit_train-007498_a_medium_24ae26c6dbf9.json,3a97cbe336263ce472a0c3eb1f07cfae7172f5c7153478615412145da2175657
train-007498,low,b,p2_r4_audit_train-007498_b_low_176a5daf1d95,completed,True,False,True,True,ok,True,False,0,True,True,solution_below_target_length,,,,artifacts\phase2\phase2_verified_cot_luna_budget5_v1\raw_responses\sync\p2_r4_audit_train-007498_b_low_176a5daf1d95.json,80fb7462346444988ad9a8d2cdc72fb48c9e8d8a2150b2b92b9b73fd97e33d2f
train-007498,medium,b,p2_r4_audit_train-007498_b_medium_cde9b3c80ed3,completed,True,False,True,True,ok,True,False,0,True,True,,,,,artifacts\phase2\phase2_verified_cot_luna_budget5_v1\raw_responses\sync\p2_r4_audit_train-007498_b_medium_cde9b3c80ed3.json,ae71984cff10163b66b40e44985bebcaa968ebaac254472e050cc8a5f455c387
train-007851,low,a,p2_r4_audit_train-007851_a_low_bc9afee5dc20,completed,True,False,True,True,ok,True,False,-15,True,True,not_checked_complex_expression,4+5=15,,"The coefficient of the $x^4$ term in a product $(x-a_1)(x-a_2)\cdots(x-a_5)$ is the negative of the sum of the constants $a_i$. Here, the sum is $1+2+3+4+5=15$, so the coefficient is $-15$. Independently, choosing one constant factor and four $x$ factors gives $-(1+2+3+4+5)=-15$.",artifacts\phase2\phase2_verified_cot_luna_budget5_v1\raw_responses\sync\p2_r4_audit_train-007851_a_low_bc9afee5dc20.json,22c69562036d1d3ab7b36e69f44dc7b5baf5650704c2a924bd5f9367a121eb7a
train-007851,medium,a,p2_r4_audit_train-007851_a_medium_ef76838290aa,completed,True,False,True,True,ok,True,False,-15,True,True,solution_below_target_length|not_checked_complex_expression,,,-(1+2+3+4+5)=-15,artifacts\phase2\phase2_verified_cot_luna_budget5_v1\raw_responses\sync\p2_r4_audit_train-007851_a_medium_ef76838290aa.json,2c3da0e9d02e38cd804f1703ba934b677df39e81f27d91586f740ebd6338bb97
train-007851,low,b,p2_r4_audit_train-007851_b_low_c40f4ef4e5be,completed,True,False,True,True,ok,True,False,-15,True,True,solution_below_target_length|not_checked_complex_expression,,,-(1+2+3+4+5)=-15,artifacts\phase2\phase2_verified_cot_luna_budget5_v1\raw_responses\sync\p2_r4_audit_train-007851_b_low_c40f4ef4e5be.json,04433053d7f1112e023653f095b6218f9f79d3897d74e817cde079eac308a98c
train-007851,medium,b,p2_r4_audit_train-007851_b_medium_0dd685a4cbf5,completed,True,False,True,True,ok,True,False,-15,True,True,not_checked_complex_expression,,,"The roots are 1, 2, 3, 4, and 5, so the coefficient is -(1+2+3+4+5)=-15",artifacts\phase2\phase2_verified_cot_luna_budget5_v1\raw_responses\sync\p2_r4_audit_train-007851_b_medium_0dd685a4cbf5.json,d2ddd15f5eea18ca3e2924c29f94474e3d4fe9de65be345e2e69dccc9f381d1d
train-007893,low,a,p2_r4_audit_train-007893_a_low_706da7fd699c,completed,True,False,True,True,ok,True,False,210,True,True,not_checked_complex_expression,40+10=210|80+40=200,,3(20)=60|4(20)=80|Thus the total is 20+60+80+40+10=210 pieces|The cooking total is 20+60+80+40=200,artifacts\phase2\phase2_verified_cot_luna_budget5_v1\raw_responses\sync\p2_r4_audit_train-007893_a_low_706da7fd699c.json,03b33bd06353f75b78690de27b4e24e5764a6275569cb43e17c621caf156f017
train-007893,medium,a,p2_r4_audit_train-007893_a_medium_ef7fc73a248d,completed,True,False,True,True,ok,True,False,210,True,True,not_checked_complex_expression,40+10=210|80+40=200,,"3(20)=60|4(20)=80|Thus, the total is 20+60+80+40+10=210 pieces of popcorn|Adding the cooking intervals gives 20+60+80+40=200",artifacts\phase2\phase2_verified_cot_luna_budget5_v1\raw_responses\sync\p2_r4_audit_train-007893_a_medium_ef7fc73a248d.json,2bea5fe4d356f0531c5227cd8275cc68c6fe1d01716018544e00c8ceda54a299
train-007893,low,b,p2_r4_audit_train-007893_b_low_493ef92dc57a,completed,True,False,True,True,ok,True,False,210,True,True,not_checked_complex_expression,40 + 10 = 210,,"20 initially, three times 20 = 60, four times 20 = 80, and half of the preceding 80 = 40|Therefore, the total number of popcorn pieces is 20 + 60 + 80 + 40 + 10 = 210",artifacts\phase2\phase2_verified_cot_luna_budget5_v1\raw_responses\sync\p2_r4_audit_train-007893_b_low_493ef92dc57a.json,0e5d60681cdd6d8329aee4d758608bfc04656b520ebd7924ffb49978ec16fb02
train-007893,medium,b,p2_r4_audit_train-007893_b_medium_016124e76aa7,completed,True,False,True,True,ok,True,False,210,True,True,not_checked_complex_expression,40+10=210|80+40=200,,"3(20)=60|4(20)=80|Therefore, the total is 20+60+80+40+10=210 pieces|The four cooking intervals total 20+60+80+40=200",artifacts\phase2\phase2_verified_cot_luna_budget5_v1\raw_responses\sync\p2_r4_audit_train-007893_b_medium_016124e76aa7.json,4778fa4a870ec65096002852bbadb3febcc8fa428529bfb5ae12c2133c5733c3
train-008050,low,a,p2_r4_audit_train-008050_a_low_02d0a6712e4c,completed,True,False,True,True,ok,True,False,-1024,True,True,not_checked_complex_expression,,,"To select the terms that do not contain x, set x=0 in the expression|This gives $(1-5y)^5$. The sum of the coefficients of a polynomial is found by setting its variable equal to 1, so the required sum is $(1-5)^5=(-4)^5=-1024$. Independently, the x-free terms are the expansion of $(1-5y)^5$, confirming the same result|Evaluating the x-free polynomial at y=1 gives $(1-5)^5=-1024$, confirming the calculation.",artifacts\phase2\phase2_verified_cot_luna_budget5_v1\raw_responses\sync\p2_r4_audit_train-008050_a_low_02d0a6712e4c.json,e6ba2f49c297d6188fc9031cba2a6daac73677fc6e0b31559107a432cffcd007
train-008050,medium,a,p2_r4_audit_train-008050_a_medium_d543bee81db0,completed,True,False,True,True,ok,True,False,-1024,True,True,not_checked_complex_expression,,,"To keep only terms that do not contain x, set x=0 in the expression|The sum of the coefficients of these remaining terms is obtained by setting y=1, so it equals (1-5)^5=(-4)^5=-1024|their coefficient sum is (1+(-5))^5=(-4)^5=-1024.",artifacts\phase2\phase2_verified_cot_luna_budget5_v1\raw_responses\sync\p2_r4_audit_train-008050_a_medium_d543bee81db0.json,5bf9c83ea233b424afad277a14282f460317f48ee7c15e0ff922d2b1d5c229c0
train-008050,low,b,p2_r4_audit_train-008050_b_low_c651e70973f3,completed,True,False,True,True,ok,True,False,-1024,True,True,solution_below_target_length|not_checked_complex_expression,,,"To keep only terms that do not contain x, set x=0|The sum of its coefficients is obtained by setting y=1, giving (1-5)^5=(-4)^5=-1024|Independently, this is the same as evaluating the original expression at x=0 and y=1|Since (-4)^5=-1024, the calculation is consistent.",artifacts\phase2\phase2_verified_cot_luna_budget5_v1\raw_responses\sync\p2_r4_audit_train-008050_b_low_c651e70973f3.json,acd8a55908dd1cc58f99ecffa4e273d78a7248b9ecb967d6e98eddfda63a8fe5
train-008050,medium,b,p2_r4_audit_train-008050_b_medium_b3f48eef8a1f,completed,True,False,True,True,ok,True,False,-1024,True,True,solution_below_target_length|not_checked_complex_expression,,,"(1-0-5y)^5=(1-5y)^5|The sum of the coefficients of these terms is obtained by setting y=1, giving (1-5)^5=(-4)^5=-1024|-1024.",artifacts\phase2\phase2_verified_cot_luna_budget5_v1\raw_responses\sync\p2_r4_audit_train-008050_b_medium_b3f48eef8a1f.json,59333d3221fd32a686c8c56ea0c3e26634513090a0546538f69ce9639da30b3b
train-008255,low,a,p2_r4_audit_train-008255_a_low_58db6ce23e02,completed,True,False,True,True,ok,True,False,262144,True,True,not_checked_complex_expression,,,"Let the total number of marbles be \(N=XY\), where \(X\) is the number of piles and \(Y\) is the number in each pile|Thus \(N\) must have \(17+2=19\) positive divisors|Since 19 is prime, the divisor-count formula implies \(N=p^{18}\) for some prime \(p\)|The smallest choice is \(p=2\), giving \(N=2^{18}=262144\)|For \(2^{18}\), the total number of divisors is \(18+1=19\)",artifacts\phase2\phase2_verified_cot_luna_budget5_v1\raw_responses\sync\p2_r4_audit_train-008255_a_low_58db6ce23e02.json,851538ad481d2cc1222e5d5a7c85a0cf525e2b03c81eff6be280c543d132bad8
train-008255,medium,a,p2_r4_audit_train-008255_a_medium_21cb81d3cb10,completed,True,False,True,True,ok,True,False,262144,True,True,not_checked_complex_expression,,,"Let the total number of marbles be N=XY|Each allowed value of Y corresponds to a divisor of N other than 1 and N, since both Y>1 and X=N/Y>1|Thus N has 17 proper divisors, so its total number of positive divisors is 17+2=19|If N has prime factorization with exponents e_i, then the divisor count is \(\prod(e_i+1)=19\)|\(N=p^{18}\)|The smallest choice is p=2, giving \(N=2^{18}=262144\)",artifacts\phase2\phase2_verified_cot_luna_budget5_v1\raw_responses\sync\p2_r4_audit_train-008255_a_medium_21cb81d3cb10.json,fca65a41735890674b7dce83216b7b9cb185e669b2afeb464a86d6bac24a4515
train-008255,low,b,p2_r4_audit_train-008255_b_low_a372376e8b43,completed,True,False,True,True,ok,True,False,262144,True,True,not_checked_complex_expression,,,"Let the total number of marbles be N=XY|Thus the 17 possible values of Y are exactly all divisors of N except 1 and N, giving τ(N)-2=17, hence τ(N)=19|If N=∏p_i^{a_i}, then τ(N)=∏(a_i+1)|Because 19 is prime, this requires N=p^{18}. The smallest choice is p=2, so N=2^{18}=262144|For N=2^{18}, τ(N)=19",artifacts\phase2\phase2_verified_cot_luna_budget5_v1\raw_responses\sync\p2_r4_audit_train-008255_b_low_a372376e8b43.json,15671e3468a659d3edf425cdec667b235a8cdf5aff830df8b8a54fcc8d7ae381
train-008255,medium,b,p2_r4_audit_train-008255_b_medium_3dd8fdeac801,completed,True,False,True,True,ok,True,False,262144,True,True,not_checked_complex_expression,,,"Let the total number of marbles be N=XY|Given d(N)-2=17, we need d(N)=19|Since 19 is prime, the only possible form is N=p^{18} for a prime p, because d(p^{18})=18+1=19|The smallest choice is p=2, giving N=2^{18}=262144|For N=2^{18}, there are 19 positive divisors",artifacts\phase2\phase2_verified_cot_luna_budget5_v1\raw_responses\sync\p2_r4_audit_train-008255_b_medium_3dd8fdeac801.json,9e63853f90ad12f13afcf3420eddcc258bddd093cef2f4407fb112bdd4561fa8
train-008783,low,a,p2_r4_audit_train-008783_a_low_2251a28130bb,completed,True,False,True,True,ok,True,False,-10,True,True,not_checked_complex_expression,9-6=-10,,"x^2+y^2-z^2+3xy=2^2+(-1)^2-3^2+3(2)(-1)|\(4+1-9-6=-10\)|Independently grouping the positive and negative terms gives \((4+1)-(9+6)=5-15=-10\), confirming the result.",artifacts\phase2\phase2_verified_cot_luna_budget5_v1\raw_responses\sync\p2_r4_audit_train-008783_a_low_2251a28130bb.json,aa3906a60557910c39c5f41015f77ab34e37185918b5416233c92c72c3620d90
train-008783,medium,a,p2_r4_audit_train-008783_a_medium_08da90b79f96,completed,True,False,True,True,ok,True,False,-10,True,True,solution_below_target_length|not_checked_complex_expression,9-6=-10,,"x^2+y^2-z^2+3xy=2^2+(-1)^2-3^2+3(2)(-1)|\(4+1-9-6=-10\)|x²=4, y²=1, -z²=-9, and 3xy=-6|their sum is 4+1-9-6=-10.",artifacts\phase2\phase2_verified_cot_luna_budget5_v1\raw_responses\sync\p2_r4_audit_train-008783_a_medium_08da90b79f96.json,f5ecdf56538c27efd2ebff005d60fbb1fdfdd8e3ff988feb3f80641c92f1befa
train-008783,low,b,p2_r4_audit_train-008783_b_low_243b86df228f,completed,True,False,True,True,ok,True,False,-10,True,True,solution_below_target_length|not_checked_complex_expression,9-6=-10|9-6=-10|9-6=-10,,"x^2+y^2-z^2+3xy=2^2+(-1)^2-3^2+3(2)(-1)|\(4+1-9-6=-10\)|As an independent check, \(x^2+y^2=5\), while \(z^2=9\) and \(3xy=-6\), so \(5-9-6=-10\)|\(5-9-6=-10\).",artifacts\phase2\phase2_verified_cot_luna_budget5_v1\raw_responses\sync\p2_r4_audit_train-008783_b_low_243b86df228f.json,4df6a0521c19bee37cfda468005ee7948ab8af75408d9b2e1c12dbee09798156
train-008783,medium,b,p2_r4_audit_train-008783_b_medium_59e0c2859388,completed,True,False,True,True,ok,True,False,-10,True,True,solution_below_target_length|not_checked_complex_expression,9-6=-10,,"x^2+y^2-z^2+3xy=2^2+(-1)^2-3^2+3(2)(-1)|This equals \(4+1-9-6=-10\)|As an independent check, the positive terms sum to \(5\), while the subtracted terms total \(15\), giving \(5-15=-10\)",artifacts\phase2\phase2_verified_cot_luna_budget5_v1\raw_responses\sync\p2_r4_audit_train-008783_b_medium_59e0c2859388.json,679da47c85d346d3fcd7418b4f724e17a68727bc1b967d0d500ea186576f5a8b
train-009106,low,a,p2_r4_audit_train-009106_a_low_ceada864a091,completed,True,False,True,True,ok,True,False,0,True,True,not_checked_complex_expression,,,"Since $a,b,c$ are in arithmetic progression, write $b-a=c-b=d$. Then $b-c=-d$, $c-a=2d$, and $a-b=-d$. Therefore the expression equals|d(-\lg x+2\lg y-\lg z)=d\lg\left(\frac{y^2}{xz}\right)|Because $x,y,z$ form a geometric progression, $y^2=xz$, so the logarithm is $\lg 1=0$. Hence the expression is $0$.|Using $a=A-d$, $b=A$, $c=A+d$ gives coefficients $-d,2d,-d$|using $x=r, y=rs, z=rs^2$ yields $-\lg r+2\lg(rs)-\lg(rs^2)=0$.",artifacts\phase2\phase2_verified_cot_luna_budget5_v1\raw_responses\sync\p2_r4_audit_train-009106_a_low_ceada864a091.json,053d5f1c075daee1bc4048835bf018aa4925a3424369efaa0a0ac07898f0f4ff
train-009106,medium,a,p2_r4_audit_train-009106_a_medium_8abcecdff0cd,completed,True,False,True,True,ok,True,False,0,True,True,not_checked_complex_expression,,,"Since $a,b,c$ are in arithmetic progression, let $b-a=c-b=d$. Then $b-c=-d$, $c-a=2d$, and $a-b=-d$. Therefore the expression equals|Because $x,y,z$ form a geometric progression, $y^2=xz$, so $2\lg y=\lg(xz)=\lg x+\lg z$. Hence the expression is $0$.|Substituting $x=r$, $y=rs$, and $z=rs^2$ gives $-\lg r+2\lg(rs)-\lg(rs^2)=0$, confirming the result.",artifacts\phase2\phase2_verified_cot_luna_budget5_v1\raw_responses\sync\p2_r4_audit_train-009106_a_medium_8abcecdff0cd.json,a81c8c69356cfd71c40dc3ff226ac04cb52b04531fc6e3eabe0bb5a25932635a
train-009106,low,b,p2_r4_audit_train-009106_b_low_cc9030e0a927,completed,True,False,True,True,ok,True,False,0,True,True,not_checked_complex_expression,,,"Since $a,b,c$ are in arithmetic progression, write $a=b-d$ and $c=b+d$. Then|=d(-\lg x+2\lg y-\lg z)|=d\lg\left(\frac{y^2}{xz}\right)|Because $x,y,z$ are positive and form a geometric progression, $y^2=xz$. Therefore the logarithm is $\\lg 1=0$, so the entire expression equals $0$.|Using $a=b-d$ and $c=b+d$ gives coefficients $-d,2d,-d$|the geometric relation makes $-\lg x+2\lg y-\lg z=\lg(y^2/xz)=0$.",artifacts\phase2\phase2_verified_cot_luna_budget5_v1\raw_responses\sync\p2_r4_audit_train-009106_b_low_cc9030e0a927.json,57b91ee065516f8de7830eca614326e471080c2684496378b3df41aa13fe9639
train-009106,medium,b,p2_r4_audit_train-009106_b_medium_8300fceed78b,completed,True,False,True,True,ok,True,False,0,True,True,not_checked_complex_expression,,,"Since a, b, c are in arithmetic progression, let b-a=d|Then c-b=d, so b-c=-d, c-a=2d, and a-b=-d|d(-\lg x+2\lg y-\lg z)=d\lg\left(\frac{y^2}{xz}\right)|Because x, y, z form a geometric progression, y^2=xz|Hence the logarithm is \(\lg 1=0\), so the entire expression is 0|The coefficients are proportional to (-1, 2, -1), while the GP condition gives \(\lg x-2\lg y+\lg z=\lg(xz/y^2)=0\), confirming the result.",artifacts\phase2\phase2_verified_cot_luna_budget5_v1\raw_responses\sync\p2_r4_audit_train-009106_b_medium_8300fceed78b.json,df0d802586e8fab2c7373eecef664ea3e7cc0e2c6c49cf06f0c8b6d46dbbab58
train-009400,low,a,p2_r4_audit_train-009400_a_low_03312c50d5af,completed,True,False,True,True,ok,True,False,472320,False,False,label_mismatch|not_checked_complex_expression,,,"each row has two end-pairs allowing 8 choices and two interior-pairs allowing 7 choices, giving $2(2\cdot8+2\cdot7)=60$. Thus the subtraction is $60\cdot2^2\cdot6!$. Therefore the required number is|16\cdot8!-240\cdot6!=472320",artifacts\phase2\phase2_verified_cot_luna_budget5_v1\raw_responses\sync\p2_r4_audit_train-009400_a_low_03312c50d5af.json,28ed6c536464ffad1f5116b21d7ec2381222cff0ec8507b9e92450349aaafffb
train-009400,medium,a,p2_r4_audit_train-009400_a_medium_66e8acd3b471,completed,True,False,True,True,ok,True,False,518400,True,True,not_checked_complex_expression,,,"Among the \(8\cdot7=56\) ordered pairs of edges, 12 overlap (6 in each row), leaving 44 disjoint pairs|16\cdot8!-44\cdot4\cdot6!=645120-126720=518400|The excluded fraction is \((44\cdot4\cdot6!)/(16\cdot8!)=11/56\), so \(645120\cdot45/56=518400\), confirming the result.",artifacts\phase2\phase2_verified_cot_luna_budget5_v1\raw_responses\sync\p2_r4_audit_train-009400_a_medium_66e8acd3b471.json,afdc36178d5b3b3ef31a648cc76460828051a8d2f0159e85bea5321e705fcf56
train-009400,low,b,p2_r4_audit_train-009400_b_low_8b0ed621b5a4,completed,True,False,True,True,ok,True,False,495360,False,False,label_mismatch|not_checked_complex_expression,,,"Across both rows, this gives \(2(2\cdot7+2\cdot6)=52\) ordered choices of disjoint seat-pairs|8\cdot2\cdot8!-52\cdot4\cdot6!=495360",artifacts\phase2\phase2_verified_cot_luna_budget5_v1\raw_responses\sync\p2_r4_audit_train-009400_b_low_8b0ed621b5a4.json,ff5d75027d668d7fccd73662296bd4979be7a417f6d78dec89bf3a0d5b1ad3ce
train-009400,medium,b,p2_r4_audit_train-009400_b_medium_9b3abe98b62e,completed,True,False,True,True,ok,True,False,195840,False,False,label_mismatch|not_checked_complex_expression,,,8\cdot8!-44\cdot2^2\cdot6!=322560-126720=195840,artifacts\phase2\phase2_verified_cot_luna_budget5_v1\raw_responses\sync\p2_r4_audit_train-009400_b_medium_9b3abe98b62e.json,8c952004a93ab25908f6f4aa3d5a019663527420e60d6d89998f2e5cbb12b2d1
train-009488,low,a,p2_r4_audit_train-009488_a_low_2ac8cd597f60,completed,True,False,True,True,ok,True,False,-2,True,True,solution_below_target_length|not_checked_complex_expression,,,"Checking, x=-2 gives -2>-3, while x=-3 gives -6>-4, which is false|The boundary is x=-7/3",artifacts\phase2\phase2_verified_cot_luna_budget5_v1\raw_responses\sync\p2_r4_audit_train-009488_a_low_2ac8cd597f60.json,20c5c42877ce3c6379c7befe4e1665a87acd5e8d5b8f785ec792db59ebafcb93
train-009488,medium,a,p2_r4_audit_train-009488_a_medium_d3a6821a3880,completed,True,False,True,True,ok,True,False,-2,True,True,solution_below_target_length|not_checked_complex_expression,,,"Checking, x=-2 gives -2>-3, while x=-3 gives -6>-4, which is false|At x=-2 the inequality is true, and the next smaller integer, -3, fails",artifacts\phase2\phase2_verified_cot_luna_budget5_v1\raw_responses\sync\p2_r4_audit_train-009488_a_medium_d3a6821a3880.json,e6081cfaeda5834c64d2ff7c117a910e0053a9eb6909e10006203f2100a40f2f
train-009488,low,b,p2_r4_audit_train-009488_b_low_3ef061b18bc2,completed,True,False,True,True,ok,True,False,-2,True,True,solution_below_target_length|not_checked_complex_expression,,,"For \(x=-2\), the inequality is \(-2>-3\), which is true|\(x=-3\) gives \(-6>-4\), which is false.",artifacts\phase2\phase2_verified_cot_luna_budget5_v1\raw_responses\sync\p2_r4_audit_train-009488_b_low_3ef061b18bc2.json,30d6b5837816770892894a407aaae87a879b8462b485e29777b69c9e0f81d62b
train-009488,medium,b,p2_r4_audit_train-009488_b_medium_feeb30339ae3,completed,True,False,True,True,ok,True,False,-2,True,True,not_checked_complex_expression,,,"for \(x=-2\), the inequality becomes \(-2>-3\), which is true|for \(x=-3\), it becomes \(-6>-4\), which is false",artifacts\phase2\phase2_verified_cot_luna_budget5_v1\raw_responses\sync\p2_r4_audit_train-009488_b_medium_feeb30339ae3.json,a16bcfec04c2f0d9ecbd29dac417e00a0bcb299bc3160bc898bcc357860eee32
train-009500,low,a,p2_r4_audit_train-009500_a_low_06318a7bc46d,completed,True,False,True,True,ok,True,False,-20,True,True,not_checked_complex_expression,,,"Let h=\Delta x|By the chain rule, \(f'(x)=\frac{2}{x}+8\), so \(f'(1)=10\)|Since the input changes from 1 to \(1-2h\), the difference quotient is \(\frac{f(1-2h)-f(1)}{h}\to -2f'(1)=-2(10)=-20\)|Independently, \(2\ln(1-2h)/h\to -4\) and \(8[(1-2h)-1]/h=-16\), giving \(-4-16=-20\)",artifacts\phase2\phase2_verified_cot_luna_budget5_v1\raw_responses\sync\p2_r4_audit_train-009500_a_low_06318a7bc46d.json,30e320561e1fc1f4e837809887ef5b7dbeeed193d529c8738faf620a7e68e3cf
train-009500,medium,a,p2_r4_audit_train-009500_a_medium_16ab77ce7739,completed,True,False,True,True,ok,True,False,-20,True,True,not_checked_complex_expression,,,"Let h=-2\Delta x|=-2\frac{f(1+h)-f(1)}{h}\to -2f'(1)|Since \(f'(x)=\frac{2}{x}+8\), we have \(f'(1)=10\)|Therefore the limit is \(-2(10)=-20\)|Using the linear approximation \(f(1-2\Delta x)-f(1)\approx f'(1)(-2\Delta x)=10(-2\Delta x)\), division by \(\Delta x\) gives \(-20\).",artifacts\phase2\phase2_verified_cot_luna_budget5_v1\raw_responses\sync\p2_r4_audit_train-009500_a_medium_16ab77ce7739.json,a6776c9c88206ed88042d84306dd0e2735b2d45c02196d7be574af0ecf4ea516
train-009500,low,b,p2_r4_audit_train-009500_b_low_a2bf21e8b8c8,completed,True,False,True,True,ok,True,False,-20,True,True,not_checked_complex_expression,,,"Let h=\Delta x||\frac{f(1-2h)-f(1)}{h}=\frac{f(1-2h)-f(1)}{-2h}(-2)|f'(x)=\frac{2}{x}+8,\qquad f'(1)=10,|the limit is (-2)(10)=-20|The inner argument changes at rate -2, while f'(1)=10|hence the chain-rule rate is -2\cdot10=-20.",artifacts\phase2\phase2_verified_cot_luna_budget5_v1\raw_responses\sync\p2_r4_audit_train-009500_b_low_a2bf21e8b8c8.json,af5bb9123ea8cc4bc3d6e5fa5011f64e6528ed094e93de03e1cc2aff03f1f50a
train-009500,medium,b,p2_r4_audit_train-009500_b_medium_1ab9f24366bb,completed,True,False,True,True,ok,True,False,-20,True,True,not_checked_complex_expression,,,"Let h=-2\Delta x|\frac{f(1-2\Delta x)-f(1)}{\Delta x}=-2\frac{f(1+h)-f(1)}{h}.|Since \(f'(x)=\frac{2}{x}+8\), we have \(f'(1)=10\), giving \(-2(10)=-20\)|Directly, \(\ln(1-2\Delta x)\sim-2\Delta x\), so the numerator is \(-4\Delta x-16\Delta x+o(\Delta x)=-20\Delta x+o(\Delta x)\), confirming the limit.",artifacts\phase2\phase2_verified_cot_luna_budget5_v1\raw_responses\sync\p2_r4_audit_train-009500_b_medium_1ab9f24366bb.json,aa3ce95d646803c7528cb84ce4f498b6fa681ccaa6cb6bfe6610c113804e1300
train-009839,low,a,p2_r4_audit_train-009839_a_low_8c910cfa81b5,completed,True,False,True,True,unit_or_prose_output,False,True,Maximum = 5; minimum = -15,False,False,unit_or_prose_output|unit_or_prose_output|label_mismatch|not_checked_complex_expression,24+5=-15|36+5=-4,,"\(f'(x)=6x^2-6x-12=6(x-2)(x+1)\)|The only critical point in \([0,3]\) is \(x=2\)|f(0)=5,\qquad f(2)=16-12-24+5=-15,\qquad f(3)=54-27-36+5=-4|Thus, the maximum value is \(5\), attained at \(x=0\), and the minimum value is \(-15\), attained at \(x=2\)|The derivative changes from negative to positive at x=2, confirming a minimum there|endpoint comparison gives the maximum at x=0.",artifacts\phase2\phase2_verified_cot_luna_budget5_v1\raw_responses\sync\p2_r4_audit_train-009839_a_low_8c910cfa81b5.json,7949978ed2a33a95765ef3b2b93f60158ac601e8865bec63619d73938a5f4525
train-009839,medium,a,p2_r4_audit_train-009839_a_medium_e0f08fe1af51,completed,True,False,True,True,unit_or_prose_output,False,True,Maximum = 5; Minimum = -15,False,False,unit_or_prose_output|unit_or_prose_output|label_mismatch|not_checked_complex_expression,-24+5=-15|36+5=-4,,"$f(0)=5$, $f(2)=2(8)-3(4)-24+5=-15$, and $f(3)=54-27-36+5=-4$. Comparing these values, the maximum is $5$ and the minimum is $-15$.|The derivative is negative on $(0,2)$ and positive on $(2,3)$, so $x=2$ is a minimum|endpoint comparison confirms the maximum occurs at $x=0$.",artifacts\phase2\phase2_verified_cot_luna_budget5_v1\raw_responses\sync\p2_r4_audit_train-009839_a_medium_e0f08fe1af51.json,d705a0b55c05a53be67dcbe6576ecc93a83511db7a3356b7e4a9c83b542aa3cb
train-009839,low,b,p2_r4_audit_train-009839_b_low_f66b26ee4800,completed,True,False,True,True,unit_or_prose_output,False,True,Maximum: 5 at x=0; Minimum: -15 at x=2,False,False,unit_or_prose_output|unit_or_prose_output|label_mismatch|not_checked_complex_expression,24+5=-15|36+5=-4,,"f'(x)=6x^2-6x-12=6(x-2)(x+1)|The only critical point in [0,3] is x=2|f(0)=5, f(2)=16-12-24+5=-15, and f(3)=54-27-36+5=-4|Comparing these values, the maximum is 5 at x=0, and the minimum is -15 at x=2|The derivative is negative on (0,2) and positive on (2,3), so x=2 is a local minimum",artifacts\phase2\phase2_verified_cot_luna_budget5_v1\raw_responses\sync\p2_r4_audit_train-009839_b_low_f66b26ee4800.json,8975426024af09bb0e917cc1fefce7d2eb6a1a5fbb3514652f99c67c3da15103
train-009839,medium,b,p2_r4_audit_train-009839_b_medium_0abfa56abb16,completed,True,False,True,True,comma_integer_output,False,True,"(5,-15)",False,False,comma_integer_output|comma_integer_output|label_mismatch|not_checked_complex_expression,24+5=-15|36+5=-4,,"\(f'(x)=6x^2-6x-12=6(x-2)(x+1)\)|The only critical point in \([0,3]\) is \(x=2\)|\(f(0)=5\), \(f(2)=16-12-24+5=-15\), and \(f(3)=54-27-36+5=-4\)|The derivative is negative on \((0,2)\) and positive on \((2,3)\), so \(x=2\) is a minimum|endpoint comparison confirms the maximum at \(x=0\).",artifacts\phase2\phase2_verified_cot_luna_budget5_v1\raw_responses\sync\p2_r4_audit_train-009839_b_medium_0abfa56abb16.json,92aa04e73e80799df165adaccf6d6f4ede12828e13f172f4a5bd6043740bfe52
train-009898,low,a,p2_r4_audit_train-009898_a_low_0aab1cec1cb4,completed,True,False,True,True,scientific_notation_output,False,True,3.24×10^4 J,False,False,scientific_notation_output|scientific_notation_output|label_mismatch|not_checked_complex_expression,,,"V_1=\pi R^2H,\qquad V_2=\pi R^2(H-h)|For an isothermal ideal-gas process, \(pV=p_1V_1\), so the work done on the gas is|W_{\text{on}}=\int_{V_2}^{V_1}\frac{p_1V_1}{V}\,dV|=p_1V_1\ln\left(\frac{V_1}{V_2}\right)|Here, \(V_1=\pi(0.3)^2(1.6)=0.4524\ \mathrm{m^3}\), and \(V_1/V_2=H/(H-h)=2\)|W_{\text{on}}=(103300)(0.4524)\ln 2\approx 3.24\times10^4\ \mathrm{J}.|Since the volume is halved, the isothermal compression work is \(p_1V_1\ln 2\), giving approximately \(46.8\ \mathrm{kJ}\times0.693=32.4\ \mathrm{kJ}\).",artifacts\phase2\phase2_verified_cot_luna_budget5_v1\raw_responses\sync\p2_r4_audit_train-009898_a_low_0aab1cec1cb4.json,ede75c6db736fef120c582413efae619afb6deeebafb494a5e0560465c415da8
train-009898,medium,a,p2_r4_audit_train-009898_a_medium_32afaea9a916,completed,True,False,True,True,scientific_notation_output,False,True,3.24×10^4 J,False,False,scientific_notation_output|scientific_notation_output|label_mismatch|not_checked_complex_expression,,,"The initial and final gas volumes are V_1=\pi R^2H and V_2=\pi R^2(H-h)|For isothermal compression, pV=p_1V_1, so the work required on the gas is|W=p_1V_1\ln\left(\frac{V_1}{V_2}\right)=p_1\pi R^2H\ln\left(\frac{H}{H-h}\right)|Substituting p_1=103300 Pa, R=0.3 m, H=1.6 m, and h=0.8 m gives|W=103300\pi(0.3)^2(1.6)\ln 2\approx3.24\times10^4 J|Since H/(H-h)=1.6/0.8=2, the logarithmic factor is ln 2",artifacts\phase2\phase2_verified_cot_luna_budget5_v1\raw_responses\sync\p2_r4_audit_train-009898_a_medium_32afaea9a916.json,ded597bc553812a2c3004f9ad9206cbab1d27b8de0ec4f2f53435295b0e6d2b0
train-009898,low,b,p2_r4_audit_train-009898_b_low_836c58518b7c,completed,True,False,True,True,scientific_notation_output,False,True,3.24×10^4 J,False,False,scientific_notation_output|scientific_notation_output|label_mismatch|not_checked_complex_expression,,,"The initial gas volume is $V_1=\pi R^2H$, and after compression it is $V_2=\pi R^2(H-h)$. For an isothermal ideal gas, $pV=p_1V_1$, so the work done on the gas is|W_{\rm on}=\int_{V_2}^{V_1}\frac{p_1V_1}{V}\,dV=p_1V_1\ln\!\left(\frac{V_1}{V_2}\right)|Here, $V_1=\pi(0.3)^2(1.6)=0.4524\,\mathrm{m^3}$ and $V_1/V_2=H/(H-h)=2$. Thus|W_{\rm on}=(103300)(0.4524)\ln 2\approx3.24\times10^4\,\mathrm{J}.",artifacts\phase2\phase2_verified_cot_luna_budget5_v1\raw_responses\sync\p2_r4_audit_train-009898_b_low_836c58518b7c.json,8f65f02f53a0a17843b6d363db99a95af016aa895e03284ddcbc2b401a4ff30e
train-009898,medium,b,p2_r4_audit_train-009898_b_medium_0b0c2fffd12f,completed,True,False,True,True,unit_or_prose_output,False,True,3.24×10⁴ J,False,False,unit_or_prose_output|unit_or_prose_output|label_mismatch|not_checked_complex_expression,,,"Initially, the gas volume is V₁=πR²H|After the piston moves inward by h, the volume is V₂=πR²(H-h)|For isothermal compression, pV=p₁V₁, so the work supplied to the gas is W_on=∫_{V₂}^{V₁}(p₁V₁/V)dV=p₁V₁ ln(V₁/V₂)|Substituting p₁=103300 Pa, R=0.3 m, H=1.6 m, and h=0.8 m gives V₁=0.4524 m³ and V₁/V₂=2|Therefore W_on=(103300)(0.4524)ln2≈3.24×10⁴ J",artifacts\phase2\phase2_verified_cot_luna_budget5_v1\raw_responses\sync\p2_r4_audit_train-009898_b_medium_0b0c2fffd12f.json,d8eb4d28bf0a089cc501f7eb9ef466f2e95b9ea98962fb2202f00e10239c1390
train-010017,low,a,p2_r4_audit_train-010017_a_low_dcc9cb2937d5,completed,True,False,True,True,ok,True,False,2842,False,False,label_mismatch|not_checked_complex_expression,1386+504=2842,,"Let Knot’s cards in increasing order be k_1<\cdots<k_5, and Gammadorf’s be g_1<\cdots<g_5=(1,5,10,15,20)|\sum_{a=0}^2\sum_{b=0}^{3-a}\binom3a\binom4b\binom8{5-a-b}|=952+1386+504=2842|The three cases a=0,1,2 contribute 952, 1386, and 504, respectively|their sum is 2842, which is below the total \(\binom{15}{5}=3003\).",artifacts\phase2\phase2_verified_cot_luna_budget5_v1\raw_responses\sync\p2_r4_audit_train-010017_a_low_dcc9cb2937d5.json,19c2096091b38724e93eb4252b8ad42ba5ea53c560c83a6311a1a1d87d41290c
train-010017,medium,a,p2_r4_audit_train-010017_a_medium_2cd3a2f04c04,completed,True,False,True,True,ok,True,False,2982,True,True,not_checked_complex_expression,,,"C(15,5)-C(7,5)=3003-21=2982|C(15,5)=3003 and C(7,5)=21, giving 3003-21=2982.",artifacts\phase2\phase2_verified_cot_luna_budget5_v1\raw_responses\sync\p2_r4_audit_train-010017_a_medium_2cd3a2f04c04.json,deaf7266316b8fddfdf1af436bd6d977e309d32f9b79564e5d40677509a8f07e
train-010017,low,b,p2_r4_audit_train-010017_b_low_778246a9438c,completed,True,False,True,True,ok,True,False,2961,False,False,label_mismatch|not_checked_complex_expression,,,"hands with no card greater than 10 number C(7,5)=21|Hands with exactly one card greater than 5 number 11C(3,4)=33, but 12 of these have no card greater than 10, so they were already counted|Therefore the number of losing hands is 21+33-12=42, and the desired number is C(15,5)-42=3003-42=2961|inclusion-exclusion gives 42, so 3003-42=2961.",artifacts\phase2\phase2_verified_cot_luna_budget5_v1\raw_responses\sync\p2_r4_audit_train-010017_b_low_778246a9438c.json,fbd2d528d1acf40a727525a6904e95aeabed13ac527e2c7378f69560ca61015f
train-010017,medium,b,p2_r4_audit_train-010017_b_medium_f60aadec6a8e,completed,True,False,True,True,ok,True,False,2982,True,True,not_checked_complex_expression,12+6=21,,"Group Knot’s cards into A={2,3,4}, B={6,7,8,9}, C={11,12,13,14}, and D={16,17,18,19}, with counts 3,4,4,4|\(\binom31\binom44=3\)|\(\binom32\binom43=12\)|\(\binom33\binom42=6\)|Hence the desired number is \(\binom{15}{5}-21=3003-21=2982\)|direct counting gives 3+12+6=21.",artifacts\phase2\phase2_verified_cot_luna_budget5_v1\raw_responses\sync\p2_r4_audit_train-010017_b_medium_f60aadec6a8e.json,e8793bbaecd2dc06a636eca46087d46787f99eb671efff8897f7b22deaee37ee
train-010036,low,a,p2_r4_audit_train-010036_a_low_28cd1d185432,completed,True,False,True,True,ok,True,False,271619,True,True,not_checked_complex_expression,,,"For a fixed point with $r=|\mathbf x|$, this condition holds with probability $1$ if $r\le1$, and with probability $1/r$ if $r>1$, since $\mathbf u\cdot\mathbf x=r\cos\theta$ and $|\cos\theta|\le1/r$ has probability $1/r$. By independence, the probability that the point lies in all 2022 slabs is $1$ for $r\le1$ and $r^{-2022}$ for $r>1$. Thus the expected volume is|=4\pi\left(\frac13+\frac1{2019}\right)|=\frac{2696\pi}{2019}.|The integers are relatively prime, so $100a+b=100(2696)+2019=271619$.|The radial tail converges because 2022>3, and simplifying gives $a=2696$, $b=2019$ with gcd $1$.sum",artifacts\phase2\phase2_verified_cot_luna_budget5_v1\raw_responses\sync\p2_r4_audit_train-010036_a_low_28cd1d185432.json,597ddaa04d34af5857076c77ad8abede94d2d79dd4fe2fde64b7ebe36751bb88
train-010036,medium,a,p2_r4_audit_train-010036_a_medium_b095286515ee,completed,True,False,True,True,ok,True,False,271619,True,True,not_checked_complex_expression,2022/2019=674,,"In a fixed direction $v$, the radial distance from the origin in the intersection is $R=1/M$, where $M=\max_i|u_i\cdot v|$. For fixed $v$, each $|u_i\cdot v|$ is uniform on $[0,1]$, so $P(M\le t)=t^{2022}$ and its density is $2022t^{2021}$. Hence|\[E(R^3)=\int_0^1t^{-3}2022t^{2021}\,dt=\frac{2022}{2019}.\]|\[\frac13(4\pi)E(R^3)=\frac{4\pi\cdot2022}{3\cdot2019}=\frac{2696\pi}{2019}.\]|Thus $a=2696$, $b=2019$, and $100a+b=271619$.|Since $2022/2019=674/673$, the volume is $4\pi(674)/(3\cdot673)=2696\pi/2019$, with coprime numerator and denominator.",artifacts\phase2\phase2_verified_cot_luna_budget5_v1\raw_responses\sync\p2_r4_audit_train-010036_a_medium_b095286515ee.json,3b92241c436212f9adb4a0c867ef9bc4f09a287d13adbba925c8c0f8038e82b6
train-010036,low,b,p2_r4_audit_train-010036_b_low_805fc9deefaa,completed,True,False,True,True,ok,True,False,269273,False,False,label_mismatch|not_checked_complex_expression,,,"Let n=2022|For a fixed point x with radius r=|x|, if r\le1 it always lies in the slab|=\frac{4\pi}{3}+\frac{4\pi}{2019}|=\frac{2696\pi}{673}.|Thus a=2696 and b=673, which are relatively prime, giving 100a+b=269273|Also, 4(1/3+1/2019)=4(674/673)=2696/673, confirming the fraction.",artifacts\phase2\phase2_verified_cot_luna_budget5_v1\raw_responses\sync\p2_r4_audit_train-010036_b_low_805fc9deefaa.json,f8e28ea6488ab0946d9dc02c6738cc02f2cc9b4243223b09b1c4e94184a04801
train-010036,medium,b,p2_r4_audit_train-010036_b_medium_4f0e3122303a,completed,True,False,True,True,ok,True,False,271619,True,True,not_checked_complex_expression,,,"=\frac{4\pi}{3}+\frac{4\pi}{2019}|=\frac{2696\pi}{2019}.|Since $2696$ and $2019$ are relatively prime, $a=2696$ and $b=2019$, yielding $100a+b=271619$.|The tail integral is $\int_1^\infty r^{-2020}dr=1/2019$, confirming the denominator and result.",artifacts\phase2\phase2_verified_cot_luna_budget5_v1\raw_responses\sync\p2_r4_audit_train-010036_b_medium_4f0e3122303a.json,4d2aeb3a49dc1682a3fb9cb69d9fbe1d1245150aec04588e470094e517e0296a
train-010446,low,a,p2_r4_audit_train-010446_a_low_7f43666f1d25,completed,True,False,True,True,ok,True,False,-49,True,True,solution_below_target_length|not_checked_complex_expression,,,"\[|6x|+5=47,\]|subtract 5 to obtain \(|6x|=42\)|Dividing by 6 gives \(|x|=7\), so the two solutions are \(x=7\) and \(x=-7\)|\[7(-7)=-49.\]|Both x=7 and x=-7 give |6x|+5=42+5=47, confirming the solutions and product.",artifacts\phase2\phase2_verified_cot_luna_budget5_v1\raw_responses\sync\p2_r4_audit_train-010446_a_low_7f43666f1d25.json,ed368747cc933e56fbc17c15c57d68bb45a4ffd9c5c0cf644ce17c94d7d9798b
train-010446,medium,a,p2_r4_audit_train-010446_a_medium_df4a009fe10e,completed,True,False,True,True,ok,True,False,-49,True,True,solution_below_target_length|not_checked_complex_expression,,,"|6x|=42|Dividing by 6 gives |x|=7, so the two values are x=7 and x=-7|Their product is 7(-7)=-49|Both x=7 and x=-7 give |6x|+5=42+5=47",artifacts\phase2\phase2_verified_cot_luna_budget5_v1\raw_responses\sync\p2_r4_audit_train-010446_a_medium_df4a009fe10e.json,3bbc7676a59c9b397c0df340fa82b24911744bd030ca3b0fa529af74ec855e4e
train-010446,low,b,p2_r4_audit_train-010446_b_low_872bf553ccbd,completed,True,False,True,True,ok,True,False,-49,True,True,solution_below_target_length|not_checked_complex_expression,,,"\(|6x|=42\)|Dividing by 6 gives \(|x|=7\), so the two solutions are \(x=7\) and \(x=-7\)|Their product is \(7(-7)=-49\)|Both solutions give \(|6x|+5=42+5=47\), confirming the product.",artifacts\phase2\phase2_verified_cot_luna_budget5_v1\raw_responses\sync\p2_r4_audit_train-010446_b_low_872bf553ccbd.json,4dbc99825b0fc62551fe75c8d026cf456c84ae9ec11e7081fd5d45908f9f0419
train-010446,medium,b,p2_r4_audit_train-010446_b_medium_7bd8eec9ca94,completed,True,False,True,True,ok,True,False,-49,True,True,solution_below_target_length|not_checked_complex_expression,,,"|6x|=42|Dividing by 6 gives |x|=7, so the two solutions are x=7 and x=-7|Their product is 7(-7)=-49|Substituting x=7 or x=-7 gives |6x|+5=42+5=47, confirming both solutions.",artifacts\phase2\phase2_verified_cot_luna_budget5_v1\raw_responses\sync\p2_r4_audit_train-010446_b_medium_7bd8eec9ca94.json,813959e8f4a8e5268c60fe8d15915a5182b18e6913ba62184f2cd8016109d9a1
train-010503,low,a,p2_r4_audit_train-010503_a_low_5aa728af18f3,completed,True,False,True,True,ok,True,False,-20,False,False,label_mismatch|solution_below_target_length|not_checked_complex_expression,,,"Their power of \(x\) is \(x^{2-3}=x^{-1}\), so this produces the \(\frac1x\) term|=10\cdot\frac14\cdot(-8)=-20|The exponent condition \(5-2k=-1\) gives \(k=3\) uniquely, confirming no other term contributes.",artifacts\phase2\phase2_verified_cot_luna_budget5_v1\raw_responses\sync\p2_r4_audit_train-010503_a_low_5aa728af18f3.json,858b7ec0548ef6dcc4149f67824226e3b859b80383529b8952d74ade8bfc59a8
train-010503,medium,a,p2_r4_audit_train-010503_a_medium_0ba1e2815866,completed,True,False,True,True,ok,True,False,-20,False,False,label_mismatch|solution_below_target_length|not_checked_complex_expression,,,"Choose 3 factors of $-2/x$ and 2 factors of $x/2$. Their power of $x$ is $x^{2-3}=x^{-1}$, so this is the required term|\binom{5}{3}\left(\frac12\right)^2(-2)^3=10\cdot\frac14\cdot(-8)=-20|The exponent condition $5-2k=-1$ gives $k=3$, confirming that exactly three reciprocal factors are needed.",artifacts\phase2\phase2_verified_cot_luna_budget5_v1\raw_responses\sync\p2_r4_audit_train-010503_a_medium_0ba1e2815866.json,cf0756206661b408769bc044e923bf8b0978227fefb4e712e6e54d2a39c414e6
train-010503,low,b,p2_r4_audit_train-010503_b_low_119b8f055028,completed,True,False,True,True,ok,True,False,-20,False,False,label_mismatch|not_checked_complex_expression,,,"Its power of \(x\) is \(5-k-k=5-2k\)|To obtain \(x^{-1}\), solve \(5-2k=-1\), giving \(k=3\)|=10\cdot\frac14\cdot(-8)=-20|As a check, the \(k=3\) term is \(-20/x\), confirming the coefficient|The exponent condition gives the unique choice k=3, and direct multiplication yields -20.",artifacts\phase2\phase2_verified_cot_luna_budget5_v1\raw_responses\sync\p2_r4_audit_train-010503_b_low_119b8f055028.json,37ec69398e38927042f1946ee9347029e7c0eceef44e88c9736e1c8d51272c52
train-010503,medium,b,p2_r4_audit_train-010503_b_medium_fd0d78ca7fdb,completed,True,False,True,True,ok,True,False,-20,False,False,label_mismatch|solution_below_target_length|not_checked_complex_expression,,,"Choose the term containing three factors of $-2/x$ and two factors of $x/2$, since its power of $x$ is $2-3=-1$. Its coefficient is|=10\cdot\frac14\cdot(-8)=-20|The exponent condition $5-2k=-1$ gives $k=3$, confirming the selected term and coefficient.",artifacts\phase2\phase2_verified_cot_luna_budget5_v1\raw_responses\sync\p2_r4_audit_train-010503_b_medium_fd0d78ca7fdb.json,a90de60e733b16998010d6b52450e4bb5943b3cf9c67c4a1cf7648ccf8e39c83
train-010682,low,a,p2_r4_audit_train-010682_a_low_5a5278faa9e3,completed,True,False,True,True,noncanonical_integer_output,False,True,(1) 165; (2) 3968,False,False,noncanonical_integer_output|noncanonical_integer_output|label_mismatch|not_checked_complex_expression,,,"Write the two numbers as A=10t+x and B=10t+y, where x+y=6 and x≥y|Their products at t=1 are 15·11=165, 14·12=168, and 13·13=169, so the smallest lucky number is 165|For the second condition, P=A+B=20t+6 and Q=A-B=x-y|The pair (3,3) gives Q=0|For (5,1), P/Q=(20t+6)/4 is not an integer|For (4,2), P/Q=(20t+6)/2=10t+3|Requiring divisibility by 7 gives 10t+3≡3t+3≡0 (mod 7), hence t=6 among 1≤t≤9|Thus A=64, B=62, and M=64·62=3968|165=15·11 satisfies the digit conditions|Also, 3968=64·62 and P/Q=126/2=63, which is divisible by 7.",artifacts\phase2\phase2_verified_cot_luna_budget5_v1\raw_responses\sync\p2_r4_audit_train-010682_a_low_5a5278faa9e3.json,781fcf512f9e043b592f620d248bd240448dc9089979ce1d709b20a43132e74a
train-010682,medium,a,p2_r4_audit_train-010682_a_medium_b6eef5d8ef5b,completed,True,False,True,True,noncanonical_integer_output,False,True,165; 3968,False,False,noncanonical_integer_output|noncanonical_integer_output|label_mismatch|not_checked_complex_expression,,,"Write the two numbers as A=10t+x and B=10t+y, where 1≤t≤9, x+y=6, and x≥y|Since M has a nonzero unit digit, the possible digit pairs are (x,y)=(5,1),(4,2),(3,3)|The smallest product occurs when t=1|comparing 15×11=165, 14×12=168, and 13×13=169 gives M=165|For the second condition, Q=A-B=x-y and P=A+B=20t+6|The pair (3,3) gives Q=0, while (5,1) gives P/Q=(20t+6)/4, which cannot be an integer multiple of 7|For (4,2), P/Q=(20t+6)/2=10t+3|Requiring divisibility by 7 gives 10t+3≡0 (mod 7), so t=6|Thus A=64, B=62, and M=64×62=3968|For 3968, 64+62=126 and 64-62=2, so P/Q=63=9×7",artifacts\phase2\phase2_verified_cot_luna_budget5_v1\raw_responses\sync\p2_r4_audit_train-010682_a_medium_b6eef5d8ef5b.json,6b01c14960a1bc09993ffa522eee903dabfbfdefb74f9e660c1a0f4f0aa3edfc
train-010682,low,b,p2_r4_audit_train-010682_b_low_a3b648f2e752,completed,True,False,True,True,noncanonical_integer_output,False,True,(1) 165; (2) 3968,False,False,noncanonical_integer_output|noncanonical_integer_output|label_mismatch|not_checked_complex_expression,,,"Write the two factors as A=10t+x and B=10t+y, where x+y=6 and x≥y|For the smallest product, use the smallest tens digit t=1|The possible valid pairs are (x,y)=(5,1),(4,2),(3,3), giving products 15×11=165, 14×12=168, and 13×13=169|For the second part, P=A+B=20t+6 and Q=A-B=x-y=2(x-3)|Since the unit digits must be nonzero and x≥y, the unequal possibilities are (x,y)=(4,2) or (5,1)|For (4,2), P/Q=(20t+6)/2=10t+3|This is divisible by 7 when t=6, giving A=64 and B=62, so M=64×62=3968|For (5,1), P/Q=(10t+3)/2 is not an integer|165=15×11 satisfies the digit conditions, and 3968=64×62 with P/Q=126/2=63, divisible by 7.",artifacts\phase2\phase2_verified_cot_luna_budget5_v1\raw_responses\sync\p2_r4_audit_train-010682_b_low_a3b648f2e752.json,d2ddcfdec0e5cb664603d71814b749e53c7924de36fa9e5b10deec8ea040602c
train-010682,medium,b,p2_r4_audit_train-010682_b_medium_55d53e1cb375,completed,True,False,True,True,noncanonical_integer_output,False,True,(1) 165; (2) 3968,False,False,noncanonical_integer_output|noncanonical_integer_output|label_mismatch|not_checked_complex_expression,,,"Write the two numbers as \(A=10t+x\) and \(B=10t+y\), where \(x+y=6\), \(x\ge y\), and \(t=1,\ldots,9\)|\(13^2=169\), \(14\times12=168\), and \(15\times11=165\), so the smallest lucky number is 165|For the second part, \(P=20t+6\)|The pair \((4,2)\) gives \(Q=2\), so \(P/Q=10t+3\)|Divisibility by 7 requires \(10t+3\equiv0\pmod7\), yielding \(t=6\), hence \(M=64\times62=3968\)|the equal-digit case has \(Q=0\)|For 3968, \(64+62=126\), \(64-62=2\), and \(126/2=63=9\times7\), confirming the condition.",artifacts\phase2\phase2_verified_cot_luna_budget5_v1\raw_responses\sync\p2_r4_audit_train-010682_b_medium_55d53e1cb375.json,b2a4e28a06c606291fdba3970d4988e7d1bb8cd37ac6f85e942558ae39b3fe91
train-010730,low,a,p2_r4_audit_train-010730_a_low_9a3d50328ea3,completed,True,False,True,True,ok,True,False,-10,True,True,solution_below_target_length|not_checked_complex_expression,,,"Let y=x+1, so x=y-1|x^3+x^{10}=(y-1)^3+(y-1)^{10}.|\binom{10}{9}(-1)^{10-9}=10(-1)=-10|Using the Taylor coefficient formula about x=-1, a_9=P^{(9)}(-1)/9!=-10, confirming the result.",artifacts\phase2\phase2_verified_cot_luna_budget5_v1\raw_responses\sync\p2_r4_audit_train-010730_a_low_9a3d50328ea3.json,31f91a311df128feb2aa3f4980dab39a705eb3c2f87afdb459faa02b88a62298
train-010730,medium,a,p2_r4_audit_train-010730_a_medium_eb0560d908cd,completed,True,False,True,True,ok,True,False,-10,True,True,not_checked_complex_expression,,,"Let y=x+1, so x=y-1|\[\binom{10}{9}(-1)=-10.\]|Thus, a_9=-10|Independently, a_9=P^{(9)}(-1)/9!=-10",artifacts\phase2\phase2_verified_cot_luna_budget5_v1\raw_responses\sync\p2_r4_audit_train-010730_a_medium_eb0560d908cd.json,537b810f33f89c33aca43fc428ebb0a848f588d424a87b1c639cca19d6ca0e93
train-010730,low,b,p2_r4_audit_train-010730_b_low_4b6602324082,completed,True,False,True,True,ok,True,False,-10,True,True,solution_below_target_length|not_checked_complex_expression,,,"Let y=x+1, so x=y-1|x^{10}+x^3=(y-1)^{10}+(y-1)^3|\binom{10}{9}(-1)^{10-9}=10(-1)=-10|Therefore, $a_9=-10$. As an independent check, $a_9=f^{(9)}(-1)/9!=-10$.",artifacts\phase2\phase2_verified_cot_luna_budget5_v1\raw_responses\sync\p2_r4_audit_train-010730_b_low_4b6602324082.json,73429ed5ac4850b34f29bfb219d38c0f034e0c6398c2c1805e8a5a70439e6b76
train-010730,medium,b,p2_r4_audit_train-010730_b_medium_37fce385a589,completed,True,False,True,True,ok,True,False,-10,True,True,not_checked_complex_expression,,,"Let y=x+1, so x=y-1|x^{10}+x^3=(y-1)^{10}+(y-1)^3|The coefficient of \(y^9\) in \((y-1)^{10}\) is \(\binom{10}{9}(-1)=-10\), while \((y-1)^3\) has no \(y^9\) term|Since \(y^9=(x+1)^9\), it follows that \(a_9=-10\)|Independently, \(a_9=f^{(9)}(-1)/9!=-10\), confirming the result|Using the derivative formula gives \(f^{(9)}(-1)/9!=-10\), matching the binomial expansion.",artifacts\phase2\phase2_verified_cot_luna_budget5_v1\raw_responses\sync\p2_r4_audit_train-010730_b_medium_37fce385a589.json,79fa600e196e6dcbc449a3124814400151805a44bb3d13ec0e4ebd82c34a429c
train-010854,low,a,p2_r4_audit_train-010854_a_low_575cfb522754,completed,True,False,True,True,unit_or_prose_output,False,True,106000 gallons,False,False,unit_or_prose_output|unit_or_prose_output|label_mismatch|solution_below_target_length|not_checked_complex_expression,265 × 400 = 106|20×400 = 8|35×400 = 42|70×400 = 56,,"20 + 3(35) + 2(70) = 265 gallons per mile|For 400 miles, the required fuel is 265 × 400 = 106,000 gallons|20×400 = 8,000, 3×35×400 = 42,000, and 2×70×400 = 56,000",artifacts\phase2\phase2_verified_cot_luna_budget5_v1\raw_responses\sync\p2_r4_audit_train-010854_a_low_575cfb522754.json,0babe165a7a3df21897ef9562517d4d17a4d72c26b04cd942ddb45726bb4a788
train-010854,medium,a,p2_r4_audit_train-010854_a_medium_3e45f9e5c622,completed,True,False,True,True,unit_or_prose_output,False,True,106000 gallons,False,False,unit_or_prose_output|unit_or_prose_output|label_mismatch|solution_below_target_length|not_checked_complex_expression,265 × 400 = 106|20 × 400 = 8|3 × 400 = 42|2 × 400 = 56,,"There are 30 + 5 = 35 people and 35 × 2 = 70 bags|The fuel rate is therefore 20 + (35 × 3) + (70 × 2) = 265 gallons per mile|For 400 miles, the plane needs 265 × 400 = 106,000 gallons|20 × 400 = 8,000, 35 × 3 × 400 = 42,000, and 70 × 2 × 400 = 56,000",artifacts\phase2\phase2_verified_cot_luna_budget5_v1\raw_responses\sync\p2_r4_audit_train-010854_a_medium_3e45f9e5c622.json,77c44de8cec50c24f12bf3ca9e0f273c1c30e1240baf9b7efddfd129da40d900
train-010854,low,b,p2_r4_audit_train-010854_b_low_72e62721af1e,completed,True,False,True,True,comma_integer_output,False,True,"106,000 gallons",False,False,comma_integer_output|comma_integer_output|label_mismatch|not_checked_complex_expression,105 + 140 = 265|265 × 400 = 106|70×400 = 8,,"Each person brings two bags, giving 35 × 2 = 70 bags|The fuel rate is therefore 20 + 3(35) + 2(70) = 20 + 105 + 140 = 265 gallons per mile|For 400 miles, the required fuel is 265 × 400 = 106,000 gallons|Independently grouping the additions gives 20×400 + 3×35×400 + 2×70×400 = 8,000 + 42,000 + 56,000 = 106,000 gallons.",artifacts\phase2\phase2_verified_cot_luna_budget5_v1\raw_responses\sync\p2_r4_audit_train-010854_b_low_72e62721af1e.json,c1278f719d3373dbb3245b25aa6c4ec8674c5a241a7c12dcbd7b8551a8f575af
train-010854,medium,b,p2_r4_audit_train-010854_b_medium_2c287a1128e8,completed,True,False,True,True,unit_or_prose_output,False,True,106000 gallons,False,False,unit_or_prose_output|unit_or_prose_output|label_mismatch|not_checked_complex_expression,105 + 140 = 265|265 × 400 = 106|20 × 400 = 8|35 × 400 = 42|70 × 400 = 56,,"Each person brings two bags, giving 35 × 2 = 70 bags|The fuel rate is therefore 20 + 3(35) + 2(70) = 20 + 105 + 140 = 265 gallons per mile|For 400 miles, the required fuel is 265 × 400 = 106,000 gallons|Separately, the trip uses 20 × 400 = 8,000 gallons for the empty plane, 3 × 35 × 400 = 42,000 for people, and 2 × 70 × 400 = 56,000 for bags",artifacts\phase2\phase2_verified_cot_luna_budget5_v1\raw_responses\sync\p2_r4_audit_train-010854_b_medium_2c287a1128e8.json,75efb9a323d28872ae7b3667d03f6babbb9ee336448e8e5e7326d026aa38791a
train-010923,low,a,p2_r4_audit_train-010923_a_low_e309e35773b0,completed,True,False,True,True,ok,True,False,764,False,False,label_mismatch|not_checked_complex_expression,,,"Symmetry therefore means that the map g(r)=9-f(r) satisfies g(g(r))=r|Then I_n=I_{n-1}+(n-1)I_{n-2}, with I_0=I_1=1|This gives I_2=2, I_3=4, I_4=10, I_5=26, I_6=76, I_7=232, and I_8=764|Using the recurrence directly, I_8=I_7+7I_6=232+7(76)=764.",artifacts\phase2\phase2_verified_cot_luna_budget5_v1\raw_responses\sync\p2_r4_audit_train-010923_a_low_e309e35773b0.json,d698cc0b396ca0aa3fa95a739d47978b630240ed6ec1049d218f6100871b1723
train-010923,medium,a,p2_r4_audit_train-010923_a_medium_3f65d0039825,completed,True,False,True,True,ok,True,False,139448,True,True,not_checked_complex_expression,91728+20475=139448,,\sum_{j=0}^{4}\binom{28}{j}\binom{8}{8-2j}|=1+784+26460+91728+20475=139448,artifacts\phase2\phase2_verified_cot_luna_budget5_v1\raw_responses\sync\p2_r4_audit_train-010923_a_medium_3f65d0039825.json,81b39750631caa381dce54e4b91548d10eb15623400993965a8124a6d6e82413
train-010923,low,b,p2_r4_audit_train-010923_b_low_6b52559010e6,completed,True,False,True,True,ok,True,False,764,False,False,label_mismatch|not_checked_complex_expression,420+105=764,,"\sum_{k=0}^{4}\frac{8!}{2^k k!(8-2k)!}=1+28+210+420+105=764|The involution counts for n=8 satisfy I_8=I_7+7I_6=232+7(76)=764, confirming the sum.",artifacts\phase2\phase2_verified_cot_luna_budget5_v1\raw_responses\sync\p2_r4_audit_train-010923_b_low_6b52559010e6.json,33baf7e5ad1224eee8629fdd7d4e68775e91b0afbcaa573279d9c96f00ca81b0
train-010923,medium,b,p2_r4_audit_train-010923_b_medium_a8ae493e5903,completed,True,False,True,True,ok,True,False,764,False,False,label_mismatch|not_checked_complex_expression,420+105=764,,"Define q(r)=9-p(r)|Symmetry implies q(q(r))=r, so q is an involution on 8 elements|\sum_{k=0}^4\frac{8!}{2^k k!(8-2k)!}=1+28+210+420+105=764",artifacts\phase2\phase2_verified_cot_luna_budget5_v1\raw_responses\sync\p2_r4_audit_train-010923_b_medium_a8ae493e5903.json,505303294dcd3e7eeb34e9ce0c1566d31876adc307842dc8fdf1834d69d0eed7
train-011027,low,a,p2_r4_audit_train-011027_a_low_7fd8a53030bb,completed,True,False,True,True,unit_or_prose_output,False,True,Not uniquely determined,False,False,unit_or_prose_output|unit_or_prose_output|label_mismatch|not_checked_complex_expression,,,"Let the paths be the horizontal lines y=±X/2, and let d be the walkers’ horizontal separation|At first tangency, d=200|m^2=2500(1+d^2/X^2)|After t seconds, d=200+2t and m increases by 2t|t=\frac{A+200r^2}{1-r^2},\qquad A=50\sqrt{1+16r^2},\quad r=50/X|Since the numerator-plus-denominator condition permits t=162, 161/2, and 160/3 (all in lowest terms and all >50), these produce different values of X",artifacts\phase2\phase2_verified_cot_luna_budget5_v1\raw_responses\sync\p2_r4_audit_train-011027_a_low_7fd8a53030bb.json,63524640fc7342d8f10e70591b58959edc0cde6782358a466bbd00e4164a1811
train-011027,medium,a,p2_r4_audit_train-011027_a_medium_538d8326cdd5,incomplete,False,True,False,False,response_incomplete:max_output_tokens,False,False,,False,False,response_incomplete:max_output_tokens,,,,artifacts\phase2\phase2_verified_cot_luna_budget5_v1\raw_responses\sync\p2_r4_audit_train-011027_a_medium_538d8326cdd5.json,25c00818b2fb4e3778327bf39345c0725beaf693384aa6509caa0bcf3fda1566
train-011027,low,b,p2_r4_audit_train-011027_b_low_d8296535737d,completed,True,False,True,True,unit_or_prose_output,False,True,Not uniquely determined,False,False,unit_or_prose_output|unit_or_prose_output|label_mismatch|not_checked_complex_expression,,,"The information does not determine a unique value of $X$. If $d=200-2t$ is the longitudinal separation after time $t$, tangency of the line of sight to the radius-$50$ building gives|2t=\frac{50}{X}\left(\sqrt{X^2+200^2}+\sqrt{X^2+(200-2t)^2}\right)|The condition that $t=p/q$ in lowest terms has $p+q=163$ still allows many values of $t$ (for example, $t=161/2$ and $t=160/3$)",artifacts\phase2\phase2_verified_cot_luna_budget5_v1\raw_responses\sync\p2_r4_audit_train-011027_b_low_d8296535737d.json,9ed8798e9f9ebdf9d2e3980596fa2fe5360416d4a6f2da80381d7ef200548826
train-011027,medium,b,p2_r4_audit_train-011027_b_medium_f4ebac7409ed,incomplete,False,True,False,False,response_incomplete:max_output_tokens,False,False,,False,False,response_incomplete:max_output_tokens,,,,artifacts\phase2\phase2_verified_cot_luna_budget5_v1\raw_responses\sync\p2_r4_audit_train-011027_b_medium_f4ebac7409ed.json,04a65dfc8df161d0e14e53de122baa13a11c3e6d6c5867df437a4407c754a847
train-011098,low,a,p2_r4_audit_train-011098_a_low_1db2c05bbaa3,completed,True,False,True,True,unit_or_prose_output,False,True,Does not exist,False,False,unit_or_prose_output|unit_or_prose_output|label_mismatch|solution_below_target_length|not_checked_complex_expression,,,"Since b=2a and a>1, we have b=2a>a|From b=2a with a>1, b>a directly, confirming the contradiction with a\ge b.",artifacts\phase2\phase2_verified_cot_luna_budget5_v1\raw_responses\sync\p2_r4_audit_train-011098_a_low_1db2c05bbaa3.json,381ea97f85fa97fce53631fa5f53344ef069c5416f01b44e94ed63bd910be52f
train-011098,medium,a,p2_r4_audit_train-011098_a_medium_59e4a14b6e3a,completed,True,False,True,True,unit_or_prose_output,False,True,does not exist,False,False,unit_or_prose_output|unit_or_prose_output|label_mismatch|solution_below_target_length|not_checked_complex_expression,,,"Since b=2a and b>1, we have a=b/2>0|But then b=2a>a, contradicting the condition a\ge b|From a\ge b=2a, we get a\le0, while b=2a>1 implies a>0",artifacts\phase2\phase2_verified_cot_luna_budget5_v1\raw_responses\sync\p2_r4_audit_train-011098_a_medium_59e4a14b6e3a.json,9eccfc241bae68f28d804411cb4be01355a5bee85cc18c3cf589d64064744140
train-011098,low,b,p2_r4_audit_train-011098_b_low_4440885124a2,completed,True,False,True,True,unit_or_prose_output,False,True,does not exist,False,False,unit_or_prose_output|unit_or_prose_output|label_mismatch|not_checked_complex_expression,,,"Since $b=2a$ and $a\ge b$, we have $a\ge 2a$, so $a\le 0$. But logarithm bases must be positive, and the condition $b>1$ directly implies $b>0$|together with $b=2a$, this gives $a=b/2>0$, a contradiction|From $b>1$ and $b=2a$, $a>1/2$, which contradicts $a\ge b=2a$ and hence $a\le0$.",artifacts\phase2\phase2_verified_cot_luna_budget5_v1\raw_responses\sync\p2_r4_audit_train-011098_b_low_4440885124a2.json,267f657a3f72b0eb053972c8d03da67e44bc03d6894a5ff8cbaa7a9820249e49
train-011098,medium,b,p2_r4_audit_train-011098_b_medium_e796a6fd92c0,completed,True,False,True,True,unit_or_prose_output,False,True,Does not exist,False,False,unit_or_prose_output|unit_or_prose_output|label_mismatch|solution_below_target_length|not_checked_complex_expression,,,"Since b=2a and b>1, we have a=b/2>0|Equivalently, b=2a implies b>a for a>0, directly contradicting a\ge b.",artifacts\phase2\phase2_verified_cot_luna_budget5_v1\raw_responses\sync\p2_r4_audit_train-011098_b_medium_e796a6fd92c0.json,b6883676954ac6eddba750d58540fe9dd7b71c3f44248bcc3797e7993781dca1
train-011115,low,a,p2_r4_audit_train-011115_a_low_dc3696ad4fb5,completed,True,False,True,True,unit_or_prose_output,False,True,6000 gallons,False,False,unit_or_prose_output|unit_or_prose_output|label_mismatch|not_checked_complex_expression,,,"On the first day, Wanda pumped \(\frac14(18{,}000)=4{,}500\) gallons|B pumped \(\frac34(4{,}500)=3{,}375\) gallons|On the second day, Wanda pumped \(\frac23(4{,}500)=3{,}000\) gallons, and Ms|B pumped \(\frac13(3{,}375)=1{,}125\) gallons|4{,}500+3{,}375+3{,}000+1{,}125=12{,}000\text{ gallons}.|Therefore, the amount remaining is \(18{,}000-12{,}000=6{,}000\) gallons",artifacts\phase2\phase2_verified_cot_luna_budget5_v1\raw_responses\sync\p2_r4_audit_train-011115_a_low_dc3696ad4fb5.json,6c0710e1b831c47c2a9a51377667292caf9e99825fb64b664107f33450314bbe
train-011115,medium,a,p2_r4_audit_train-011115_a_medium_35b84e6d178f,completed,True,False,True,True,unit_or_prose_output,False,True,6000 gallons,False,False,unit_or_prose_output|unit_or_prose_output|label_mismatch|not_checked_complex_expression,,,"On the first day, Wanda pumped \(\frac14(18{,}000)=4{,}500\) gallons, and Ms|B pumped \(\frac34(4{,}500)=3{,}375\) gallons|On the second day, Wanda pumped \(\frac23(4{,}500)=3{,}000\) gallons, while Ms|B pumped \(\frac13(3{,}375)=1{,}125\) gallons|Thus, the total pumped was \(4{,}500+3{,}375+3{,}000+1{,}125=12{,}000\) gallons, so the amount remaining is \(18{,}000-12{,}000=6{,}000\) gallons",artifacts\phase2\phase2_verified_cot_luna_budget5_v1\raw_responses\sync\p2_r4_audit_train-011115_a_medium_35b84e6d178f.json,15b59a585d6ab0a6fbd30170eae677e8c3739e25f31dbdfc1725376706b3884d
train-011115,low,b,p2_r4_audit_train-011115_b_low_2ef32c484c8d,completed,True,False,True,True,unit_or_prose_output,False,True,6000 gallons,False,False,unit_or_prose_output|unit_or_prose_output|label_mismatch|abnormal_unicode|not_checked_complex_expression,3000 + 1125 = 12000,,"Wanda pumped 80000 = 4500 gallons on the first day|0.75 4500 = 3375 gallons|On the second day, Wanda pumped 2/3 4500 = 3000 gallons, and Ms|B pumped 1/3 43375 = 1125 gallons|Thus, the total pumped was 4500 + 3375 + 3000 + 1125 = 12000 gallons|The amount remaining is 18000 - 12000 = 6000 gallons",artifacts\phase2\phase2_verified_cot_luna_budget5_v1\raw_responses\sync\p2_r4_audit_train-011115_b_low_2ef32c484c8d.json,89b4ca8ca20ae03038eb791aa7657a95aa4685cea5e1c51645a4c8477466e130
train-011115,medium,b,p2_r4_audit_train-011115_b_medium_e2eea45d8175,completed,True,False,True,True,ok,True,False,6000,True,True,not_checked_complex_expression,,,"On day one, Wanda pumped \(\frac14(18{,}000)=4{,}500\) gallons, and Ms|B pumped \(\frac34(4{,}500)=3{,}375\) gallons|On day two, Wanda pumped \(\frac23(4{,}500)=3{,}000\) gallons, while Ms|B pumped \(\frac13(3{,}375)=1{,}125\) gallons|Thus, the total pumped was \(4{,}500+3{,}375+3{,}000+1{,}125=12{,}000\) gallons, leaving \(18{,}000-12{,}000=6{,}000\) gallons|The day-two total is 3,000+1,125=4,125 gallons|adding day one’s 7,875 gives 12,000, and 18,000-12,000=6,000.",artifacts\phase2\phase2_verified_cot_luna_budget5_v1\raw_responses\sync\p2_r4_audit_train-011115_b_medium_e2eea45d8175.json,e7c6d65930395e0a0fbe872da7130e4d5f2a777ffd4123f60e4ba0b3d4fc86cf
train-011266,low,a,p2_r4_audit_train-011266_a_low_12ef9063dc65,completed,True,False,True,True,ok,True,False,4045,False,False,label_mismatch|not_checked_complex_expression,,,"Let n=2023|Thus the two observed times uniquely identify i and j, so every correspondence is determined after n+(n-1)=2n-1 minutes|With n=2023, the minimum is 4045 minutes",artifacts\phase2\phase2_verified_cot_luna_budget5_v1\raw_responses\sync\p2_r4_audit_train-011266_a_low_12ef9063dc65.json,e0fee5d718819a827261fc06c61db93a7be5770fde0bc60c0f35d5f8ea9cc727
train-011266,medium,a,p2_r4_audit_train-011266_a_medium_d0e818d86081,completed,True,False,True,True,unit_or_prose_output,False,True,4044 minutes,False,False,unit_or_prose_output|unit_or_prose_output|label_mismatch|not_checked_complex_expression,,,"Let n=2023|Hence at least n-2 switches must be turned off, requiring at least n+(n-2)=2n-2 moves|Therefore the minimum time is 2(2023)-2=4044 minutes",artifacts\phase2\phase2_verified_cot_luna_budget5_v1\raw_responses\sync\p2_r4_audit_train-011266_a_medium_d0e818d86081.json,11c51027d38b4b623d2255d793d7e2b86e79a092e5d996ae2a4da1d17e01e892
train-011266,low,b,p2_r4_audit_train-011266_b_low_45a43179ae59,completed,True,False,True,True,ok,True,False,4045,False,False,label_mismatch|not_checked_complex_expression,,,Let n=2023|Hence the minimum time is 2(2023)-1=4045 minutes,artifacts\phase2\phase2_verified_cot_luna_budget5_v1\raw_responses\sync\p2_r4_audit_train-011266_b_low_45a43179ae59.json,008c6145e39f49b5b42b0ce5ae7df561befdebc0c3400dbeac241b316b6fe944
train-011266,medium,b,p2_r4_audit_train-011266_b_medium_f02b2352f40c,completed,True,False,True,True,ok,True,False,4044,True,True,not_checked_complex_expression,,,"Thus there are at least n+(n-2)=2n-2 changes|With n=2023, the minimum is 2n-2=4044 minutes|The construction uses 2023+2021=4044 changes, and the lower bound gives 2·2023-2=4044.",artifacts\phase2\phase2_verified_cot_luna_budget5_v1\raw_responses\sync\p2_r4_audit_train-011266_b_medium_f02b2352f40c.json,6bdd72127ed507e67551d994e44178032b97be448feebecd9fe214c7f9a6e11c
train-011275,low,a,p2_r4_audit_train-011275_a_low_32b9de1d09a0,completed,True,False,True,True,unit_or_prose_output,False,True,x^5+5x^4-9x^3-22x^2-51x-171,False,False,unit_or_prose_output|unit_or_prose_output|label_mismatch|not_checked_complex_expression,,,"As a check, evaluating the original polynomial at x=3 gives -501, confirming the remainder|At x=3, the original polynomial equals -501, matching the computed remainder.",artifacts\phase2\phase2_verified_cot_luna_budget5_v1\raw_responses\sync\p2_r4_audit_train-011275_a_low_32b9de1d09a0.json,57deadc0957335dc0c984855683cea7bba00edae0622bfb64e9db91866063ef2
train-011275,medium,a,p2_r4_audit_train-011275_a_medium_1421d3ea286a,completed,True,False,True,True,unit_or_prose_output,False,True,x^5 + 5x^4 - 9x^3 - 22x^2 - 51x - 171,False,False,unit_or_prose_output|unit_or_prose_output|label_mismatch|not_checked_complex_expression,,,"Evaluating the original polynomial at x = 3 gives -501, matching the remainder",artifacts\phase2\phase2_verified_cot_luna_budget5_v1\raw_responses\sync\p2_r4_audit_train-011275_a_medium_1421d3ea286a.json,34f389b8100f91b35a001139250ce0bbe7a66ec862e862fa55e5f53046e8fbc4
train-011275,low,b,p2_r4_audit_train-011275_b_low_453154e38421,completed,True,False,True,True,unit_or_prose_output,False,True,x^5+5x^4-9x^3-22x^2-51x-171,False,False,unit_or_prose_output|unit_or_prose_output|label_mismatch,,,,artifacts\phase2\phase2_verified_cot_luna_budget5_v1\raw_responses\sync\p2_r4_audit_train-011275_b_low_453154e38421.json,92b4e10f22a489ff7f7d66d3f1775f3f440bd3341de4421987d36aa5491e2c17
train-011275,medium,b,p2_r4_audit_train-011275_b_medium_d3128827986d,completed,True,False,True,True,unit_or_prose_output,False,True,x^5+5x^4-9x^3-22x^2-51x-171,False,False,unit_or_prose_output|unit_or_prose_output|label_mismatch|not_checked_complex_expression,,,"Evaluating the original polynomial at x=3 gives -501, matching the remainder.",artifacts\phase2\phase2_verified_cot_luna_budget5_v1\raw_responses\sync\p2_r4_audit_train-011275_b_medium_d3128827986d.json,2afdaca8663abc19687552e3cd4a0ced0346502743092d850f08508b7d37af31
train-011721,low,a,p2_r4_audit_train-011721_a_low_ebf2588e926e,completed,True,False,True,True,ok,True,False,693147,False,False,label_mismatch|not_checked_complex_expression,,,"693147+306853=1000000, matching the full range n≤10^6.",artifacts\phase2\phase2_verified_cot_luna_budget5_v1\raw_responses\sync\p2_r4_audit_train-011721_a_low_ebf2588e926e.json,116744cdea9f19762cdd0ca6b43ff7270be31b5313d964eddd77b2ceb007dc1c
train-011721,medium,a,p2_r4_audit_train-011721_a_medium_92753effc2d4,incomplete,False,True,False,False,response_incomplete:max_output_tokens,False,False,,False,False,response_incomplete:max_output_tokens,,,,artifacts\phase2\phase2_verified_cot_luna_budget5_v1\raw_responses\sync\p2_r4_audit_train-011721_a_medium_92753effc2d4.json,a44ae799ac07d6b62bb2f83db58694d9637680de125bef87ebf6c6e5705e4862
train-011721,low,b,p2_r4_audit_train-011721_b_low_3d23c4084df9,completed,True,False,True,True,ok,True,False,693158,False,False,label_mismatch|not_checked_complex_expression,,,"Therefore the requested count is 10^6-306,842=693,158",artifacts\phase2\phase2_verified_cot_luna_budget5_v1\raw_responses\sync\p2_r4_audit_train-011721_b_low_3d23c4084df9.json,925881094a545729af7bfda2cf03e2821fcd972392639409f8651359d513b953
train-011721,medium,b,p2_r4_audit_train-011721_b_medium_d70112fda0c7,completed,True,False,True,True,ok,True,False,693147,False,False,label_mismatch|not_checked_complex_expression,,,"Since \(n^2+1\) is of size \(n^2\), this is the usual \(y\)-smoothness event with \(x\approx n^2\) and \(y=n\), so \(u=\log x/\log y\approx2\)|The Dickman estimate gives its proportion as \(\rho(2)=1-\log 2\approx0.3068528\)|Therefore the desired proportion is \(1-\rho(2)=\log2\), and for \(10^6\) integers the estimate is \(10^6\log2\approx693147.18\)|\((1-\log2)+\log2=1\).",artifacts\phase2\phase2_verified_cot_luna_budget5_v1\raw_responses\sync\p2_r4_audit_train-011721_b_medium_d70112fda0c7.json,b4e422ccef320db2e2f6aa5aa1086ce017845fb851e221d05859888a0a70b228
train-012372,low,a,p2_r4_audit_train-012372_a_low_3559bd02e6cf,completed,True,False,True,True,ok,True,False,222480,True,True,not_checked_complex_expression,10-1=309|10-1=309,,"Since they must all differ, there are \(6P5=6\cdot5\cdot4\cdot3\cdot2=720\) choices|=720-600+240-60+10-1=309|Thus the total is \(720\cdot309=222480\)|The inclusion-exclusion terms are 720, 600, 240, 60, 10, and 1, giving 720-600+240-60+10-1=309",artifacts\phase2\phase2_verified_cot_luna_budget5_v1\raw_responses\sync\p2_r4_audit_train-012372_a_low_3559bd02e6cf.json,543245f152c01cd0db436dfaf7f4707da471a7b6266224a9d2fece254e8edd02
train-012372,medium,a,p2_r4_audit_train-012372_a_medium_e2e929a09e1d,completed,True,False,True,True,ok,True,False,222480,True,True,not_checked_complex_expression,10-1=309,,"there are \(6\cdot5\cdot4\cdot3\cdot2=P(6,5)=720\) choices|\sum_{k=0}^{5}(-1)^k\binom5kP(6-k,5-k)|=720-600+240-60+10-1=309|Therefore the total number of colorings is \(720\cdot309=222480\)",artifacts\phase2\phase2_verified_cot_luna_budget5_v1\raw_responses\sync\p2_r4_audit_train-012372_a_medium_e2e929a09e1d.json,0710d7620fbf0942373149aa83c991d5ba1d6e855530155a02060e5d2af6eb47
train-012372,low,b,p2_r4_audit_train-012372_b_low_b2e32923d096,completed,True,False,True,True,ok,True,False,222480,True,True,not_checked_complex_expression,10-1=309,,"\((6)_5=6\cdot5\cdot4\cdot3\cdot2=720\) choices|There are \((6)_5=720\) unrestricted assignments, and for each selected set of \(k\) positions forced to match its uppercase color, the remaining assignments number \((6-k)_{5-k}\)|\sum_{k=0}^5(-1)^k\binom5k(6-k)_{5-k}|=720-600+240-60+10-1=309|Therefore the total number of writings is \(720\cdot309=222480\)",artifacts\phase2\phase2_verified_cot_luna_budget5_v1\raw_responses\sync\p2_r4_audit_train-012372_b_low_b2e32923d096.json,280cdb24f279f416f980424539d1483926a1504b3a410ac3fe876ab82e1f0e71
train-012372,medium,b,p2_r4_audit_train-012372_b_medium_22d0d1e34ca6,completed,True,False,True,True,ok,True,False,208080,False,False,label_mismatch|not_checked_complex_expression,10-1=289,,"this can be done in \(6\cdot5\cdot4\cdot3\cdot2=720\) ways|\sum_{k=0}^{5}(-1)^k\binom5k P(6-k,5-k)|=720-600+240-60+10-1=289|Therefore, the total number of colorings is \(720\cdot289=208080\)|The inclusion-exclusion terms give 289 valid lowercase sequences for every uppercase sequence, and \(289\times720=208080\).",artifacts\phase2\phase2_verified_cot_luna_budget5_v1\raw_responses\sync\p2_r4_audit_train-012372_b_medium_22d0d1e34ca6.json,b4c88cc5fe243f88021121fd5d630fc58052a0513be04c5294aca989ed030380
train-012517,low,a,p2_r4_audit_train-012517_a_low_fc711dbcc769,completed,True,False,True,True,ok,True,False,0,True,True,not_checked_complex_expression,,,"Both coefficients are zero here, since the next nonzero term is 42x^{2017}. Thus \sum r_i=0 and \sum_{i<j}r_ir_j=0|\sum_i r_i^2=\left(\sum_i r_i\right)^2-2\sum_{i<j}r_ir_j=0|Newton's identities give p_1=0 and p_2+c_1p_1+2c_2=0|with c_1=c_2=0, p_2=0.",artifacts\phase2\phase2_verified_cot_luna_budget5_v1\raw_responses\sync\p2_r4_audit_train-012517_a_low_fc711dbcc769.json,44c7fdd445a74da85a853c79333b6769904bdf921134d19b2c799bfdef2efd4d
train-012517,medium,a,p2_r4_audit_train-012517_a_medium_0d62b18738a5,completed,True,False,True,True,ok,True,False,0,True,True,not_checked_complex_expression,,,"\sum r_i=-[x^{2019}]=0,|\qquad \sum_{i<j}r_ir_j=[x^{2018}]=0,|\sum r_i^2=\left(\sum r_i\right)^2-2\sum_{i<j}r_ir_j=0^2-2(0)=0|Newton’s second identity gives p_2+a_1p_1+2a_2=0|here a_1=a_2=0, so p_2=0.",artifacts\phase2\phase2_verified_cot_luna_budget5_v1\raw_responses\sync\p2_r4_audit_train-012517_a_medium_0d62b18738a5.json,6095419d1aa6af64c808ddaf380129df3259e2ee7896a682435e49412b1cf904
train-012517,low,b,p2_r4_audit_train-012517_b_low_8b3db925a64b,completed,True,False,True,True,ok,True,False,0,True,True,not_checked_complex_expression,,,"By Viète's formulas, \(\sum_i r_i=0\) and \(\sum_{i<j}r_ir_j=0\)|\sum_i r_i^2=\left(\sum_i r_i\right)^2-2\sum_{i<j}r_ir_j=0^2-2(0)=0|Newton's identity gives \(p_2+a_1p_1+2a_2=0\)|here \(a_1=a_2=0\), so \(p_2=0\).",artifacts\phase2\phase2_verified_cot_luna_budget5_v1\raw_responses\sync\p2_r4_audit_train-012517_b_low_8b3db925a64b.json,edfd71535b74dd29bf348137a0b3c63152c3dd7603fe1696e6033a7aa7caf969
train-012517,medium,b,p2_r4_audit_train-012517_b_medium_b07c90544bc1,completed,True,False,True,True,ok,True,False,0,True,True,not_checked_complex_expression,,,"\sum r_i^2+a_1\sum r_i+2a_2=0|Here, the coefficients of x^{2019} and x^{2018} are both zero, so a_1=a_2=0|\sum_{i=1}^{2020}r_i^2=0|Vieta gives \(\sum r_i=-a_1=0\) and \(\sum_{i<j}r_ir_j=a_2=0\)|hence \(\sum r_i^2=(\sum r_i)^2-2\sum_{i<j}r_ir_j=0\).",artifacts\phase2\phase2_verified_cot_luna_budget5_v1\raw_responses\sync\p2_r4_audit_train-012517_b_medium_b07c90544bc1.json,70c24d7b0c8cadaa6719c0e6251f8b8bf3bb0d2b8bf6948cea8de1691a571cc0
train-012610,low,a,p2_r4_audit_train-012610_a_low_b56887e5bf2a,completed,True,False,True,True,ok,True,False,220030,True,True,not_checked_complex_expression,220 + 30 = 220030,,"Using dividend = divisor × quotient + remainder, the number is 1000 × 220 + 30 = 220030",artifacts\phase2\phase2_verified_cot_luna_budget5_v1\raw_responses\sync\p2_r4_audit_train-012610_a_low_b56887e5bf2a.json,eca57658251420ea8b1f8a2311ba58d605f39e30e60c23c803f5c124c2e7a0de
train-012610,medium,a,p2_r4_audit_train-012610_a_medium_56bc7d7e3aef,completed,True,False,True,True,ok,True,False,220030,True,True,solution_below_target_length|not_checked_complex_expression,220 + 30 = 220030,,"Their difference is 555 - 445 = 110, so the quotient is 2 × 110 = 220|Using dividend = divisor × quotient + remainder, the number is 1000 × 220 + 30 = 220030",artifacts\phase2\phase2_verified_cot_luna_budget5_v1\raw_responses\sync\p2_r4_audit_train-012610_a_medium_56bc7d7e3aef.json,c7430052007f6244591ca3281bf5fcb61d73e80819ff71df4beb846533bbbb9c
train-012610,low,b,p2_r4_audit_train-012610_b_low_36efd130c6ee,completed,True,False,True,True,ok,True,False,220030,True,True,not_checked_complex_expression,220 + 30 = 220030,,"Their difference is 555 - 445 = 110, so twice the difference, and hence the quotient, is 220|1000 × 220 + 30 = 220030",artifacts\phase2\phase2_verified_cot_luna_budget5_v1\raw_responses\sync\p2_r4_audit_train-012610_b_low_36efd130c6ee.json,7a0c7e7b9189cadf9e1ae79da62e0f1169d918a8a6ec3017ce959cd8dd794fe5
train-012610,medium,b,p2_r4_audit_train-012610_b_medium_f35142c6ee24,completed,True,False,True,True,ok,True,False,220030,True,True,solution_below_target_length|not_checked_complex_expression,220 + 30 = 220030,,"Their difference is 555 - 445 = 110, so the quotient is 2 × 110 = 220|1000 × 220 + 30 = 220030",artifacts\phase2\phase2_verified_cot_luna_budget5_v1\raw_responses\sync\p2_r4_audit_train-012610_b_medium_f35142c6ee24.json,6bcc7132dedeabdb387e6e04008d2b25edb706c0324b256148a18600a81ad289
train-012663,low,a,p2_r4_audit_train-012663_a_low_506665db4cbf,completed,True,False,True,True,noncanonical_integer_output,False,True,$265.00,False,False,noncanonical_integer_output|noncanonical_integer_output|label_mismatch|not_checked_complex_expression,,,"For the five weekdays, Donna earned $10.00 × 2 hours = $20.00 each morning, for $20.00 × 5 = $100.00|After school, she earned $12.50 × 2 hours = $25.00 per day, for $25.00 × 5 = $125.00|On Saturday, babysitting earned $10.00 × 4 hours = $40.00|Thus, her total earnings over 7 days were $100.00 + $125.00 + $40.00 = $265.00|$45.00 × 5 + $40.00 = $265.00.",artifacts\phase2\phase2_verified_cot_luna_budget5_v1\raw_responses\sync\p2_r4_audit_train-012663_a_low_506665db4cbf.json,85fbc86b4002db2a302a98dc1e82677793d8da0e361f26a0c5add094ba026231
train-012663,medium,a,p2_r4_audit_train-012663_a_medium_fd617f730b24,completed,True,False,True,True,noncanonical_integer_output,False,True,$305.00,False,False,noncanonical_integer_output|noncanonical_integer_output|label_mismatch|not_checked_complex_expression,125 + 40 = 305,,"Donna’s dog-walking earnings were 7 mornings × 2 hours × $10 = $140|Her card-shop earnings were 5 days × 2 hours × $12.50 = $125|Her Saturday babysitting earnings were 4 hours × $10 = $40|Therefore, her total earnings over 7 days were $140 + $125 + $40 = $305|Adding the three independent earnings amounts, 140 + 125 + 40 = 305.",artifacts\phase2\phase2_verified_cot_luna_budget5_v1\raw_responses\sync\p2_r4_audit_train-012663_a_medium_fd617f730b24.json,dee3fb3dfe88e9c4febf2661101716d2ecdf103b82965e9bc8cbbcfdf399ad37
train-012663,low,b,p2_r4_audit_train-012663_b_low_eb1b2299b55c,completed,True,False,True,True,noncanonical_integer_output,False,True,$265,False,False,noncanonical_integer_output|noncanonical_integer_output|label_mismatch|solution_below_target_length|not_checked_complex_expression,,,"Donna’s dog-walking earnings were 5 × 2 × $10 = $100|Her card-shop earnings were 5 × 2 × $12.50 = $125|On Saturday, babysitting earned 4 × $10 = $40|Therefore, her total earnings over 7 days were $100 + $125 + $40 = $265|Adding the daily-category totals, $100 + $125 = $225, and $225 + $40 = $265.",artifacts\phase2\phase2_verified_cot_luna_budget5_v1\raw_responses\sync\p2_r4_audit_train-012663_b_low_eb1b2299b55c.json,2df2feee7a729c6e307987a9ab35b343ffa2ed53319aba2cb1727435950ad34a
train-012663,medium,b,p2_r4_audit_train-012663_b_medium_664c3ae6ca16,completed,True,False,True,True,noncanonical_integer_output,False,True,$265,False,False,noncanonical_integer_output|noncanonical_integer_output|label_mismatch|solution_below_target_length|not_checked_complex_expression,,,"For the five weekdays, Donna earned $10 × 2 × 5 = $100 walking dogs|She earned $12.50 × 2 × 5 = $125 at the card shop|On Saturday, babysitting earned $10 × 4 = $40|Adding these amounts gives $100 + $125 + $40 = $265",artifacts\phase2\phase2_verified_cot_luna_budget5_v1\raw_responses\sync\p2_r4_audit_train-012663_b_medium_664c3ae6ca16.json,d08f3e26e93c2e549b4709a9932e5dd157f599bfbe7b8af8e91900b56d44fe6c
train-012669,low,a,p2_r4_audit_train-012669_a_low_a19b88e0d412,completed,True,False,True,True,ok,True,False,1191960,False,False,label_mismatch|not_checked_complex_expression,,,"8127=3^2\cdot7\cdot43,|\quad11352=2^3\cdot3\cdot11\cdot43,|21672=2^3\cdot3^2\cdot7\cdot43,|\quad27090=2\cdot3^2\cdot5\cdot7\cdot43|\operatorname{lcm}=2^3\cdot3^2\cdot5\cdot7\cdot11\cdot43|Multiplying gives \(8\cdot9\cdot5\cdot7\cdot11\cdot43=1,191,960\)",artifacts\phase2\phase2_verified_cot_luna_budget5_v1\raw_responses\sync\p2_r4_audit_train-012669_a_low_a19b88e0d412.json,afbf73508a1d97a0030f543809b302d723db35bc8a9ac33a53b5b7b819e2de6c
train-012669,medium,a,p2_r4_audit_train-012669_a_medium_f1ce771a8063,completed,True,False,True,True,ok,True,False,3575880,True,True,not_checked_complex_expression,,,"8127=3^3\cdot7\cdot43,\quad 11352=2^3\cdot3\cdot11\cdot43,|21672=2^3\cdot3^3\cdot7\cdot43,\quad 27090=2\cdot3^3\cdot5\cdot7\cdot43|\operatorname{lcm}=2^3\cdot3^3\cdot5\cdot7\cdot11\cdot43=3,575,880",artifacts\phase2\phase2_verified_cot_luna_budget5_v1\raw_responses\sync\p2_r4_audit_train-012669_a_medium_f1ce771a8063.json,d4130710f7654690b5dc5cd2458d01539378dc20d6406ab7e647eb4902ded157
train-012669,low,b,p2_r4_audit_train-012669_b_low_00b0cbcc8c57,completed,True,False,True,True,ok,True,False,1191960,False,False,label_mismatch|not_checked_complex_expression,,,"8127=3^2\cdot7\cdot43,|\quad11352=2^3\cdot3\cdot11\cdot43,|21672=2^3\cdot3^2\cdot7\cdot43,|\quad27090=2\cdot3^2\cdot5\cdot7\cdot43|\operatorname{lcm}=2^3\cdot3^2\cdot5\cdot7\cdot11\cdot43|Multiplying gives \(8\cdot9\cdot5\cdot7\cdot11\cdot43=1,191,960\)",artifacts\phase2\phase2_verified_cot_luna_budget5_v1\raw_responses\sync\p2_r4_audit_train-012669_b_low_00b0cbcc8c57.json,0030ee6e5817b154b0ae742f56784d54ddfdb4726c1e9492080013f542426946
train-012669,medium,b,p2_r4_audit_train-012669_b_medium_3e1285ac02a9,completed,True,False,True,True,ok,True,False,3575880,True,True,not_checked_complex_expression,,,"8127=3^3\cdot7\cdot43,|\quad11352=2^3\cdot3\cdot11\cdot43,|21672=2^3\cdot3^2\cdot7\cdot43,|\quad27090=2\cdot3^2\cdot5\cdot7\cdot43|\operatorname{lcm}=2^3\cdot3^3\cdot5\cdot7\cdot11\cdot43=3,575,880",artifacts\phase2\phase2_verified_cot_luna_budget5_v1\raw_responses\sync\p2_r4_audit_train-012669_b_medium_3e1285ac02a9.json,b235a3f762ad82b8525be0d018f5c5a2b1a8a88b3a1153309e6f60cd5a22c5a8
train-012761,low,a,p2_r4_audit_train-012761_a_low_a6f8dfa76959,completed,True,False,True,True,ok,True,False,3845,False,False,label_mismatch|not_checked_complex_expression,,,"N_{	ext{next}}=N+3(N-5)=4N-15||Since N-5 follows N_{k+1}-5=4(N_k-5), after four years N_4-5=4^4(20-5)=256\cdot15=3840, giving N_4=3845.",artifacts\phase2\phase2_verified_cot_luna_budget5_v1\raw_responses\sync\p2_r4_audit_train-012761_a_low_a6f8dfa76959.json,03659faca2e05492d195b5c064d3f47a4fd0ff45394c970e9ca074d6b4dfa736
train-012761,medium,a,p2_r4_audit_train-012761_a_medium_509bd20494d0,completed,True,False,True,True,ok,True,False,3845,False,False,label_mismatch|not_checked_complex_expression,,,"Initially, 20-5=15 members are not on the committee|The committee still has 5 members after replacement, so after four years the number of non-committee members is 15\times4^4=15\times256=3840",artifacts\phase2\phase2_verified_cot_luna_budget5_v1\raw_responses\sync\p2_r4_audit_train-012761_a_medium_509bd20494d0.json,70c6de56cf9a315803beee1e9ae2852b7d05ecc750697d87a12cebf670247076
train-012761,low,b,p2_r4_audit_train-012761_b_low_47a53479ad3b,completed,True,False,True,True,ok,True,False,3845,False,False,label_mismatch|not_checked_complex_expression,,,"Thus T_{n+1}=T_n+3(T_n-5)=4T_n-15, with T_0=20|T_1=65, T_2=245, T_3=965, and T_4=3845",artifacts\phase2\phase2_verified_cot_luna_budget5_v1\raw_responses\sync\p2_r4_audit_train-012761_b_low_47a53479ad3b.json,b1ea86016e5e5eecf91f60c6e489aa78181bc9f1f7fcf1a70e64ed76be740151
train-012761,medium,b,p2_r4_audit_train-012761_b_medium_25251b093ac0,completed,True,False,True,True,ok,True,False,3845,False,False,label_mismatch|not_checked_complex_expression,15+5=3845,,"N_{y+1}=N_y+3(N_y-5)=4N_y-15, with N_0=20|Therefore, N_1=65, N_2=245, N_3=965, and N_4=3845|As a check, applying the recurrence four times gives 4^4(20-5)+5=256·15+5=3845",artifacts\phase2\phase2_verified_cot_luna_budget5_v1\raw_responses\sync\p2_r4_audit_train-012761_b_medium_25251b093ac0.json,06f6c30a22095064b0b327ac666db5e4f072557cdf2b07f71ca66bb755430cdb
train-012980,low,a,p2_r4_audit_train-012980_a_low_47ab2e61b6e6,completed,True,False,True,True,ok,True,False,-45,True,True,not_checked_complex_expression,,,"Since \(44^2=1936<2000\), \(45^2=2025\) lies in this interval, while \(46^2=2116>2074\)|Thus the only possible integers are \(x=45\) and \(x=-45\)|For \(x=45\), the left side is \(\sqrt{25}+\sqrt{49}=12\), but the right side is \(|1980+1992|=3972\), so it fails|For \(x=-45\), the left side is again \(12\), and the right side is \(|-1980+1992|=12\)|Therefore the equation is satisfied only by \(x=-45\)|The domain permits only \(x=\pm45\)",artifacts\phase2\phase2_verified_cot_luna_budget5_v1\raw_responses\sync\p2_r4_audit_train-012980_a_low_47ab2e61b6e6.json,666e519db66ef630ee1e57a2647f88998ceebf9d42dc0d20757b40c8fc77a1e6
train-012980,medium,a,p2_r4_audit_train-012980_a_medium_f91ccd9dab98,completed,True,False,True,True,ok,True,False,-45,True,True,not_checked_complex_expression,,,"Since \(44^2=1936\), \(45^2=2025\), and \(46^2=2116\), the only integer possibility is \(x=45\) or \(x=-45\)|For \(x=45\), the left side is|\sqrt{25}+\sqrt{49}=5+7=12,|while the right side is \(|44(45)+1992|=3972\), so it fails|For \(x=-45\), the left side is again \(12\), and the right side is \(|44(-45)+1992|=|-1980+1992|=12\)|Thus the solution is \(x=-45\)|Substituting \(x=-45\) gives \(\sqrt{2025-2000}+\sqrt{2074-2025}=5+7=12=|-1980+1992|\), confirming the result.",artifacts\phase2\phase2_verified_cot_luna_budget5_v1\raw_responses\sync\p2_r4_audit_train-012980_a_medium_f91ccd9dab98.json,4d7b31a171914bd919644df438a1b15a1451083205b4e4fa4f3eab98e4af2788
train-012980,low,b,p2_r4_audit_train-012980_b_low_76a0b8b59b77,completed,True,False,True,True,ok,True,False,-45,True,True,not_checked_complex_expression,,,"for $x=-45$, the absolute value is $12$|for $x=-46$, it is $32$, and all other integers give an even larger value|Thus only $x=-45$ can work|Indeed, $\sqrt{2025-2000}+\sqrt{2074-2025}=\sqrt{25}+\sqrt{49}=5+7=12=|-1980+1992|$.|At $x=-45$, both sides equal $12$, confirming the solution.",artifacts\phase2\phase2_verified_cot_luna_budget5_v1\raw_responses\sync\p2_r4_audit_train-012980_b_low_76a0b8b59b77.json,59f836e7831e032fd44594ecc4fc5781be6fb875de6940a43a472e002ffe14d3
train-012980,medium,b,p2_r4_audit_train-012980_b_medium_f104b9b848c5,completed,True,False,True,True,ok,True,False,-45,True,True,not_checked_complex_expression,,,"Since \(x\in\mathbb Z\) and \(44^2=1936<2000\le 2025=45^2<2074<2116=46^2\), the only possibilities are \(x=45\) and \(x=-45\)|For \(x=45\), the left-hand side is \(\sqrt{25}+\sqrt{49}=12\), while the right-hand side is \(|44\cdot45+1992|=3972\), so it fails|For \(x=-45\), the left-hand side is still \(12\), and the right-hand side is \(|44(-45)+1992|=|-1980|=12\)|Substitution of \(x=-45\) gives \(\sqrt{2025-2000}+\sqrt{2074-2025}=5+7=12=|-1980|\).",artifacts\phase2\phase2_verified_cot_luna_budget5_v1\raw_responses\sync\p2_r4_audit_train-012980_b_medium_f104b9b848c5.json,5752aba0b6b0a0fd7dd8080881e2b3a01f2f89edeafed2003acd73188b261b3a
train-013011,low,a,p2_r4_audit_train-013011_a_low_d8a6bb8f8e8b,completed,True,False,True,True,ok,True,False,300,True,False,abnormal_unicode|not_checked_complex_expression,,,"The probability of surviving one month is $1-rac{1}{10}=rac{9}{10}$. Thus, the probability of surviving all three months is|\left(\frac{9}{10}\right)^3=0.729|0.729N=218.7,\qquad N=\frac{218.7}{0.729}=300|$0.729\times300=218.7$, confirming the calculation.",artifacts\phase2\phase2_verified_cot_luna_budget5_v1\raw_responses\sync\p2_r4_audit_train-013011_a_low_d8a6bb8f8e8b.json,10dd58253f4d5a60a6859f97bdfb85d0f9dbfed380f55feb25e0a80131b69f9c
train-013011,medium,a,p2_r4_audit_train-013011_a_medium_48fb43239d77,completed,True,False,True,True,ok,True,False,300,True,True,solution_below_target_length|not_checked_complex_expression,,,"The probability that one newborn survives each of the first three months is \((1-\frac{1}{10})^3=(0.9)^3=0.729\)|Thus \(0.729N=218.7\), so \(N=218.7/0.729=300\)|\(300(0.9)^3=300(0.729)=218.7\), confirming the result.",artifacts\phase2\phase2_verified_cot_luna_budget5_v1\raw_responses\sync\p2_r4_audit_train-013011_a_medium_48fb43239d77.json,bbfdcd3a38853270f130c652c52dc7fc1a29b4270478341212606fa52d212e85
train-013011,low,b,p2_r4_audit_train-013011_b_low_a9ce0c7b7359,completed,True,False,True,True,ok,True,False,300,True,True,not_checked_complex_expression,1/10 = 0.9,,"The probability that a newborn survives each month is 1 - 1/10 = 0.9|Thus, the probability of surviving all three months is (0.9)^3 = 0.729|Therefore, 0.729N = 218.7, so N = 218.7/0.729 = 300|300(0.729) = 218.7",artifacts\phase2\phase2_verified_cot_luna_budget5_v1\raw_responses\sync\p2_r4_audit_train-013011_b_low_a9ce0c7b7359.json,eca22269134ccff56d9dc4e2bc417ea5b24661b902fe7eb92f2dcb6c353f6eba
train-013011,medium,b,p2_r4_audit_train-013011_b_medium_98e0c5b68550,completed,True,False,True,True,ok,True,False,300,True,True,solution_below_target_length|not_checked_complex_expression,1/10 = 0.9,,"The probability of surviving one month is 1 - 1/10 = 0.9|Therefore, the probability of surviving all three months is (0.9)^3 = 0.729|If the group has N newborns, then 0.729N = 218.7, so N = 218.7/0.729 = 300|300(0.9)^3 = 300(0.729) = 218.7, matching the expected survivors.",artifacts\phase2\phase2_verified_cot_luna_budget5_v1\raw_responses\sync\p2_r4_audit_train-013011_b_medium_98e0c5b68550.json,2f51d2c24bbf6639b9584f0e81255c534bf22427df5189de269b21afe3bc61f9
train-013018,low,a,p2_r4_audit_train-013018_a_low_5359106f7d7b,completed,True,False,True,True,ok,True,False,-40,True,True,solution_below_target_length|not_checked_complex_expression,,,"C(5,3)·2^2·(-1)^3 = 10·4·(-1) = -40|10(2^2)(-x^3) = -40x^3.",artifacts\phase2\phase2_verified_cot_luna_budget5_v1\raw_responses\sync\p2_r4_audit_train-013018_a_low_5359106f7d7b.json,2cdce54e9729a23ca16e9c9fe720407cb489f234d29c2fc2655c5a657df7b4cc
train-013018,medium,a,p2_r4_audit_train-013018_a_medium_2fb9821299dd,completed,True,False,True,True,ok,True,False,-40,True,True,solution_below_target_length|not_checked_complex_expression,,,"Using the binomial theorem, the coefficient of x^3 in (2-x)^5 is \(\binom{5}{3}2^{5-3}(-1)^3=10\cdot4\cdot(-1)=-40\)|The x^3 term is obtained by choosing x from three factors and 2 from two factors, giving 10\cdot(-1)^3\cdot2^2=-40.",artifacts\phase2\phase2_verified_cot_luna_budget5_v1\raw_responses\sync\p2_r4_audit_train-013018_a_medium_2fb9821299dd.json,65b9ba94f2e1e14134e06ded9f041f8c60abe79c9e0cfeb241beea2b34781b3d
train-013018,low,b,p2_r4_audit_train-013018_b_low_08a9c27e45a9,completed,True,False,True,True,ok,True,False,-40,True,True,solution_below_target_length|not_checked_complex_expression,,,"By the binomial theorem, the coefficient of x^3 in (2-x)^5 is \binom{5}{3}2^{5-3}(-1)^3 = 10\cdot4\cdot(-1)=-40",artifacts\phase2\phase2_verified_cot_luna_budget5_v1\raw_responses\sync\p2_r4_audit_train-013018_b_low_08a9c27e45a9.json,126549d29832ee1130ef0693b79e24ff23d63290fd84d79dd48cde5d5f18e266
train-013018,medium,b,p2_r4_audit_train-013018_b_medium_ae35fc655f08,completed,True,False,True,True,ok,True,False,-40,True,True,solution_below_target_length|not_checked_complex_expression,,,Its coefficient is \(10\cdot4\cdot(-1)=-40\),artifacts\phase2\phase2_verified_cot_luna_budget5_v1\raw_responses\sync\p2_r4_audit_train-013018_b_medium_ae35fc655f08.json,9a8a7f2db4f38be5f36ca1166796cba95242412e8f3302477f54aecbb59e5ab9
train-013231,low,a,p2_r4_audit_train-013231_a_low_eca19c5b0d58,completed,True,False,True,True,ok,True,False,531,False,False,label_mismatch|not_checked_complex_expression,,,"\frac{2^{482}+2}{3\cdot2^{482}}=\frac{2^{481}+1}{3\cdot2^{481}}.|m=\frac{2^{481}+1}{3},\qquad n=2^{481}.|Thus \(m+n=(4\cdot2^{481}+1)/3\)|m+n\equiv\frac{4(2648)+1}{3}=3531\equiv531\pmod{1000}.",artifacts\phase2\phase2_verified_cot_luna_budget5_v1\raw_responses\sync\p2_r4_audit_train-013231_a_low_eca19c5b0d58.json,2587cd96c64dbe30e02c5d987f9f592d10d8ad29d192abb68144ddbf5c820c37
train-013231,medium,a,p2_r4_audit_train-013231_a_medium_3dca78d6ab2e,completed,True,False,True,True,ok,True,False,803,True,True,not_checked_complex_expression,,,\[p=\frac{1+2(-1/2)^{482}}{3}=\frac{2^{481}+1}{3\cdot2^{481}}.\]|\[\frac{m}{n}=\frac{(2^{481}+1)/3}{2^{481}}.\]|\[m+n\equiv\frac{4(1352)+1}{3}=1803\equiv803\pmod{1000}.\],artifacts\phase2\phase2_verified_cot_luna_budget5_v1\raw_responses\sync\p2_r4_audit_train-013231_a_medium_3dca78d6ab2e.json,cdbf624048d4c3e377b82c6380d048ad92ec95042f2113046d424f895e2e1355
train-013231,low,b,p2_r4_audit_train-013231_b_low_1793324e0758,completed,True,False,True,True,ok,True,False,803,True,True,not_checked_complex_expression,,,"\frac{1+2(-1/2)^{482}}{3}=\frac{2^{482}+2}{3\cdot2^{482}}.|m=\frac{2^{481}+1}{3},\qquad n=2^{481},|m+n=\frac{2^{483}+1}{3}.|m+n\equiv(2408+1)/3=803\pmod{1000}.",artifacts\phase2\phase2_verified_cot_luna_budget5_v1\raw_responses\sync\p2_r4_audit_train-013231_b_low_1793324e0758.json,f108f7b393f49f209ba0e51c63a59285b3f46246224041e7111092d42510e7a6
train-013231,medium,b,p2_r4_audit_train-013231_b_medium_18f474a6e629,completed,True,False,True,True,ok,True,False,803,True,True,not_checked_complex_expression,,,"Thus, for k=482, the probability is|m=\frac{2^{481}+1}{3},\qquad n=2^{481}.|Hence \(m+n=(4\cdot2^{481}+1)/3\)|m+n\equiv\frac{4(1352)+1}{3}=1803\equiv803\pmod{1000}.",artifacts\phase2\phase2_verified_cot_luna_budget5_v1\raw_responses\sync\p2_r4_audit_train-013231_b_medium_18f474a6e629.json,fbf1684d4a5ce92a5b34141e7fb0e28042beeb549915819d48437a4a7882d3d7
train-013275,low,a,p2_r4_audit_train-013275_a_low_7f324941dd57,completed,True,False,True,True,comma_integer_output,False,True,"-11, 0",False,False,comma_integer_output|comma_integer_output|label_mismatch|not_checked_complex_expression,,,"x = -11|y = 0|1 + (-11) = -10, and 0 - 4.5 = -4.5, so both values satisfy the equations",artifacts\phase2\phase2_verified_cot_luna_budget5_v1\raw_responses\sync\p2_r4_audit_train-013275_a_low_7f324941dd57.json,df0f40d255e4fc36705b38714a4f6cfcf371e6314574ebfc1e78c22503757987
train-013275,medium,a,p2_r4_audit_train-013275_a_medium_afb4dd9fb017,completed,True,False,True,True,comma_integer_output,False,True,"-11, 0",False,False,comma_integer_output|comma_integer_output|label_mismatch|solution_below_target_length|not_checked_complex_expression,,,"Since 1+x=-10, x=-11|(2) Since x-(+4.5)=-4.5, adding 4.5 to both sides gives x=0|1+(-11)=-10 and 0-4.5=-4.5",artifacts\phase2\phase2_verified_cot_luna_budget5_v1\raw_responses\sync\p2_r4_audit_train-013275_a_medium_afb4dd9fb017.json,7619cf3b84c02b385db3689cff07d8bd5f0d44c4425a926620d3805c65d8a4d5
train-013275,low,b,p2_r4_audit_train-013275_b_low_a8b25b313576,completed,True,False,True,True,noncanonical_integer_output,False,True,-11; 0,False,False,noncanonical_integer_output|noncanonical_integer_output|label_mismatch|solution_below_target_length|not_checked_complex_expression,,,"x = -11.\n\n(2) Let the missing number be y|y = 0|1 + (-11) = -10, and 0 - (+4.5) = -4.5.",artifacts\phase2\phase2_verified_cot_luna_budget5_v1\raw_responses\sync\p2_r4_audit_train-013275_b_low_a8b25b313576.json,1c9635808db34ec0b6348650bb3a0edd330c033339ecd858cdfd9b4644c75eb3
train-013275,medium,b,p2_r4_audit_train-013275_b_medium_2300128f7e57,completed,True,False,True,True,comma_integer_output,False,True,"-11, 0",False,False,comma_integer_output|comma_integer_output|label_mismatch|abnormal_unicode|solution_below_target_length|not_checked_complex_expression,,,"(2) Since subtracting +4.5 gives  4.5, the blank must be 0 because 0  4.5 =  4.5|1 + () = 0, and 0  (+4.5) =  4.5.",artifacts\phase2\phase2_verified_cot_luna_budget5_v1\raw_responses\sync\p2_r4_audit_train-013275_b_medium_2300128f7e57.json,c65000c95d9ee994803bb9630e79233f1e9b0d09e12ac19945c59b02c189078c
train-013362,low,a,p2_r4_audit_train-013362_a_low_cf17533dc9c2,completed,True,False,True,True,ok,True,False,0,True,True,not_checked_complex_expression,,,"S_n=\sum_{m=0}^{\lfloor n/2\rfloor}\frac{(-1)^m}{n-m}\binom{n-m}{m}.|=\sum_{k\ge1}\frac{x^k}{k}\sum_{m=0}^k(-1)^m\binom{k}{m}x^m|=\sum_{k\ge1}\frac{[x(1-x)]^k}{k}|=-\log(1-x+x^2)|Since \(1-x+x^2=(1+x^3)/(1+x)\), this equals|Thus, for \(n=1990\), because \(1990\) is even and not divisible by \(3\), the coefficient is \(S_{1990}=-1/1990\)|1990S_{1990}+1=1990\left(-\frac1{1990}\right)+1=0|Since 1990 is even and 1990 mod 3 = 1, the coefficient of x^1990 in log(1+x)-log(1+x^3) is exactly -1/1990, confirming the result.",artifacts\phase2\phase2_verified_cot_luna_budget5_v1\raw_responses\sync\p2_r4_audit_train-013362_a_low_cf17533dc9c2.json,71943191556cd41ed71954e9591b8c7ec6946610677b371f0bb460696e6750ff
train-013362,medium,a,p2_r4_audit_train-013362_a_medium_a563a1e924d4,completed,True,False,True,True,ok,True,False,0,True,True,not_checked_complex_expression,,,"Let \(N=1990\), and define|S=\sum_{m=0}^{995}\frac{(-1)^m}{N-m}\binom{N-m}{m},\qquad F_r=\sum_m(-1)^m\binom{r-m}{m}.|Using \(\frac{N}{N-m}\binom{N-m}{m}=\binom{N-m}{m}+\binom{N-m-1}{m-1}\), summing gives|NS=F_N-F_{N-2}.|Pascal’s identity yields \(F_r=F_{r-1}-F_{r-2}\), with \(F_0=F_1=1\)|Since \(1990\equiv4\pmod6\), \(F_{1990}=-1\), while \(1990-2\equiv2\pmod6\), so \(F_{1988}=0\)|Therefore \(1990S=-1\), and the given expression equals \(1990S+1=0\)|The recurrence gives \(F_4=-1\) and \(F_2=0\), matching the residues of 1990 and 1988 modulo 6|thus \(1990S+1=-1+1=0\).",artifacts\phase2\phase2_verified_cot_luna_budget5_v1\raw_responses\sync\p2_r4_audit_train-013362_a_medium_a563a1e924d4.json,ed972cec200161e6390b63286c57d9e58b7f951d9ce57b972b828fb6931d0e93
train-013362,low,b,p2_r4_audit_train-013362_b_low_b19698b36777,completed,True,False,True,True,ok,True,False,0,True,True,not_checked_complex_expression,,,"S_n=\sum_{m=0}^{\lfloor n/2\rfloor}(-1)^m\frac1{n-m}\binom{n-m}{m}.|S_{2r}=-\frac1{2r}\qquad(r\ge1)|S_n=\int_0^1\sum_m(-1)^m\binom{n-m}{m}x^{n-m-1}\,dx|=x(P_{n-1}-P_{n-2}),|Here n=1990, and the displayed bracket is exactly S_{1990}. Hence it equals|S_{1990}=-\frac1{1990},|1990S_{1990}+1=1990\left(-\frac1{1990}\right)+1=0|Substituting S_{1990}=-1/1990 gives -1+1=0.",artifacts\phase2\phase2_verified_cot_luna_budget5_v1\raw_responses\sync\p2_r4_audit_train-013362_b_low_b19698b36777.json,64faaae1471a9dfc20f9fafec23e235a517a79c265d025d08b0a56a3d438c2c3
train-013362,medium,b,p2_r4_audit_train-013362_b_medium_5a813a7bddda,completed,True,False,True,True,ok,True,False,0,True,True,not_checked_complex_expression,,,"S_N=\sum_{m=0}^{\lfloor N/2\rfloor}\frac{(-1)^m}{N-m}\binom{N-m}{m}.|=\sum_{k\ge1}\frac{[x(1-x)]^k}{k}|=-\log(1-x+x^2)|Factor \(1-x+x^2=(1-e^{i\pi/3}x)(1-e^{-i\pi/3}x)\)|S_N=\frac{e^{iN\pi/3}+e^{-iN\pi/3}}{N}=\frac{2\cos(N\pi/3)}N|For \(N=1990\), \(1990\equiv4\pmod6\), so \(2\cos(1990\pi/3)=-1\)|Therefore \(S_{1990}=-1/1990\), and the given expression equals|\(1990(-1/1990)+1=0\)|Since \(1990\equiv4\pmod6\), \(2\cos(1990\pi/3)=2\cos(4\pi/3)=-1\), confirming the sign and value.",artifacts\phase2\phase2_verified_cot_luna_budget5_v1\raw_responses\sync\p2_r4_audit_train-013362_b_medium_5a813a7bddda.json,8a57ca7e6638bcb4c68695a587af81caae118b1754807e72e2ef89303101ce64
train-013384,low,a,p2_r4_audit_train-013384_a_low_165f1faf8d06,completed,True,False,True,True,ok,True,False,-9,True,True,not_checked_complex_expression,,,"\[Q(x)=x^2P(x)-1.\]|Then \(Q(k)=0\) for \(k=1,\dots,2016\), so|\[Q(x)=(ax+b)\prod_{k=1}^{2016}(x-k).\]|Since \(Q(0)=-1\) and \(Q'(0)=0\), we get \(b=-1/2016!\) and \(a/b=H_{2016}\), where \(H_{2016}=\sum_{k=1}^{2016}1/k\)|\[Q(2017)=-(2017H_{2016}+1).\]|\[2017P(2017)=\frac{Q(2017)+1}{2017}=-H_{2016}.\]|The identity \(Q(2017)=-(2017H_{2016}+1)\) gives \(2017P(2017)=-H_{2016}\), and since \(H_{2016}\in(8,9)\), the floor is independently confirmed as \(-9\).",artifacts\phase2\phase2_verified_cot_luna_budget5_v1\raw_responses\sync\p2_r4_audit_train-013384_a_low_165f1faf8d06.json,81ed8c0b9dc5e46d14be2b3c0808e11259fc03d243ff0e3e0061372ac325a63b
train-013384,medium,a,p2_r4_audit_train-013384_a_medium_2de3d9199ba7,completed,True,False,True,True,ok,True,False,-9,True,True,not_checked_complex_expression,,,"\[R(x)=\prod_{k=1}^{2016}(x-k),\qquad Q(x)=x^2P(x)-1.\]|Since \(Q\) vanishes at \(1,\ldots,2016\) and has degree at most 2017, write \(Q(x)=(ax+b)R(x)\)|Because \(Q(0)=-1\) and the coefficient of \(x\) in \(Q\) is zero, we have \(bR(0)=-1\) and|\[\frac ab+\frac{R'(0)}{R(0)}=0.\]|Now \(R'(0)/R(0)=-H_{2016}\), so \(a/b=H_{2016}\)|\[Q(2017)=(2017a+b)2016!=-(2017H_{2016}+1).\]|Therefore \(2017P(2017)=-H_{2016}\)|Substituting \(Q(2017)=-(2017H_{2016}+1)\) into \(P(2017)=(Q(2017)+1)/2017^2\) gives \(2017P(2017)=-H_{2016}\), confirming the result.",artifacts\phase2\phase2_verified_cot_luna_budget5_v1\raw_responses\sync\p2_r4_audit_train-013384_a_medium_2de3d9199ba7.json,486c95ac7485aa98f31aec2293bc07f2dc0b4d34f552df3ac7faf32edb23090a
train-013384,low,b,p2_r4_audit_train-013384_b_low_e5eec07dc087,completed,True,False,True,True,noncanonical_integer_output,False,True,2016!,False,False,noncanonical_integer_output|noncanonical_integer_output|label_mismatch|not_checked_complex_expression,,,"Q(x)=x^2P(x)-1|Since \(P(n)=1/n^2\) for \(n=1,\ldots,2016\), the polynomial \(Q\) has these 2016 roots|Since \(\deg Q=2017\), write|Q(x)=\prod_{k=1}^{2016}(x-k)(x-a)|Using \(Q(0)=-1\) and \(\prod_{k=1}^{2016}(-k)=2016!\), we get \(-2016!a=-1\), so \(a=1/2016!\)|2017^2P(2017)-1=2016!\left(2017-\frac1{2016!}\right)=2017\cdot2016!-1|Thus \(2017^2P(2017)=2017\cdot2016!\), giving \(2017P(2017)=2016!\)|Substitution gives exactly \(2017P(2017)=2016!\), an integer, so its floor is unchanged.",artifacts\phase2\phase2_verified_cot_luna_budget5_v1\raw_responses\sync\p2_r4_audit_train-013384_b_low_e5eec07dc087.json,a50882a286ec3dec2598c59d75877e7b5f2cfc86c9cadbdc454aeabf5d6b818c
train-013384,medium,b,p2_r4_audit_train-013384_b_medium_c386a50a496b,completed,True,False,True,True,ok,True,False,-9,True,True,not_checked_complex_expression,,,"Let R(x)=\prod_{k=1}^{2016}(x-k)|\[x^2P(x)-1=R(x)(ax+b).\]|Because the left side equals -1 at x=0 and has derivative 0 there, while R(0)=2016|and R'(0)/R(0)=-H_{2016}, we get b=-1/2016|and a/b=H_{2016}. Thus|\[x^2P(x)-1=-\frac{R(x)}{2016!}(H_{2016}x+1).\]|At x=2017, R(2017)=2016!, so|\[2017P(2017)=\frac{x^2P(x)|_{x=2017}}{2017}=-H_{2016}.\]|At x=2017, the product ratio R(2017)/2016|equals 1, yielding exactly 2017P(2017)=-H_{2016}",artifacts\phase2\phase2_verified_cot_luna_budget5_v1\raw_responses\sync\p2_r4_audit_train-013384_b_medium_c386a50a496b.json,17614c9681d9436c6f782eba313cce2cd2b5f2b558e2f3b6b38606bb2bbe5c51
train-013436,low,a,p2_r4_audit_train-013436_a_low_78635677acf6,completed,True,False,True,True,unit_or_prose_output,False,True,308 and 490,False,False,unit_or_prose_output|unit_or_prose_output|label_mismatch|not_checked_complex_expression,,,"Let g=(a,b), and write a=gx and b=gy with (x,y)=1|Then [a,b]=gxy and a+b=g(x+y)|Since (x+y,x)=(x+y,y)=1, we have (x+y,xy)=1|Therefore (a+b,[a,b])=g, proving (a,b)=(a+b,[a,b])|For part b, the identity gives (a,b)=(798,10780)=14|Also, ab=(a,b)[a,b]=14\cdot10780=150920|Thus a and b are roots of t^2-798t+150920=0|Its discriminant is 798^2-4(150920)=33124=182^2, so the roots are (798\pm182)/2=490 and 308|Indeed, their sum is 798 and their lcm is (490\cdot308)/14=10780|gcd(308,490)=14, so lcm=(308\cdot490)/14=10780, and 308+490=798.",artifacts\phase2\phase2_verified_cot_luna_budget5_v1\raw_responses\sync\p2_r4_audit_train-013436_a_low_78635677acf6.json,a7671912fbda2629597bc521f2cf620155eb9e673718ad0726e6ae793e3f2751
train-013436,medium,a,p2_r4_audit_train-013436_a_medium_54dacc74e7e7,completed,True,False,True,True,unit_or_prose_output,False,True,308 and 490,False,False,unit_or_prose_output|unit_or_prose_output|label_mismatch|not_checked_complex_expression,,,"Let d=(a,b), and write a=dx and b=dy, where (x,y)=1|Then [a,b]=dxy|(a+b,[a,b])=(d(x+y),dxy)=d\,(x+y,xy)|Since (x,y)=1, both (x+y,x) and (x+y,y) equal 1, so (x+y,xy)=1|Therefore (a+b,[a,b])=d=(a,b)|(798,10780)=14|Write a=14x and b=14y with (x,y)=1|Then x+y=57 and xy=10780/14=770|The factorization 770=22\cdot35, and 22+35=57, so x,y are 22 and 35|308+490=798, and [308,490]=308\cdot490/14=10780, confirming the result.",artifacts\phase2\phase2_verified_cot_luna_budget5_v1\raw_responses\sync\p2_r4_audit_train-013436_a_medium_54dacc74e7e7.json,70d662c3a41e63cd7706b081b5d20262ed95c9d52527f6bfc5895d4a34cf939a
train-013436,low,b,p2_r4_audit_train-013436_b_low_72a2560191ea,completed,True,False,True,True,unit_or_prose_output,False,True,308 and 490,False,False,unit_or_prose_output|unit_or_prose_output|label_mismatch|not_checked_complex_expression,,,"Let d=(a,b), and write a=dx, b=dy with (x,y)=1|Then [a,b]=dxy|\[(a+b,[a,b])=(d(x+y),dxy)=d\,(x+y,xy).\]|Since (x,y)=1, both (x+y,x)=1 and (x+y,y)=1, so (x+y,xy)=1|Therefore (a+b,[a,b])=d=(a,b)|\[(a,b)=(798,10780)=14.\]|Write a=14x and b=14y, where (x,y)=1|Then x+y=798/14=57 and xy=10780/14=770|Thus the required integers are 14\cdot22=308 and 14\cdot35=490|308+490=798, and [308,490]=(308\cdot490)/14=10780.",artifacts\phase2\phase2_verified_cot_luna_budget5_v1\raw_responses\sync\p2_r4_audit_train-013436_b_low_72a2560191ea.json,625f2099c4e7f44e3b06c9ef659d4deacbe2e03f928380c74f80e9227885e769
train-013436,medium,b,p2_r4_audit_train-013436_b_medium_23dedad51bd0,completed,True,False,True,True,comma_integer_output,False,True,"308, 490",False,False,comma_integer_output|comma_integer_output|label_mismatch|not_checked_complex_expression,308/14=10780,,"Let d=(a,b), and write a=dx, b=dy with (x,y)=1|Then [a,b]=dxy|(a+b,[a,b])=d(x+y,xy)=d,|Thus (a,b)=(a+b,[a,b])|(798,10780)=14|Write a=14x and b=14y, where (x,y)=1|Then x+y=798/14=57 and xy=10780/14=770|t^2-57t+770=0=(t-35)(t-22),|so {x,y}={35,22}. Thus the integers are 14·35=490 and 14·22=308|490+308=798, and since (490,308)=14, their LCM is 490·308/14=10780.",artifacts\phase2\phase2_verified_cot_luna_budget5_v1\raw_responses\sync\p2_r4_audit_train-013436_b_medium_23dedad51bd0.json,691f96e18b2cffad398c27fd976d9d091eb97ae70713ae865bb4fa9ef34096e5
train-013679,low,a,p2_r4_audit_train-013679_a_low_73b2ed4c2415,completed,True,False,True,True,unit_or_prose_output,False,True,180°,False,False,unit_or_prose_output|unit_or_prose_output|label_mismatch|not_checked_complex_expression,,,"Thus the natural upper bound is X=180°. For n=1000, k must satisfy 2≤k<500 and gcd(k,1000)=1|There are 249 odd integers in this range, and 50 of them are multiples of 5, giving 249-50=199 stars, as stated|For n=7, k=2,3 give two stars|for n=5, k=2 gives one|For n=1000, the count is 199, exactly matching the stated number|n=5 and n=7 likewise give 1 and 2 stars.",artifacts\phase2\phase2_verified_cot_luna_budget5_v1\raw_responses\sync\p2_r4_audit_train-013679_a_low_73b2ed4c2415.json,f200e841ed24edeae7d8ca04c7e0f440a047d4f5f3349f3a88f6189accd2392b
train-013679,medium,a,p2_r4_audit_train-013679_a_medium_78632a44f483,completed,True,False,True,True,unit_or_prose_output,False,True,180°,False,False,unit_or_prose_output|unit_or_prose_output|label_mismatch|not_checked_complex_expression,,,"To obtain one connected star, gcd(k,n)=1|k=1 is the ordinary convex polygon and is not a star|Thus for n=1000, there are φ(1000)/2=400/2=200 possibilities, one of which is k=1, leaving 199 stars|φ(5)/2-1=2-1=1, while n=3,4,6 yield none|For n=1000, φ(1000)=1000(1-1/2)(1-1/5)=400",artifacts\phase2\phase2_verified_cot_luna_budget5_v1\raw_responses\sync\p2_r4_audit_train-013679_a_medium_78632a44f483.json,e37b578d6ae8c2582930e31d808189088f57eda1058e88fbf86749c141ee5678
train-013679,low,b,p2_r4_audit_train-013679_b_low_ebad063a4d77,incomplete,False,True,False,False,response_incomplete:max_output_tokens,False,False,,False,False,response_incomplete:max_output_tokens,,,,artifacts\phase2\phase2_verified_cot_luna_budget5_v1\raw_responses\sync\p2_r4_audit_train-013679_b_low_ebad063a4d77.json,58406fb27eaf8c77e4ad4d0756cb39db4fa494ba300c333d3a4932d87bec080a
train-013679,medium,b,p2_r4_audit_train-013679_b_medium_679ce4fcc750,completed,True,False,True,True,unit_or_prose_output,False,True,Not uniquely determined; 179.64° < X ≤ 180.36° (or 180° if X is integral).,False,False,unit_or_prose_output|unit_or_prose_output|label_mismatch|not_checked_complex_expression,,,"A regular star is determined by a step size k, with 2≤k<n/2 and gcd(k,n)=1|For n=1000, the admissible k are the numbers 2 through 499 relatively prime to 1000|Since φ(1000)=400, exactly 200 such numbers occur from 1 through 499, and removing k=1 leaves 199|Thus the largest included turn is 360(499)/1000=179.64°, while the next possible turn is 360(501)/1000=180.36°. Therefore the data imply only 179.64°<X≤180.36°, not a unique value|If X is additionally required to be an integer, then X=180°.|For n=5, k=2 gives one star|for n=7, k=2,3 give two|n=4 and n=6 have none, agreeing with the stated counts throughout this interval.",artifacts\phase2\phase2_verified_cot_luna_budget5_v1\raw_responses\sync\p2_r4_audit_train-013679_b_medium_679ce4fcc750.json,97d21fc6a8a4c6214017069dc9a132ad3d8bd77e543f7b2f682984caf02feb12
train-013682,low,a,p2_r4_audit_train-013682_a_low_3e604d865b38,completed,True,False,True,True,ok,True,False,0,True,True,not_checked_complex_expression,,,"12\cdot 12=144|If it were tiled by square pentominoes, the number of pentominoes would have to be \(144/5=28.8\), which is not an integer",artifacts\phase2\phase2_verified_cot_luna_budget5_v1\raw_responses\sync\p2_r4_audit_train-013682_a_low_3e604d865b38.json,1693a1c3a934f8e10cdbba6d56ffd50aa6b97696fa55bfbd01174f6e86b652d7
train-013682,medium,a,p2_r4_audit_train-013682_a_medium_31d33227098f,completed,True,False,True,True,ok,True,False,0,True,True,not_checked_complex_expression,,,"The 12-by-12 rectangle has area 12·12=144, and 144 is not divisible by 5 (it leaves remainder 4)|Equivalently, the required number of pentominoes would be 144/5=28.8, which is impossible|Since 5n=144 has no integer solution, the count is independently confirmed to be 0.",artifacts\phase2\phase2_verified_cot_luna_budget5_v1\raw_responses\sync\p2_r4_audit_train-013682_a_medium_31d33227098f.json,1b267a5b44141cc1310c547dc4d87da12647c156d0b5b1c43ad4e93844b37f78
train-013682,low,b,p2_r4_audit_train-013682_b_low_bab9d7724169,completed,True,False,True,True,ok,True,False,0,True,True,not_checked_complex_expression,,,A 12-by-12 rectangle has area \(12\cdot12=144\) square units,artifacts\phase2\phase2_verified_cot_luna_budget5_v1\raw_responses\sync\p2_r4_audit_train-013682_b_low_bab9d7724169.json,521fdecae20082ea1a6b0f115042eba42fc4936c84ef7f2ac97055552f40fcd2
train-013682,medium,b,p2_r4_audit_train-013682_b_medium_df891e27ebb0,completed,True,False,True,True,ok,True,False,0,True,True,not_checked_complex_expression,,,"The 12-by-12 rectangle has area 12·12=144, and 144 is not divisible by 5|Since 144=5·28+4, four unit squares would remain after placing any possible number of pentominoes, confirming that no tiling exists.",artifacts\phase2\phase2_verified_cot_luna_budget5_v1\raw_responses\sync\p2_r4_audit_train-013682_b_medium_df891e27ebb0.json,6c85d44327d6991cf2a16eb4a1594e3063c12c606711aa7919119c54d6378bd5
train-013689,low,a,p2_r4_audit_train-013689_a_low_ce83603c8a99,completed,True,False,True,True,unit_or_prose_output,False,True,The triangle is reconstructed by the stated construction.,False,False,unit_or_prose_output|unit_or_prose_output|label_mismatch|not_checked_complex_expression,,,"Indeed, L∈k(A) gives OA=OL, while C∈k(A) gives OA=OC|The conditions OA=OL=OC verify the defining circle ACL, and arc-midpoint symmetry about UW verifies the angle-bisector condition.",artifacts\phase2\phase2_verified_cot_luna_budget5_v1\raw_responses\sync\p2_r4_audit_train-013689_a_low_ce83603c8a99.json,2e649eaf684e68022548339d120f052bdaf9c9f0ae7578530578c3945d000fb5
train-013689,medium,a,p2_r4_audit_train-013689_a_medium_c3605624d8a5,completed,True,False,True,True,unit_or_prose_output,False,True,Triangle ABC constructed as above,False,False,unit_or_prose_output|unit_or_prose_output|label_mismatch|not_checked_complex_expression,,,"Let U be the center and R the radius of Ω. Use directed angles with UW as the reference ray, and let m=∠(UW,UO), q=UO/R|\tan\frac d2=\frac{1-q}{1+q}\tan\frac m2|On Ω construct C so that ∠WUC=m-d, and A so that ∠WUA=m+d|Finally, L=AW∩BC|Writing the arguments of A,C as m+d,m-d, respectively, the condition OL=OA reduces to|q=sin((m-d)/2)/sin((m+d)/2), which is exactly the displayed construction equation|Substituting the constructed d gives q=sin((m-d)/2)/sin((m+d)/2), hence OL=OA|together with OA=OC, O is the circumcenter of ACL.",artifacts\phase2\phase2_verified_cot_luna_budget5_v1\raw_responses\sync\p2_r4_audit_train-013689_a_medium_c3605624d8a5.json,f72813e6f549827494b8e8203e9951ec971cb6488cea3d72690c79c38f4d937c
train-013689,low,b,p2_r4_audit_train-013689_b_low_09f87d41a94d,completed,True,False,True,True,unit_or_prose_output,False,True,The triangle ABC is reconstructed by the stated construction and the angle-bisector selection condition.,False,False,unit_or_prose_output|unit_or_prose_output|label_mismatch|not_checked_complex_expression,,,"Retain precisely those positions of A for which L lies on segment BC and AW bisects ∠BAC, equivalently ∠BAW=∠WAC|Indeed, C∈Ω and B∈Ω, while OA=OC=OL, so O is the circumcenter of ACL",artifacts\phase2\phase2_verified_cot_luna_budget5_v1\raw_responses\sync\p2_r4_audit_train-013689_b_low_09f87d41a94d.json,76b4b8abad2ce22655a3b14b36ed8703fd4101dcd2edc10332d71f825b91d547
train-013689,medium,b,p2_r4_audit_train-013689_b_medium_8d3ebba3c43c,completed,True,False,True,True,unit_or_prose_output,False,True,The triangles are obtained by the construction described above.,False,False,unit_or_prose_output|unit_or_prose_output|label_mismatch|not_checked_complex_expression,,,"Since W is the midpoint of the arc BC, WB=WC|To reconstruct, choose a point C=(t,y) on Ω, using coordinates with S=(0,0), W=(R,0), and O=(u,v)|Thus t²+y²=R². The line BC is x=t|Let H=(t,v), the intersection of BC with the line through O parallel to SW|Because O is equidistant from C and L, H is the midpoint of CL, so L=(t,2v-y)|Let A be the second intersection of WL with Ω. Explicitly, with d=(t-R,2v-y),|A=(R,0)+[2R(R-t)/|d|²]d|Retain precisely those choices of C satisfying OA=OL and for which L lies between B and C, where B is the second intersection of x=t with Ω. Each retained choice gives triangle ABC|also WB=WC, making AW the angle bisector.",artifacts\phase2\phase2_verified_cot_luna_budget5_v1\raw_responses\sync\p2_r4_audit_train-013689_b_medium_8d3ebba3c43c.json,3e15b19057f0cf7cf2ecf16fd5638ff6fcf3169ef3728c4ce9b22d235ad2e89e
train-013959,low,a,p2_r4_audit_train-013959_a_low_0bf0edb7ed4b,completed,True,False,True,True,ok,True,False,134,True,True,not_checked_complex_expression,,,"For \(N=134\), each candidate can receive 4 votes initially, since|4(134-100)=136\ge134|At N=134 and x=4, the percentage is 400/134≈2.985%, at least 1 less than 4",artifacts\phase2\phase2_verified_cot_luna_budget5_v1\raw_responses\sync\p2_r4_audit_train-013959_a_low_0bf0edb7ed4b.json,b8312fb2b7bf6ceab503544842cee35d9ca6ef50eecbee156d4d2ace7ddc81d2
train-013959,medium,a,p2_r4_audit_train-013959_a_medium_d2b9e1cda2ab,completed,True,False,True,True,ok,True,False,135,False,False,label_mismatch|not_checked_complex_expression,500/135=100|100/27=35,,"If N≤124, then N/(N-100)>5, so each candidate needs at least 6 votes, requiring at least 27·6=162 votes, impossible|At N=135, each candidate can receive 5 votes, with 27 votes remaining distributed arbitrarily|For x=5, the percentage is 500/135=100/27, and 5-100/27=35/27≥1, so the condition holds|At N=135, 27 candidates receiving at least 5 votes uses 135 votes exactly, and 500/135 ≤ 4, confirming feasibility and minimality.",artifacts\phase2\phase2_verified_cot_luna_budget5_v1\raw_responses\sync\p2_r4_audit_train-013959_a_medium_d2b9e1cda2ab.json,b76734667b6d5aee06bdded96c59e0bcae0bac5d38eeaf0cc5c6a8628920c391
train-013959,low,b,p2_r4_audit_train-013959_b_low_60b29748cb07,completed,True,False,True,True,ok,True,False,134,True,True,not_checked_complex_expression,,,"For \(m=3\), this gives \(N\ge150\)|For \(m=4\), it gives \(N\ge 400/3\), hence \(N\ge134\)|For \(m\ge5\), consistency with \(m=\lceil N/(N-100)\rceil\) forces \(N<100(m-1)/(m-2)\), which is less than \(27m\), so such a distribution is impossible|With \(N=134\), give each candidate 4 votes initially, then distribute the remaining 26 votes arbitrarily",artifacts\phase2\phase2_verified_cot_luna_budget5_v1\raw_responses\sync\p2_r4_audit_train-013959_b_low_60b29748cb07.json,4a7c2b3259b15efbc78219ba22fb11aca8a94d07ca171bfdd9f9100827d10a17
train-013959,medium,b,p2_r4_audit_train-013959_b_medium_23ebf0090f10,completed,True,False,True,True,ok,True,False,134,True,True,not_checked_complex_expression,134/34=3.94,,"x - 100x/N = x(N-100)/N ≥ 1|That would require at least 27·5=135 members, impossible|For N=134, the condition requires x≥134/34=3.94..., so 4 votes suffice|With N=134 and x=4, the percentage is 400/134≈2.985, at least 1 less than 4",artifacts\phase2\phase2_verified_cot_luna_budget5_v1\raw_responses\sync\p2_r4_audit_train-013959_b_medium_23ebf0090f10.json,955c608a46e1e2f2c7e29043fc3aba038dcc758ed094b1860ed94b91dee4395d
train-014050,low,a,p2_r4_audit_train-014050_a_low_ea2b5a26367d,completed,True,False,True,True,ok,True,False,-11,True,True,not_checked_complex_expression,,,"Thus, \(\lfloor13.7\rfloor=13\), \(\lfloor-13.7\rfloor=-14\), \(\lfloor2.5\rfloor=2\), and \(\lfloor-4.3\rfloor=-5\)|Substituting, \(13+(-14)+(2\times -5)=-1-10=-11\)|Directly combining the first two terms gives \(13-14=-1\), while the product is \(2(-5)=-10\)",artifacts\phase2\phase2_verified_cot_luna_budget5_v1\raw_responses\sync\p2_r4_audit_train-014050_a_low_ea2b5a26367d.json,c1cc5d79c04984a2749a0ed09a9532d8afe51f59a45e142cca1524351512cf9c
train-014050,medium,a,p2_r4_audit_train-014050_a_medium_03ba9e5ef720,completed,True,False,True,True,ok,True,False,-11,True,True,solution_below_target_length|not_checked_complex_expression,,,"Thus, ⌊13.7⌋ = 13 and ⌊-13.7⌋ = -14|Also, ⌊2.5⌋ = 2 and ⌊-4.3⌋ = -5|Therefore, the expression equals 13 - 14 + (2 × -5) = -1 - 10 = -11",artifacts\phase2\phase2_verified_cot_luna_budget5_v1\raw_responses\sync\p2_r4_audit_train-014050_a_medium_03ba9e5ef720.json,b2e0dedc2d9ef08ad56bce42247c63d5d8bf740431eda71359a6bd40a16a4456
train-014050,low,b,p2_r4_audit_train-014050_b_low_fb0b79f5e4a2,completed,True,False,True,True,ok,True,False,-11,True,True,solution_below_target_length|not_checked_complex_expression,,,"Thus, \(\lfloor13.7\rfloor=13\), \(\lfloor-13.7\rfloor=-14\), \(\lfloor2.5\rfloor=2\), and \(\lfloor-4.3\rfloor=-5\)|13+(-14)+(2\times -5)=-1-10=-11",artifacts\phase2\phase2_verified_cot_luna_budget5_v1\raw_responses\sync\p2_r4_audit_train-014050_b_low_fb0b79f5e4a2.json,6d540514901aed1a88ac5ff54aa9b5a15797f25c869e3578b7e26811fa8337ea
train-014050,medium,b,p2_r4_audit_train-014050_b_medium_caf9e37e62a7,completed,True,False,True,True,ok,True,False,-11,True,True,solution_below_target_length|not_checked_complex_expression,,,"Thus, \(\lfloor13.7\rfloor=13\), \(\lfloor-13.7\rfloor=-14\), \(\lfloor2.5\rfloor=2\), and \(\lfloor-4.3\rfloor=-5\)|Therefore, the expression equals \(13+(-14)+(2\times-5)=-1-10=-11\)",artifacts\phase2\phase2_verified_cot_luna_budget5_v1\raw_responses\sync\p2_r4_audit_train-014050_b_medium_caf9e37e62a7.json,072cd9c510852d7d64346c310ead7989b511a07e2aefe820d8219f761077ce2b
train-014215,low,a,p2_r4_audit_train-014215_a_low_c2051f7ec7c8,completed,True,False,True,True,ok,True,False,32003,False,False,label_mismatch|not_checked_complex_expression,8281+17161=32003,,"a^2+b^2+c^2=81^2+91^2+131^2=6561+8281+17161=32003|The squares sum as 6561 + 8281 = 14842, and 14842 + 17161 = 32003.",artifacts\phase2\phase2_verified_cot_luna_budget5_v1\raw_responses\sync\p2_r4_audit_train-014215_a_low_c2051f7ec7c8.json,ce7d78255a1b24390732254293e74d7ff0a6f62d09460825ce291342caef0687
train-014215,medium,a,p2_r4_audit_train-014215_a_medium_fc5ab2dff2f5,incomplete,False,True,False,False,response_incomplete:max_output_tokens,False,False,,False,False,response_incomplete:max_output_tokens,,,,artifacts\phase2\phase2_verified_cot_luna_budget5_v1\raw_responses\sync\p2_r4_audit_train-014215_a_medium_fc5ab2dff2f5.json,4bc9ed5a488b8840ec6213a53a3f8aa6023bbc26ccd38ec80e206ec659be4651
train-014215,low,b,p2_r4_audit_train-014215_b_low_8e843703bbbf,completed,True,False,True,True,ok,True,False,23203,False,False,label_mismatch|not_checked_complex_expression,8281+12321=23203,,"a^2+b^2+c^2=51^2+91^2+111^2|Computing gives \(2601+8281+12321=23203\)|2601 + 8281 = 10882, and 10882 + 12321 = 23203.",artifacts\phase2\phase2_verified_cot_luna_budget5_v1\raw_responses\sync\p2_r4_audit_train-014215_b_low_8e843703bbbf.json,2d079ca4541fb24d0563caaff36bbc3cb3f1df5ae01c59626923b4082b627cab
train-014215,medium,b,p2_r4_audit_train-014215_b_medium_952c456e5d40,incomplete,False,True,False,False,response_incomplete:max_output_tokens,False,False,,False,False,response_incomplete:max_output_tokens,,,,artifacts\phase2\phase2_verified_cot_luna_budget5_v1\raw_responses\sync\p2_r4_audit_train-014215_b_medium_952c456e5d40.json,54967295a3d65a396f6f1c5fe2976a15ea957e04e0f76b51e56c9fda45787e6a
train-014786,low,a,p2_r4_audit_train-014786_a_low_7cf7d9592be5,completed,True,False,True,True,unit_or_prose_output,False,True,undefined,False,False,unit_or_prose_output|unit_or_prose_output|label_mismatch|not_checked_complex_expression,,,"Let v=2x+y, so 3x-y=5x-v|f(x)+f(v)-f(5x-v)=5x^2+5xv-3v^2+2|Setting v=0 gives f(5x)=f(x)+1-5x^2|f(1)+f(5)-f(0)=-43, hence f(1)=-19|However, using x=1,v=2 and x=1,v=3 gives respectively|f(1)+f(2)-f(3)=5,|f(1)+f(3)-f(2)=-5|Adding yields f(1)=0, a contradiction",artifacts\phase2\phase2_verified_cot_luna_budget5_v1\raw_responses\sync\p2_r4_audit_train-014786_a_low_7cf7d9592be5.json,b554cf425782a44f3e328073e65affd54fa2d30edbb96bdd80af99c80a40c9b1
train-014786,medium,a,p2_r4_audit_train-014786_a_medium_6c77f291ed0f,completed,True,False,True,True,unit_or_prose_output,False,True,undefined (no such function),False,False,unit_or_prose_output|unit_or_prose_output|label_mismatch|not_checked_complex_expression,,,"Set x=0|\[f(0)+f(y)+3y^2=f(-y)+2.\]|Taking y=0 gives f(0)=2|\[f(y)-f(-y)=-3y^2.\]|\[f(-y)-f(y)=-3y^2,\]|which implies f(y)-f(-y)=3y^2|Using y=1 gives f(1)-f(-1)=-3, while y=-1 gives f(1)-f(-1)=3, directly confirming the contradiction.",artifacts\phase2\phase2_verified_cot_luna_budget5_v1\raw_responses\sync\p2_r4_audit_train-014786_a_medium_6c77f291ed0f.json,58dc283827bd0da00a5db2f2025d8f0ac0bd71890d94a2636dbae99e85cc66f4
train-014786,low,b,p2_r4_audit_train-014786_b_low_698a86f2fdbc,completed,True,False,True,True,unit_or_prose_output,False,True,undefined (no such function exists),False,False,unit_or_prose_output|unit_or_prose_output|label_mismatch|not_checked_complex_expression,,,"Set x=y=0 to obtain f(0)=2|Taking y=-2x gives f(x)+f(0)-2x^2=f(5x)+3x^2+2, hence f(5x)=f(x)-5x^2|Taking y=3x gives f(x)+f(5x)+48x^2=f(0)+3x^2+2, so substituting the previous relation yields f(x)=2-20x^2, an even function|However, setting x=0 in the original equation gives f(y)-f(-y)=-3y^2, which is nonzero for y\ne0 and contradicts evenness|For y=1, the derived even formula gives f(1)-f(-1)=0, while x=0 requires f(1)-f(-1)=-3, confirming the contradiction.",artifacts\phase2\phase2_verified_cot_luna_budget5_v1\raw_responses\sync\p2_r4_audit_train-014786_b_low_698a86f2fdbc.json,c273ed47fec40f9d575fd8daa36fedd4313d1eddeecd35a4a16fa2080361be96
train-014786,medium,b,p2_r4_audit_train-014786_b_medium_e1bc1ef6a8fc,completed,True,False,True,True,unit_or_prose_output,False,True,No such function exists,False,False,unit_or_prose_output|unit_or_prose_output|label_mismatch|not_checked_complex_expression,,,"Set x=y=0 in the equation to obtain f(0)=2|Next set x=0|2+f(y)+3y^2=f(-y)+2,|so f(y)-f(-y)=-3y^2|Replacing y by -y gives f(-y)-f(y)=-3y^2|Adding these two equalities yields 0=-6y^2, which is false for any nonzero y|Taking y=1 gives both f(1)-f(-1)=-3 and f(-1)-f(1)=-3, whose sum is the contradiction 0=-6.",artifacts\phase2\phase2_verified_cot_luna_budget5_v1\raw_responses\sync\p2_r4_audit_train-014786_b_medium_e1bc1ef6a8fc.json,28e2a1bd1da6b788a7318bf9bdb7393870241703710ad636c56d3a8c812a855e
train-014814,low,a,p2_r4_audit_train-014814_a_low_6792ce7386cf,completed,True,False,True,True,ok,True,False,0,True,False,abnormal_unicode|not_checked_complex_expression,,,"d=\sqrt{r^2-\left(\frac{L}{2}\right)^2}=\sqrt{4-3}=1|Writing the line as \(ax-y+3=0\), its distance from \((1,2)\) is|\frac{|a(1)-2+3|}{\sqrt{a^2+1}}=\frac{|a+1|}{\sqrt{a^2+1}}.|Setting this equal to 1 and squaring gives \((a+1)^2=a^2+1\), so \(2a=0\)|Therefore, \(a=0\)|For \(a=0\), the line is \(y=3\), whose distance from the center is 1|Thus its chord length is \(2\sqrt{2^2-1^2}=2\sqrt3\), as required.",artifacts\phase2\phase2_verified_cot_luna_budget5_v1\raw_responses\sync\p2_r4_audit_train-014814_a_low_6792ce7386cf.json,934f01a194ff62583ac7241b1d7a3e28309bb63a04f2908932eda41711ef3461
train-014814,medium,a,p2_r4_audit_train-014814_a_medium_eaf27f50905d,completed,True,False,True,True,ok,True,False,0,True,False,abnormal_unicode|not_checked_complex_expression,,,"The circle has center (1,2) and radius r=2|If the perpendicular distance from the center to the line is d, the chord length is L=2\sqrt{r^2-d^2}. Thus|2\sqrt3=2\sqrt{4-d^2}\quad\Rightarrow\quad d=1|Writing the line as ax-y+3=0, its distance from (1,2) is|\frac{|a-2+3|}{\sqrt{a^2+1}}=\frac{|a+1|}{\sqrt{a^2+1}}.|Setting this equal to 1 gives (a+1)^2=a^2+1, so 2a=0 and therefore a=0|Independently, a=0 gives y=3, one unit from the center, producing chord length 2\sqrt{4-1}=2\sqrt3|For a=0, the line y=3 is distance 1 from the center (1,2), so its chord length is 2√(4-1)=2√3.",artifacts\phase2\phase2_verified_cot_luna_budget5_v1\raw_responses\sync\p2_r4_audit_train-014814_a_medium_eaf27f50905d.json,a2238bd44025d9e2152c0e78c44580153a4c11fcc1dadc70e472f69cbf5ae46e
train-014814,low,b,p2_r4_audit_train-014814_b_low_b56bba03f3ff,completed,True,False,True,True,ok,True,False,0,True,False,abnormal_unicode|not_checked_complex_expression,,,"d=\sqrt{2^2-\left(\frac{2\sqrt3}{2}\right)^2}=\sqrt{4-3}=1|Writing the line as \(ax-y+3=0\), its distance from \((1,2) is|\frac{|a(1)-2+3|}{\sqrt{a^2+1}}=\frac{|a+1|}{\sqrt{a^2+1}}.|Thus \((a+1)^2=a^2+1\), so \(2a=0\), giving \(a=0\)|For \(a=0\), the line is \(y=3\), one unit from the center|Hence its chord length is \(2\sqrt{2^2-1^2}=2\sqrt3\), as required.",artifacts\phase2\phase2_verified_cot_luna_budget5_v1\raw_responses\sync\p2_r4_audit_train-014814_b_low_b56bba03f3ff.json,d2306262f4b9913caeca2cd31c340090f0cff56296e40870966b0370e435ec8a
train-014814,medium,b,p2_r4_audit_train-014814_b_medium_961ec0e883f4,completed,True,False,True,True,ok,True,False,0,True,True,not_checked_complex_expression,,,"For a chord of length L in a circle of radius r, the perpendicular distance d from the center to the chord satisfies d^2+(L/2)^2=r^2|sqrt(3))^2=4, so d=1|Writing the line as ax-y+3=0, its distance from (1,2) is |a-2+3|/sqrt(a^2+1)=|a+1|/sqrt(a^2+1)|Setting this equal to 1 gives (a+1)^2=a^2+1, hence 2a=0 and a=0|For a=0, the line y=3 is indeed one unit from the center, producing the required chord|For y=3, the center-to-line distance is 1, so the chord length is 2sqrt(2^2-1^2)=2sqrt(3).",artifacts\phase2\phase2_verified_cot_luna_budget5_v1\raw_responses\sync\p2_r4_audit_train-014814_b_medium_961ec0e883f4.json,e0518bcbc8ed5bcde6dcafee4effaf0c9bfa3f807236424c9ae3c4223d79389d
train-015243,low,a,p2_r4_audit_train-015243_a_low_e408c6f00f1a,completed,True,False,True,True,noncanonical_integer_output,False,True,$400,False,False,noncanonical_integer_output|noncanonical_integer_output|label_mismatch|solution_below_target_length|not_checked_complex_expression,,,"$750 + $100 + $50 = $900|Daria pays $500 immediately, so the remaining balance is $900 - $500 = $400",artifacts\phase2\phase2_verified_cot_luna_budget5_v1\raw_responses\sync\p2_r4_audit_train-015243_a_low_e408c6f00f1a.json,cf261fe03cd19d7137983d59073b2150f56853f06dfd940e287262b33d155324
train-015243,medium,a,p2_r4_audit_train-015243_a_medium_25c60afaaf1d,completed,True,False,True,True,noncanonical_integer_output,False,True,$400,False,False,noncanonical_integer_output|noncanonical_integer_output|label_mismatch|solution_below_target_length|not_checked_complex_expression,,,"$750 + $100 + $50 = $900|Daria pays $500 initially, so the unpaid balance before interest is $900 - $500 = $400",artifacts\phase2\phase2_verified_cot_luna_budget5_v1\raw_responses\sync\p2_r4_audit_train-015243_a_medium_25c60afaaf1d.json,f92507ca4d6db3155c7ca0abcb6623a514caa4c79c0eab5f8d7e56f972796756
train-015243,low,b,p2_r4_audit_train-015243_b_low_53a54784f0a6,completed,True,False,True,True,noncanonical_integer_output,False,True,$400,False,False,noncanonical_integer_output|noncanonical_integer_output|label_mismatch|solution_below_target_length|not_checked_complex_expression,,,"$750 + $100 + $50 = $900|Daria pays $500 immediately, so the unpaid amount before any interest is $900 - $500 = $400|The initial payment plus the remaining balance is $500 + $400 = $900, matching the total purchase cost.",artifacts\phase2\phase2_verified_cot_luna_budget5_v1\raw_responses\sync\p2_r4_audit_train-015243_b_low_53a54784f0a6.json,44571af0be59a50ff99af0c7a5b6341faa506269db597af3f8d1adf22a4d385c
train-015243,medium,b,p2_r4_audit_train-015243_b_medium_d7d2f8ca5a84,completed,True,False,True,True,noncanonical_integer_output,False,True,$400,False,False,noncanonical_integer_output|noncanonical_integer_output|label_mismatch|solution_below_target_length|not_checked_complex_expression,,,"$750 + $100 + $50 = $900|Daria pays $500 immediately, so the unpaid balance before interest is $900 - $500 = $400|The initial payment plus the unpaid balance is $500 + $400 = $900, matching the total purchase cost.",artifacts\phase2\phase2_verified_cot_luna_budget5_v1\raw_responses\sync\p2_r4_audit_train-015243_b_medium_d7d2f8ca5a84.json,96e28bb13d8d60b0b211881ee6a919fc1d0f1332448749aab764947faecad2ca
train-015366,low,a,p2_r4_audit_train-015366_a_low_7e73a6cb06e0,completed,True,False,True,True,ok,True,False,3750,True,True,not_checked_complex_expression,,,\[15\times25\times10=3750.\],artifacts\phase2\phase2_verified_cot_luna_budget5_v1\raw_responses\sync\p2_r4_audit_train-015366_a_low_7e73a6cb06e0.json,9a498d3f1e4156931d11b279d50f0eded61d649eb98894bdce03ee11754a9cd1
train-015366,medium,a,p2_r4_audit_train-015366_a_medium_9889f5d3067f,completed,True,False,True,True,ok,True,False,3750,True,True,not_checked_complex_expression,,,15\times25\times10=3750,artifacts\phase2\phase2_verified_cot_luna_budget5_v1\raw_responses\sync\p2_r4_audit_train-015366_a_medium_9889f5d3067f.json,0a9773019630b076fa686a3c2f7d6def7a65976012e45d81b422aec272992ea2
train-015366,low,b,p2_r4_audit_train-015366_b_low_35017c4ca6d6,completed,True,False,True,True,ok,True,False,3750,True,True,not_checked_complex_expression,25 × 10 = 3750,,"By the multiplication principle, the number of possible ordered combinations is 15 × 25 × 10 = 3750",artifacts\phase2\phase2_verified_cot_luna_budget5_v1\raw_responses\sync\p2_r4_audit_train-015366_b_low_35017c4ca6d6.json,e37ba7938bd149e85898e8407cc386f03a49fa6f95bfa591903e6aef01629e46
train-015366,medium,b,p2_r4_audit_train-015366_b_medium_e002f1485265,completed,True,False,True,True,ok,True,False,3750,True,True,not_checked_complex_expression,25 × 10 = 3750,,15 × 25 × 10 = 3750,artifacts\phase2\phase2_verified_cot_luna_budget5_v1\raw_responses\sync\p2_r4_audit_train-015366_b_medium_e002f1485265.json,56dd366e9703dcd1a7c3159d97931bf2943dd6d86632448a9b1c8f4e93508577
train-015491,low,a,p2_r4_audit_train-015491_a_low_94dbfd7b2a26,completed,True,False,True,True,noncanonical_integer_output,False,True,$0,False,False,noncanonical_integer_output|noncanonical_integer_output|label_mismatch|not_checked_complex_expression,,,"The students’ personal goal is $6\times450=$2,700|During the first three days, they raise $600+$900+$400=$1,900|Each of the next four days brings half of this amount, or $950 per day, so those days contribute $4\times950=$3,800|Thus, the total raised is $1,900+$3,800=$5,700, exactly their goal",artifacts\phase2\phase2_verified_cot_luna_budget5_v1\raw_responses\sync\p2_r4_audit_train-015491_a_low_94dbfd7b2a26.json,72bfdfc78e66b2aba07f00e5af8c52ef49670251006fba2b6b032001d8e1d0c4
train-015491,medium,a,p2_r4_audit_train-015491_a_medium_87b309572319,completed,True,False,True,True,noncanonical_integer_output,False,True,$0,False,False,noncanonical_integer_output|noncanonical_integer_output|label_mismatch|not_checked_complex_expression,,,"The students’ total goal is $6(450)+$3000=$5700|During the first three days, they raise $600+$900+$400=$1900|Each of the next four days brings half of this amount, or $950 per day, for an additional $4(950)=$3800|Thus, their total fundraising is $1900+$3800=$5700, exactly equal to the goal|The goal and total raised are both $5700, so their difference is $5700-$5700=$0.",artifacts\phase2\phase2_verified_cot_luna_budget5_v1\raw_responses\sync\p2_r4_audit_train-015491_a_medium_87b309572319.json,ae25ad130f1d5279548e629b9228e0b3983dde2894926ac548dd2ffaf4e71a72
train-015491,low,b,p2_r4_audit_train-015491_b_low_62d23c52f389,completed,True,False,True,True,noncanonical_integer_output,False,True,$0,False,False,noncanonical_integer_output|noncanonical_integer_output|label_mismatch|not_checked_complex_expression,,,"The group’s total goal is $6(450)+$3000=$5700|During the first three days, they raise $600+$900+$400=$1900|Half of this three-day amount is $950, so over the next four days they raise $4(950)=$3800|Thus, their total fundraising is $1900+$3800=$5700, exactly equal to the goal",artifacts\phase2\phase2_verified_cot_luna_budget5_v1\raw_responses\sync\p2_r4_audit_train-015491_b_low_62d23c52f389.json,8ec6fab66a9fc4618cad0a667b7823131d841deb621907d51c06760283fc3a9a
train-015491,medium,b,p2_r4_audit_train-015491_b_medium_b48e8c94239d,completed,True,False,True,True,noncanonical_integer_output,False,True,$0,False,False,noncanonical_integer_output|noncanonical_integer_output|label_mismatch|not_checked_complex_expression,,,"The students’ total goal is $6(450) + $3000 = $5700|During the first three days, they raise $600 + $900 + $400 = $1900|Half of this is $950, so over the next four days they raise $4(950) = $3800|Thus, their total fundraising is $1900 + $3800 = $5700, exactly equal to the goal|The per-student share of the $5700 goal is $5700 ÷ 6 = $950, and the fundraiser total is also $5700, so the remaining amount is $0 per person.",artifacts\phase2\phase2_verified_cot_luna_budget5_v1\raw_responses\sync\p2_r4_audit_train-015491_b_medium_b48e8c94239d.json,163dc67b503d05b4f3faee358ab835a68a3ccfdc6e0702742a346643a7dc6a91
train-015551,low,a,p2_r4_audit_train-015551_a_low_005b66904537,completed,True,False,True,True,ok,True,False,0,True,True,,,,,artifacts\phase2\phase2_verified_cot_luna_budget5_v1\raw_responses\sync\p2_r4_audit_train-015551_a_low_005b66904537.json,04f12990786f64c12f28a612aa5c8cd5a05577ab2c63607c72a2d70aa6f706dd
train-015551,medium,a,p2_r4_audit_train-015551_a_medium_50c60704724b,completed,True,False,True,True,ok,True,False,0,True,True,not_checked_complex_expression,,,"Let \(v=(3,-1,4)^T\)|The orthogonal projection matrix onto \(\operatorname{span}(v)\) is \(P=\frac{vv^T}{v^Tv}\)|Its eigenvalues are therefore \(1,0,0\), and hence \(\det P=1\cdot0\cdot0=0\)",artifacts\phase2\phase2_verified_cot_luna_budget5_v1\raw_responses\sync\p2_r4_audit_train-015551_a_medium_50c60704724b.json,34cd808050431d06e685c522606e34ef08077b0e4f90f6c9827b5329d5e9cde6
train-015551,low,b,p2_r4_audit_train-015551_b_low_fb8efcec370a,completed,True,False,True,True,ok,True,False,0,True,True,not_checked_complex_expression,,,"Let \(v=(3,-1,4)^T\)|\mathbf P=\frac{vv^T}{v^Tv}.",artifacts\phase2\phase2_verified_cot_luna_budget5_v1\raw_responses\sync\p2_r4_audit_train-015551_b_low_fb8efcec370a.json,5d537bc72ac8d61edbc1e7444279a9b5c040b36f43d03ec7511af3c54a744a87
train-015551,medium,b,p2_r4_audit_train-015551_b_medium_8cc38326c055,completed,True,False,True,True,ok,True,False,0,True,True,not_checked_complex_expression,,,"Let \(u=(3,-1,4)^T\)|The orthogonal projection onto the span of \(u\) is \(\mathbf P=\frac{uu^T}{u^Tu}\)|Independently, a projection has eigenvalue 1 on the projected line and eigenvalue 0 on its two-dimensional orthogonal complement, giving determinant \(1\cdot0\cdot0=0\)",artifacts\phase2\phase2_verified_cot_luna_budget5_v1\raw_responses\sync\p2_r4_audit_train-015551_b_medium_8cc38326c055.json,162890dacb1c7e2c08fb43bcad1a643d860a4b070b120d52602b17ac549b06ee
train-015589,low,a,p2_r4_audit_train-015589_a_low_dda567bbb71a,completed,True,False,True,True,ok,True,False,0,True,True,not_checked_complex_expression,,,"x^2+8x+y^2-10y+41=(x+4)^2-16+(y-5)^2-25+41|(x+4)^2+(y-5)^2=0|Comparing with \((x-h)^2+(y-k)^2=r^2\), we get \(r^2=0"", so the radius is \(r=0\)",artifacts\phase2\phase2_verified_cot_luna_budget5_v1\raw_responses\sync\p2_r4_audit_train-015589_a_low_dda567bbb71a.json,a415da51a8b1621a2df9907bf04fa5114038fa757f286bb4f5bcb9230874c8db
train-015589,medium,a,p2_r4_audit_train-015589_a_medium_6d95550575e5,completed,True,False,True,True,ok,True,False,0,True,True,solution_below_target_length|not_checked_complex_expression,25-41=0|2-41=16|25-41=0,,"\[(x^2+8x+16)+(y^2-10y+25)=16+25-41=0.\]|Thus, \((x+4)^2+(y-5)^2=0\), which has center \((-4,5)\) and radius \(r=0\)|Using the formula \(r^2=(8/2)^2+(-10/2)^2-41=16+25-41=0\), so \(r=0\).",artifacts\phase2\phase2_verified_cot_luna_budget5_v1\raw_responses\sync\p2_r4_audit_train-015589_a_medium_6d95550575e5.json,b1c3488e3192b0a87ecfc9dcb4ee81908965616042a1e6d7f25e518adcdd9ed4
train-015589,low,b,p2_r4_audit_train-015589_b_low_fc467301fb07,completed,True,False,True,True,ok,True,False,0,True,True,not_checked_complex_expression,2-41=16|25-41=0,,"x^2+8x+y^2-10y+41=(x+4)^2-16+(y-5)^2-25+41|(x+4)^2+(y-5)^2=0|Comparing with \((x-h)^2+(y-k)^2=r^2\), we get \(r^2=0\), so the circle is degenerate and has radius 0|As a check, the formula gives \(r^2=(8/2)^2+(-10/2)^2-41=16+25-41=0\)|Using the standard radius formula independently gives r² = 16 + 25 - 41 = 0, confirming r = 0.",artifacts\phase2\phase2_verified_cot_luna_budget5_v1\raw_responses\sync\p2_r4_audit_train-015589_b_low_fc467301fb07.json,9cdcfcc8f1b93aa72ec072138905788891f7ddd7626b388ed4c9565ff7cd6762
train-015589,medium,b,p2_r4_audit_train-015589_b_medium_45655f6dc37b,completed,True,False,True,True,ok,True,False,0,True,True,not_checked_complex_expression,2-41=16|25-41=0,,"x^2+8x+y^2-10y+41=(x+4)^2-16+(y-5)^2-25+41|(x+4)^2+(y-5)^2=0|Comparing with the circle form \((x-h)^2+(y-k)^2=r^2\), we get \(r^2=0\), so the circle is degenerate and has radius 0|Independently, \(r^2=(8/2)^2+(-10/2)^2-41=16+25-41=0\), confirming the result|Both completing the square and the standard radius formula give r^2=0.",artifacts\phase2\phase2_verified_cot_luna_budget5_v1\raw_responses\sync\p2_r4_audit_train-015589_b_medium_45655f6dc37b.json,c4995050fba8a34e64272fff4328fdc8b48bf7e24e04a0c38e6deb5724e69556
train-015648,low,a,p2_r4_audit_train-015648_a_low_9132685a81bd,completed,True,False,True,True,unit_or_prose_output,False,True,33%,False,False,unit_or_prose_output|unit_or_prose_output|label_mismatch|not_checked_complex_expression,34 + 30 = 96|32/96 = 1,,"After losing 8 water-type cards, James has 40 - 8 = 32 water cards|After buying 14 grass-type cards, he has 20 + 14 = 34 grass cards, while the 30 fire cards remain unchanged|The total is 32 + 34 + 30 = 96 cards|Thus, the probability of selecting a water-type card is 32/96 = 1/3, or 33.33%, which rounds to 33%.",artifacts\phase2\phase2_verified_cot_luna_budget5_v1\raw_responses\sync\p2_r4_audit_train-015648_a_low_9132685a81bd.json,8e997e99f6c63147d049cbefc41b0a53b2d0ab396aa5cabc736e08f745a899d0
train-015648,medium,a,p2_r4_audit_train-015648_a_medium_3d752550c3c3,completed,True,False,True,True,unit_or_prose_output,False,True,33%,False,False,unit_or_prose_output|unit_or_prose_output|label_mismatch|not_checked_complex_expression,34 + 32 = 96,,"After losing 8 water-type cards, James has 40 - 8 = 32 water-type cards|After buying 14 grass-type cards, he has 20 + 14 = 34 grass-type cards|The total number of cards is 30 + 34 + 32 = 96|Thus, the chance of picking a water-type card is \(\frac{32}{96} \times 100\% = 33.33\%\), which rounds to 33%.",artifacts\phase2\phase2_verified_cot_luna_budget5_v1\raw_responses\sync\p2_r4_audit_train-015648_a_medium_3d752550c3c3.json,78b0c6b80b8f729253431653c8b08a187a4e49ed35ce3ad727ed6579d231aa7e
train-015648,low,b,p2_r4_audit_train-015648_b_low_4407438b9ba9,completed,True,False,True,True,unit_or_prose_output,False,True,33%,False,False,unit_or_prose_output|unit_or_prose_output|label_mismatch|not_checked_complex_expression,34 + 30 = 96|32/96 = 1,,"After the changes, James has 32 water cards because 40 - 8 = 32|He has 34 grass cards because 20 + 14 = 34, while the 30 fire cards remain unchanged|Thus, the total number of cards is 32 + 34 + 30 = 96|The chance of choosing a water card is 32/96 = 1/3 = 33.33%, which rounds to 33%.",artifacts\phase2\phase2_verified_cot_luna_budget5_v1\raw_responses\sync\p2_r4_audit_train-015648_b_low_4407438b9ba9.json,eb491787ef7739b904dfddbf96c7093b5b5e227b3a02cd02209f5a04a2061b66
train-015648,medium,b,p2_r4_audit_train-015648_b_medium_d7c56c0eed52,completed,True,False,True,True,unit_or_prose_output,False,True,33%,False,False,unit_or_prose_output|unit_or_prose_output|label_mismatch|solution_below_target_length|not_checked_complex_expression,32 + 34 = 96|32/96 = 1,,"After the changes, James has 40 - 8 = 32 water cards and 20 + 14 = 34 grass cards|The total number of cards is 30 + 32 + 34 = 96|Thus, the chance of selecting a water card is 32/96 = 1/3 = 33.33%, which rounds to 33%.",artifacts\phase2\phase2_verified_cot_luna_budget5_v1\raw_responses\sync\p2_r4_audit_train-015648_b_medium_d7c56c0eed52.json,811de0b2796265294bf83aba5f107f235809f9ca69ca3dc64675cb021eb083d6
train-015695,low,a,p2_r4_audit_train-015695_a_low_b6825c024042,completed,True,False,True,True,unit_or_prose_output,False,True,No such positive integer exists.,False,False,unit_or_prose_output|unit_or_prose_output|label_mismatch|not_checked_complex_expression,,,"However, C=123456 is even, so CD is even",artifacts\phase2\phase2_verified_cot_luna_budget5_v1\raw_responses\sync\p2_r4_audit_train-015695_a_low_b6825c024042.json,67e64a2dbf56b4d713b8b71ad54086738ec9da3be4cd99798bf69a59c5c7a661
train-015695,medium,a,p2_r4_audit_train-015695_a_medium_901038321b45,completed,True,False,True,True,unit_or_prose_output,False,True,No such positive integer exists.,False,False,unit_or_prose_output|unit_or_prose_output|label_mismatch|not_checked_complex_expression,,,"Since C = 123456 is even, CD is even, regardless of D",artifacts\phase2\phase2_verified_cot_luna_budget5_v1\raw_responses\sync\p2_r4_audit_train-015695_a_medium_901038321b45.json,bb27148afc7c5d48dd60f489ce4c26af2b61517fec54790ee6d506ce046324d7
train-015695,low,b,p2_r4_audit_train-015695_b_low_c05f39fa734f,completed,True,False,True,True,unit_or_prose_output,False,True,No such positive integer exists.,False,False,unit_or_prose_output|unit_or_prose_output|label_mismatch|not_checked_complex_expression,,,"Since $C=123456$ is even, the product $CD$ is even|However, a congruence $MCD\equiv 1\pmod{1,000,000}$ would require $MCD=1,000,000k+1$, which is odd because $1,000,000k$ is even",artifacts\phase2\phase2_verified_cot_luna_budget5_v1\raw_responses\sync\p2_r4_audit_train-015695_b_low_c05f39fa734f.json,c5556135afd93b592e3d1c4af741f58f8efa81b2acd856189333d21fe14bcd35
train-015695,medium,b,p2_r4_audit_train-015695_b_medium_6ff975e0e088,completed,True,False,True,True,unit_or_prose_output,False,True,No such integer exists,False,False,unit_or_prose_output|unit_or_prose_output|label_mismatch|not_checked_complex_expression,,,"Since C=123456 is even and D=142857 is odd, CD is even",artifacts\phase2\phase2_verified_cot_luna_budget5_v1\raw_responses\sync\p2_r4_audit_train-015695_b_medium_6ff975e0e088.json,02f67f99f319beaa9564c107bc81d84cc902766d29ede163a6a5d569a2a880ba
train-016067,low,a,p2_r4_audit_train-016067_a_low_15161a9f4bb5,completed,True,False,True,True,ok,True,False,-255,True,True,solution_below_target_length|not_checked_complex_expression,300-72=117|4+108=117,,"\(80/16=5\), \(100\div25=4\), \(6^2\cdot3=36\cdot3=108\), and \((324/9)\cdot2=36\cdot2=72\)|Thus the expression is \(5+4+108-300-72=117-372=-255\)|The positive terms total \(5+4+108=117\), while the subtracted terms total \(300+72=372\)|\(117-372=-255\).",artifacts\phase2\phase2_verified_cot_luna_budget5_v1\raw_responses\sync\p2_r4_audit_train-016067_a_low_15161a9f4bb5.json,6017bd9975664ed2c3c254831cec2d49e6a56377212620c514964fc1fe1f755a
train-016067,medium,a,p2_r4_audit_train-016067_a_medium_8acbbbb9701c,completed,True,False,True,True,ok,True,False,-255,True,True,solution_below_target_length|not_checked_complex_expression,-300-72=5|300-72=117|4+108=117,,"\(6^2=36\), \(80/16=5\), \(100\div25=4\), and \((324/9)\cdot2=36\cdot2=72\)|Thus the expression is \(5+4+(36\cdot3)-300-72=5+4+108-300-72=117-372=-255\)|The positive terms total \(5+4+108=117\), while the subtracted terms total \(300+72=372\)|\(117-372=-255\).",artifacts\phase2\phase2_verified_cot_luna_budget5_v1\raw_responses\sync\p2_r4_audit_train-016067_a_medium_8acbbbb9701c.json,ee0f1a689b22a4bb94e028120050a34c88df8853d812018b3ba83be9edeaccc9
train-016067,low,b,p2_r4_audit_train-016067_b_low_fd446cd814a1,completed,True,False,True,True,ok,True,False,-255,True,True,solution_below_target_length|not_checked_complex_expression,300-72=117|4+108=117,,"\(6^2\cdot3=36\cdot3=108\), \(80/16=5\), \(100\div25=4\), and \((324/9)\cdot2=36\cdot2=72\)|Substituting gives \(5+4+108-300-72=117-372=-255\)|The positive terms total \(5+4+108=117\), while the subtracted terms total \(300+72=372\)|\(117-372=-255\).",artifacts\phase2\phase2_verified_cot_luna_budget5_v1\raw_responses\sync\p2_r4_audit_train-016067_b_low_fd446cd814a1.json,21b8259e186f514981abeb402069874e86cc1e381fa5a0982c6cbfcdf8559c3d
train-016067,medium,b,p2_r4_audit_train-016067_b_medium_ae10a2751303,completed,True,False,True,True,ok,True,False,-255,True,True,solution_below_target_length|not_checked_complex_expression,4+108=117,,"6^2=36, 80/16=5, 100/25=4, and 324/9=36|Thus the expression becomes 5+4+(36\cdot3)-300-(36\cdot2)=5+4+108-300-72|Combining the positive terms gives 117, while the subtracted terms total 372, so the result is 117-372=-255|Independently, 5+4+108=117 and 300+72=372",artifacts\phase2\phase2_verified_cot_luna_budget5_v1\raw_responses\sync\p2_r4_audit_train-016067_b_medium_ae10a2751303.json,8dd7724091a60eef24c30979cc4cc8678be40a9c8a89c721b7e4f815b3e989ed
train-016338,low,a,p2_r4_audit_train-016338_a_low_d789de13a16c,completed,True,False,True,True,unit_or_prose_output,False,True,undefined,False,False,unit_or_prose_output|unit_or_prose_output|label_mismatch,,,,artifacts\phase2\phase2_verified_cot_luna_budget5_v1\raw_responses\sync\p2_r4_audit_train-016338_a_low_d789de13a16c.json,1951e61b5141b47ea574eedb0f8b0b634e765c06bbe696cea80673c161ed27ff
train-016338,medium,a,p2_r4_audit_train-016338_a_medium_dbb504daa898,completed,True,False,True,True,unit_or_prose_output,False,True,undefined,False,False,unit_or_prose_output|unit_or_prose_output|label_mismatch,,,,artifacts\phase2\phase2_verified_cot_luna_budget5_v1\raw_responses\sync\p2_r4_audit_train-016338_a_medium_dbb504daa898.json,c7fcc3f118ec1a3fb7aa1e52595da9ea03e8dd75b26104d19af5165558d242a9
train-016338,low,b,p2_r4_audit_train-016338_b_low_e2a35c65d56e,completed,True,False,True,True,unit_or_prose_output,False,True,undefined,False,False,unit_or_prose_output|unit_or_prose_output|label_mismatch,,,,artifacts\phase2\phase2_verified_cot_luna_budget5_v1\raw_responses\sync\p2_r4_audit_train-016338_b_low_e2a35c65d56e.json,6585baa9679862bf599c1f54090dc430f6162c16e3e0fa761832c6e114594c18
train-016338,medium,b,p2_r4_audit_train-016338_b_medium_c0886e20ec06,completed,True,False,True,True,unit_or_prose_output,False,True,undefined,False,False,unit_or_prose_output|unit_or_prose_output|label_mismatch,,,,artifacts\phase2\phase2_verified_cot_luna_budget5_v1\raw_responses\sync\p2_r4_audit_train-016338_b_medium_c0886e20ec06.json,9f67c302a7a9703cf6c15ceb320d1f3d232f545e72ddee4ceead9a85247ef096
train-016806,low,a,p2_r4_audit_train-016806_a_low_497982140f74,completed,True,False,True,True,unit_or_prose_output,False,True,52 inches,False,False,unit_or_prose_output|unit_or_prose_output|label_mismatch|solution_below_target_length|not_checked_complex_expression,3+4=52|13+9=52,,10+9+11+6+7+2+3+4=52|Grouping the terms gives (10+9+11)+(6+7)+(2+3+4)=30+13+9=52 inches.,artifacts\phase2\phase2_verified_cot_luna_budget5_v1\raw_responses\sync\p2_r4_audit_train-016806_a_low_497982140f74.json,7d496905dbe8515762bbf9ef34a0bad5499197d5657abfa55c7f6af61d9e8d0d
train-016806,medium,a,p2_r4_audit_train-016806_a_medium_90465b1f2889,completed,True,False,True,True,unit_or_prose_output,False,True,52 inches,False,False,unit_or_prose_output|unit_or_prose_output|label_mismatch|solution_below_target_length|not_checked_complex_expression,3+4=52|13+9=52,,10+9+11+6+7+2+3+4=52|Grouping the lengths gives (10+9+11)+(6+7)+(2+3+4)=30+13+9=52 inches.,artifacts\phase2\phase2_verified_cot_luna_budget5_v1\raw_responses\sync\p2_r4_audit_train-016806_a_medium_90465b1f2889.json,44b9c7d02bdb1c525392623948e00f58feb5a595f15a2b5ee4b5c05437f12a54
train-016806,low,b,p2_r4_audit_train-016806_b_low_aeea0abfba1a,completed,True,False,True,True,unit_or_prose_output,False,True,52 inches,False,False,unit_or_prose_output|unit_or_prose_output|label_mismatch|solution_below_target_length|not_checked_complex_expression,3 + 4 = 52|10 + 5 = 52,,10 + 9 + 11 + 6 + 7 + 2 + 3 + 4 = 52|Regrouping gives (10 + 11) + (9 + 7) + (6 + 4) + (2 + 3) = 21 + 16 + 10 + 5 = 52 inches.,artifacts\phase2\phase2_verified_cot_luna_budget5_v1\raw_responses\sync\p2_r4_audit_train-016806_b_low_aeea0abfba1a.json,3b7d8d80570942906954ce9d9ef14fc9aecee4fd9a2923fec0eee6a72c1c168b
train-016806,medium,b,p2_r4_audit_train-016806_b_medium_cad1229e9e36,completed,True,False,True,True,unit_or_prose_output,False,True,52 inches,False,False,unit_or_prose_output|unit_or_prose_output|label_mismatch|solution_below_target_length|not_checked_complex_expression,3+4=52|9+11=30|3+4=22,,10+9+11+6+7+2+3+4=52|Grouping the lengths as 10+9+11=30 and 6+7+2+3+4=22 gives 30+22=52 inches.,artifacts\phase2\phase2_verified_cot_luna_budget5_v1\raw_responses\sync\p2_r4_audit_train-016806_b_medium_cad1229e9e36.json,1a4062d7b8b68bb1b7706cf45035fbe09b77ca4d861207e36ca4b0d8ddcbd758
train-016837,low,a,p2_r4_audit_train-016837_a_low_ec2f32c5a31a,completed,True,False,True,True,unit_or_prose_output,False,True,Day 6; 1050 yuan,False,False,unit_or_prose_output|unit_or_prose_output|label_mismatch|not_checked_complex_expression,,,"t(x)=\begin{cases}(44+x)(48-x),&1\le x\le6,\\(56-x)(48-x),&7\le x\le8,\\(56-x)(32+x),&9\le x\le20|(II) On day 7, \(p=56-7=49\) yuan and \(q=48-7=41\) units|Therefore the profit is \((49-25)\cdot41=984\) yuan|(III) Profit is \(\pi=(p-25)q\)|On days 1-6, \(\pi=(19+x)(48-x)=912+29x-x^2\), which increases through day 6, giving \(\pi(6)=1050\)|On days 7-8 it decreases, and on days 9-20, \(\pi=(31-x)(32+x)=992-x-x^2\), also decreases|At day 6, price is 50 yuan and volume is 42 units, so profit is (50-25)×42=1050 yuan, exceeding the neighboring day-7 profit of 984 yuan.",artifacts\phase2\phase2_verified_cot_luna_budget5_v1\raw_responses\sync\p2_r4_audit_train-016837_a_low_ec2f32c5a31a.json,539ab60b528e78ec2cda00826e6e71e9a40d0e17dd66f89bfc43a3918fd1f171
train-016837,medium,a,p2_r4_audit_train-016837_a_medium_43a3b41b664b,completed,True,False,True,True,comma_integer_output,False,True,"t(x)=\begin{cases}(44+x)(48-x),&1\le x\le6\\(56-x)(48-x),&6<x\le8\\(56-x)(32+x),&8<x\le20\end{cases};\ 984\text{ yuan};\ x=6,\ 1050\text{ yuan}",False,False,comma_integer_output|comma_integer_output|label_mismatch|not_checked_complex_expression,,,"\[t(x)=\begin{cases}(44+x)(48-x),&1\le x\le6,\\(56-x)(48-x),&6<x\le8,\\(56-x)(32+x),&8<x\le20.\end{cases}\]|(II) On day 7, the price is 49 and volume is 41, so profit is \((49-25)\cdot41=984\) yuan|\((50-25)\cdot42=1050\) yuan|At day 6, profit is 25×42=1050",artifacts\phase2\phase2_verified_cot_luna_budget5_v1\raw_responses\sync\p2_r4_audit_train-016837_a_medium_43a3b41b664b.json,1b864289a0a8d7a490adf70ef3b48e073df4d4f736f1a7706e24065fdf8b15e7
train-016837,low,b,p2_r4_audit_train-016837_b_low_21c329068ba1,completed,True,False,True,True,unit_or_prose_output,False,True,Day 6; 1050 yuan,False,False,unit_or_prose_output|unit_or_prose_output|label_mismatch|not_checked_complex_expression,,,"t(x)=\begin{cases}(44+x)(48-x),&1\le x\le6,\\(56-x)(48-x),&6<x\le8,\\(56-x)(32+x),&8<x\le20.\end{cases}|(II) On day 7, \(p=56-7=49\) and \(q=48-7=41\), so the profit is|\[(49-25)\cdot41=984\text{ yuan}.\]|On days 1-6 it is \((19+x)(48-x)\), which increases up to day 6, giving \(25\cdot42=1050\)|On days 7-8 it decreases, and on days 9-20 it is \((31-x)(32+x)=992-x-x^2\), which decreases|At day 6, price is 50 yuan and volume is 42 units, so profit is (50-25)×42=1050 yuan, exceeding the adjacent day-7 profit of 984 yuan.",artifacts\phase2\phase2_verified_cot_luna_budget5_v1\raw_responses\sync\p2_r4_audit_train-016837_b_low_21c329068ba1.json,a2800fe1a2e56800b6f728dbf7d27dd89883f2f529e5b1c39b281ee6ec6a01b2
train-016837,medium,b,p2_r4_audit_train-016837_b_medium_395c2caf32c9,completed,True,False,True,True,comma_integer_output,False,True,"t(x)=\begin{cases}(44+x)(48-x),&1\le x\le6\\(56-x)(48-x),&6<x\le8\\(56-x)(32+x),&8<x\le20\end{cases};\ 984\text{ yuan};\ \text{day }6,\ 1050\text{ yuan}",False,False,comma_integer_output|comma_integer_output|label_mismatch|not_checked_complex_expression,,,"t(x)=\begin{cases}(44+x)(48-x),&1\le x\le6,\\(56-x)(48-x),&6<x\le8,\\(56-x)(32+x),&8<x\le20|On day 7, \(p=49\) and \(q=41\), so the profit is \((49-25)\cdot41=984\) yuan|Thus the maximum occurs on day 6, with profit \((50-25)\cdot42=1050\) yuan|At day 6, price is 50, volume is 42, so profit is 25\times42=1050 yuan, exceeding the maxima from the other ranges.",artifacts\phase2\phase2_verified_cot_luna_budget5_v1\raw_responses\sync\p2_r4_audit_train-016837_b_medium_395c2caf32c9.json,b6b7e3787a2a1224aa654aa81f760ee9fecb0dce334db86f9c0cce2f5f701d12
